segment	0	((-2 : ℚ) / 1)	((-63 : ℚ) / 32)	8	0	1
segment	1	((-63 : ℚ) / 32)	((-31 : ℚ) / 16)	8	0	1
segment	2	((-31 : ℚ) / 16)	((-61 : ℚ) / 32)	8	0	1
segment	3	((-61 : ℚ) / 32)	((-15 : ℚ) / 8)	8	0	1
segment	4	((-15 : ℚ) / 8)	((-59 : ℚ) / 32)	8	0	3
segment	5	((-59 : ℚ) / 32)	((-29 : ℚ) / 16)	8	0	3
segment	6	((-29 : ℚ) / 16)	((-57 : ℚ) / 32)	8	0	3
segment	7	((-57 : ℚ) / 32)	((-113 : ℚ) / 64)	7	0	1
segment	8	((-113 : ℚ) / 64)	((-7 : ℚ) / 4)	7	0	3
segment	9	((-7 : ℚ) / 4)	((-111 : ℚ) / 64)	7	0	3
segment	10	((-111 : ℚ) / 64)	((-55 : ℚ) / 32)	7	0	3
segment	11	((-55 : ℚ) / 32)	((-219 : ℚ) / 128)	6	0	3
segment	12	((-219 : ℚ) / 128)	((-109 : ℚ) / 64)	6	0	3
segment	13	((-109 : ℚ) / 64)	((-217 : ℚ) / 128)	6	0	3
segment	14	((-217 : ℚ) / 128)	((-433 : ℚ) / 256)	5	0	1
segment	15	((-433 : ℚ) / 256)	((-27 : ℚ) / 16)	5	0	3
segment	16	((-27 : ℚ) / 16)	((-431 : ℚ) / 256)	5	0	3
segment	17	((-431 : ℚ) / 256)	((-215 : ℚ) / 128)	5	0	3
segment	18	((-215 : ℚ) / 128)	((-859 : ℚ) / 512)	4	0	3
segment	19	((-859 : ℚ) / 512)	((-429 : ℚ) / 256)	4	0	3
segment	20	((-429 : ℚ) / 256)	((-1715 : ℚ) / 1024)	3	0	3
segment	21	((-1715 : ℚ) / 1024)	((-857 : ℚ) / 512)	3	0	3
segment	22	((-857 : ℚ) / 512)	((-3427 : ℚ) / 2048)	2	0	3
segment	23	((-3427 : ℚ) / 2048)	((-1713 : ℚ) / 1024)	2	0	3
segment	24	((-1713 : ℚ) / 1024)	((-6851 : ℚ) / 4096)	1	0	1
segment	25	((-6851 : ℚ) / 4096)	((-3425 : ℚ) / 2048)	1	0	3
segment	26	((-3425 : ℚ) / 2048)	((-6849 : ℚ) / 4096)	1	0	3
segment	27	((-6849 : ℚ) / 4096)	((-107 : ℚ) / 64)	1	335903865330067	3
segment	28	((-107 : ℚ) / 64)	((-6847 : ℚ) / 4096)	1	1986645480695110	3
segment	29	((-6847 : ℚ) / 4096)	((-3423 : ℚ) / 2048)	1	3306603458906221	3
segment	30	((-3423 : ℚ) / 2048)	((-6845 : ℚ) / 4096)	1	3115007415529071	3
segment	31	((-6845 : ℚ) / 4096)	((-1711 : ℚ) / 1024)	1	2608786905717073	3
segment	32	((-1711 : ℚ) / 1024)	((-6843 : ℚ) / 4096)	1	2855276215522822	3
segment	33	((-6843 : ℚ) / 4096)	((-3421 : ℚ) / 2048)	1	2834074487802009	3
segment	34	((-3421 : ℚ) / 2048)	((-6841 : ℚ) / 4096)	1	2602704949530137	3
segment	35	((-6841 : ℚ) / 4096)	((-855 : ℚ) / 512)	1	2213017274267193	3
segment	36	((-855 : ℚ) / 512)	((-6839 : ℚ) / 4096)	1	3792224835181283	3
segment	37	((-6839 : ℚ) / 4096)	((-3419 : ℚ) / 2048)	1	3232583511832066	3
segment	38	((-3419 : ℚ) / 2048)	((-6837 : ℚ) / 4096)	1	2627720225107339	3
segment	39	((-6837 : ℚ) / 4096)	((-1709 : ℚ) / 1024)	1	2008249633620949	3
segment	40	((-1709 : ℚ) / 1024)	((-6835 : ℚ) / 4096)	1	1399500723880546	3
segment	41	((-6835 : ℚ) / 4096)	((-3417 : ℚ) / 2048)	1	821803807870279	3
segment	42	((-3417 : ℚ) / 2048)	((-6833 : ℚ) / 4096)	1	290829010723300	3
segment	43	((-6833 : ℚ) / 4096)	((-427 : ℚ) / 256)	1	0	3
segment	44	((-427 : ℚ) / 256)	((-6831 : ℚ) / 4096)	1	0	3
segment	45	((-6831 : ℚ) / 4096)	((-3415 : ℚ) / 2048)	1	0	3
segment	46	((-3415 : ℚ) / 2048)	((-6829 : ℚ) / 4096)	1	0	3
segment	47	((-6829 : ℚ) / 4096)	((-1707 : ℚ) / 1024)	1	0	3
segment	48	((-1707 : ℚ) / 1024)	((-6827 : ℚ) / 4096)	1	0	3
segment	49	((-6827 : ℚ) / 4096)	((-3413 : ℚ) / 2048)	1	0	3
segment	50	((-3413 : ℚ) / 2048)	((-6825 : ℚ) / 4096)	1	0	3
segment	51	((-6825 : ℚ) / 4096)	((-853 : ℚ) / 512)	1	0	3
segment	52	((-853 : ℚ) / 512)	((-6823 : ℚ) / 4096)	1	0	3
segment	53	((-6823 : ℚ) / 4096)	((-3411 : ℚ) / 2048)	1	0	3
segment	54	((-3411 : ℚ) / 2048)	((-6821 : ℚ) / 4096)	1	0	3
segment	55	((-6821 : ℚ) / 4096)	((-1705 : ℚ) / 1024)	1	0	3
segment	56	((-1705 : ℚ) / 1024)	((-6819 : ℚ) / 4096)	1	0	3
segment	57	((-6819 : ℚ) / 4096)	((-3409 : ℚ) / 2048)	1	0	3
segment	58	((-3409 : ℚ) / 2048)	((-6817 : ℚ) / 4096)	1	0	3
segment	59	((-6817 : ℚ) / 4096)	((-213 : ℚ) / 128)	1	0	3
segment	60	((-213 : ℚ) / 128)	((-6815 : ℚ) / 4096)	1	0	3
segment	61	((-6815 : ℚ) / 4096)	((-3407 : ℚ) / 2048)	1	0	3
segment	62	((-3407 : ℚ) / 2048)	((-6813 : ℚ) / 4096)	1	0	3
segment	63	((-6813 : ℚ) / 4096)	((-1703 : ℚ) / 1024)	1	0	3
segment	64	((-1703 : ℚ) / 1024)	((-6811 : ℚ) / 4096)	1	0	3
segment	65	((-6811 : ℚ) / 4096)	((-3405 : ℚ) / 2048)	1	0	3
segment	66	((-3405 : ℚ) / 2048)	((-6809 : ℚ) / 4096)	1	0	3
segment	67	((-6809 : ℚ) / 4096)	((-851 : ℚ) / 512)	1	0	3
segment	68	((-851 : ℚ) / 512)	((-6807 : ℚ) / 4096)	1	0	3
segment	69	((-6807 : ℚ) / 4096)	((-3403 : ℚ) / 2048)	1	0	3
segment	70	((-3403 : ℚ) / 2048)	((-6805 : ℚ) / 4096)	1	0	3
segment	71	((-6805 : ℚ) / 4096)	((-1701 : ℚ) / 1024)	1	0	3
segment	72	((-1701 : ℚ) / 1024)	((-6803 : ℚ) / 4096)	1	0	3
segment	73	((-6803 : ℚ) / 4096)	((-3401 : ℚ) / 2048)	1	0	3
segment	74	((-3401 : ℚ) / 2048)	((-6801 : ℚ) / 4096)	1	0	3
segment	75	((-6801 : ℚ) / 4096)	((-425 : ℚ) / 256)	1	0	3
segment	76	((-425 : ℚ) / 256)	((-6799 : ℚ) / 4096)	1	0	3
segment	77	((-6799 : ℚ) / 4096)	((-3399 : ℚ) / 2048)	1	0	3
segment	78	((-3399 : ℚ) / 2048)	((-6797 : ℚ) / 4096)	1	0	3
segment	79	((-6797 : ℚ) / 4096)	((-1699 : ℚ) / 1024)	1	0	3
segment	80	((-1699 : ℚ) / 1024)	((-6795 : ℚ) / 4096)	1	0	3
segment	81	((-6795 : ℚ) / 4096)	((-3397 : ℚ) / 2048)	1	0	3
segment	82	((-3397 : ℚ) / 2048)	((-6793 : ℚ) / 4096)	1	0	3
segment	83	((-6793 : ℚ) / 4096)	((-849 : ℚ) / 512)	1	0	3
segment	84	((-849 : ℚ) / 512)	((-6791 : ℚ) / 4096)	1	0	3
segment	85	((-6791 : ℚ) / 4096)	((-3395 : ℚ) / 2048)	1	0	3
segment	86	((-3395 : ℚ) / 2048)	((-6789 : ℚ) / 4096)	1	0	3
segment	87	((-6789 : ℚ) / 4096)	((-1697 : ℚ) / 1024)	1	0	3
segment	88	((-1697 : ℚ) / 1024)	((-6787 : ℚ) / 4096)	1	0	3
segment	89	((-6787 : ℚ) / 4096)	((-3393 : ℚ) / 2048)	1	0	3
segment	90	((-3393 : ℚ) / 2048)	((-6785 : ℚ) / 4096)	1	0	3
segment	91	((-6785 : ℚ) / 4096)	((-53 : ℚ) / 32)	1	0	3
segment	92	((-53 : ℚ) / 32)	((-6783 : ℚ) / 4096)	1	0	3
segment	93	((-6783 : ℚ) / 4096)	((-3391 : ℚ) / 2048)	1	0	3
segment	94	((-3391 : ℚ) / 2048)	((-6781 : ℚ) / 4096)	1	0	3
segment	95	((-6781 : ℚ) / 4096)	((-1695 : ℚ) / 1024)	1	0	3
segment	96	((-1695 : ℚ) / 1024)	((-6779 : ℚ) / 4096)	1	0	3
segment	97	((-6779 : ℚ) / 4096)	((-3389 : ℚ) / 2048)	1	0	3
segment	98	((-3389 : ℚ) / 2048)	((-6777 : ℚ) / 4096)	1	0	3
segment	99	((-6777 : ℚ) / 4096)	((-847 : ℚ) / 512)	1	0	3
segment	100	((-847 : ℚ) / 512)	((-6775 : ℚ) / 4096)	1	0	3
segment	101	((-6775 : ℚ) / 4096)	((-3387 : ℚ) / 2048)	1	0	3
segment	102	((-3387 : ℚ) / 2048)	((-6773 : ℚ) / 4096)	1	0	3
segment	103	((-6773 : ℚ) / 4096)	((-1693 : ℚ) / 1024)	1	0	3
segment	104	((-1693 : ℚ) / 1024)	((-6771 : ℚ) / 4096)	1	0	3
segment	105	((-6771 : ℚ) / 4096)	((-3385 : ℚ) / 2048)	1	0	3
segment	106	((-3385 : ℚ) / 2048)	((-6769 : ℚ) / 4096)	1	0	3
segment	107	((-6769 : ℚ) / 4096)	((-423 : ℚ) / 256)	1	0	3
segment	108	((-423 : ℚ) / 256)	((-6767 : ℚ) / 4096)	1	0	3
segment	109	((-6767 : ℚ) / 4096)	((-3383 : ℚ) / 2048)	1	0	3
segment	110	((-3383 : ℚ) / 2048)	((-6765 : ℚ) / 4096)	1	0	3
segment	111	((-6765 : ℚ) / 4096)	((-1691 : ℚ) / 1024)	1	0	3
segment	112	((-1691 : ℚ) / 1024)	((-6763 : ℚ) / 4096)	1	0	3
segment	113	((-6763 : ℚ) / 4096)	((-3381 : ℚ) / 2048)	1	0	3
segment	114	((-3381 : ℚ) / 2048)	((-6761 : ℚ) / 4096)	1	0	3
segment	115	((-6761 : ℚ) / 4096)	((-845 : ℚ) / 512)	1	0	3
segment	116	((-845 : ℚ) / 512)	((-6759 : ℚ) / 4096)	1	0	3
segment	117	((-6759 : ℚ) / 4096)	((-3379 : ℚ) / 2048)	1	0	3
segment	118	((-3379 : ℚ) / 2048)	((-6757 : ℚ) / 4096)	1	0	3
segment	119	((-6757 : ℚ) / 4096)	((-1689 : ℚ) / 1024)	1	0	3
segment	120	((-1689 : ℚ) / 1024)	((-6755 : ℚ) / 4096)	1	0	3
segment	121	((-6755 : ℚ) / 4096)	((-3377 : ℚ) / 2048)	1	0	3
segment	122	((-3377 : ℚ) / 2048)	((-6753 : ℚ) / 4096)	1	0	3
segment	123	((-6753 : ℚ) / 4096)	((-211 : ℚ) / 128)	1	0	3
segment	124	((-211 : ℚ) / 128)	((-6751 : ℚ) / 4096)	1	0	3
segment	125	((-6751 : ℚ) / 4096)	((-3375 : ℚ) / 2048)	1	0	3
segment	126	((-3375 : ℚ) / 2048)	((-6749 : ℚ) / 4096)	1	0	3
segment	127	((-6749 : ℚ) / 4096)	((-1687 : ℚ) / 1024)	1	0	3
segment	128	((-1687 : ℚ) / 1024)	((-6747 : ℚ) / 4096)	1	0	3
segment	129	((-6747 : ℚ) / 4096)	((-3373 : ℚ) / 2048)	1	0	3
segment	130	((-3373 : ℚ) / 2048)	((-6745 : ℚ) / 4096)	1	0	3
segment	131	((-6745 : ℚ) / 4096)	((-843 : ℚ) / 512)	1	0	3
segment	132	((-843 : ℚ) / 512)	((-6743 : ℚ) / 4096)	1	0	3
segment	133	((-6743 : ℚ) / 4096)	((-3371 : ℚ) / 2048)	1	0	3
segment	134	((-3371 : ℚ) / 2048)	((-6741 : ℚ) / 4096)	1	0	3
segment	135	((-6741 : ℚ) / 4096)	((-1685 : ℚ) / 1024)	1	0	3
segment	136	((-1685 : ℚ) / 1024)	((-6739 : ℚ) / 4096)	1	0	3
segment	137	((-6739 : ℚ) / 4096)	((-3369 : ℚ) / 2048)	1	0	3
segment	138	((-3369 : ℚ) / 2048)	((-6737 : ℚ) / 4096)	1	0	3
segment	139	((-6737 : ℚ) / 4096)	((-421 : ℚ) / 256)	1	0	3
segment	140	((-421 : ℚ) / 256)	((-6735 : ℚ) / 4096)	1	0	3
segment	141	((-6735 : ℚ) / 4096)	((-3367 : ℚ) / 2048)	1	0	3
segment	142	((-3367 : ℚ) / 2048)	((-6733 : ℚ) / 4096)	1	0	3
segment	143	((-6733 : ℚ) / 4096)	((-1683 : ℚ) / 1024)	1	0	3
segment	144	((-1683 : ℚ) / 1024)	((-6731 : ℚ) / 4096)	1	0	3
segment	145	((-6731 : ℚ) / 4096)	((-3365 : ℚ) / 2048)	1	0	3
segment	146	((-3365 : ℚ) / 2048)	((-6729 : ℚ) / 4096)	1	0	3
segment	147	((-6729 : ℚ) / 4096)	((-841 : ℚ) / 512)	1	0	3
segment	148	((-841 : ℚ) / 512)	((-6727 : ℚ) / 4096)	1	0	3
segment	149	((-6727 : ℚ) / 4096)	((-3363 : ℚ) / 2048)	1	0	3
segment	150	((-3363 : ℚ) / 2048)	((-6725 : ℚ) / 4096)	1	0	3
segment	151	((-6725 : ℚ) / 4096)	((-1681 : ℚ) / 1024)	1	0	3
segment	152	((-1681 : ℚ) / 1024)	((-6723 : ℚ) / 4096)	1	0	3
segment	153	((-6723 : ℚ) / 4096)	((-3361 : ℚ) / 2048)	1	0	3
segment	154	((-3361 : ℚ) / 2048)	((-6721 : ℚ) / 4096)	1	0	3
segment	155	((-6721 : ℚ) / 4096)	((-105 : ℚ) / 64)	1	0	3
segment	156	((-105 : ℚ) / 64)	((-6719 : ℚ) / 4096)	1	0	3
segment	157	((-6719 : ℚ) / 4096)	((-3359 : ℚ) / 2048)	1	0	3
segment	158	((-3359 : ℚ) / 2048)	((-6717 : ℚ) / 4096)	1	0	3
segment	159	((-6717 : ℚ) / 4096)	((-1679 : ℚ) / 1024)	1	0	3
segment	160	((-1679 : ℚ) / 1024)	((-6715 : ℚ) / 4096)	1	0	3
segment	161	((-6715 : ℚ) / 4096)	((-3357 : ℚ) / 2048)	1	0	3
segment	162	((-3357 : ℚ) / 2048)	((-6713 : ℚ) / 4096)	1	0	3
segment	163	((-6713 : ℚ) / 4096)	((-839 : ℚ) / 512)	1	0	3
segment	164	((-839 : ℚ) / 512)	((-6711 : ℚ) / 4096)	1	0	3
segment	165	((-6711 : ℚ) / 4096)	((-3355 : ℚ) / 2048)	1	0	3
segment	166	((-3355 : ℚ) / 2048)	((-6709 : ℚ) / 4096)	1	0	3
segment	167	((-6709 : ℚ) / 4096)	((-1677 : ℚ) / 1024)	1	0	3
segment	168	((-1677 : ℚ) / 1024)	((-6707 : ℚ) / 4096)	1	0	3
segment	169	((-6707 : ℚ) / 4096)	((-3353 : ℚ) / 2048)	1	0	3
segment	170	((-3353 : ℚ) / 2048)	((-6705 : ℚ) / 4096)	1	0	3
segment	171	((-6705 : ℚ) / 4096)	((-419 : ℚ) / 256)	1	0	3
segment	172	((-419 : ℚ) / 256)	((-6703 : ℚ) / 4096)	1	0	3
segment	173	((-6703 : ℚ) / 4096)	((-3351 : ℚ) / 2048)	1	0	3
segment	174	((-3351 : ℚ) / 2048)	((-6701 : ℚ) / 4096)	1	0	3
segment	175	((-6701 : ℚ) / 4096)	((-1675 : ℚ) / 1024)	1	0	3
segment	176	((-1675 : ℚ) / 1024)	((-6699 : ℚ) / 4096)	1	0	3
segment	177	((-6699 : ℚ) / 4096)	((-3349 : ℚ) / 2048)	1	0	3
segment	178	((-3349 : ℚ) / 2048)	((-6697 : ℚ) / 4096)	1	0	3
segment	179	((-6697 : ℚ) / 4096)	((-837 : ℚ) / 512)	1	0	3
segment	180	((-837 : ℚ) / 512)	((-6695 : ℚ) / 4096)	1	0	3
segment	181	((-6695 : ℚ) / 4096)	((-3347 : ℚ) / 2048)	1	0	3
segment	182	((-3347 : ℚ) / 2048)	((-6693 : ℚ) / 4096)	1	0	3
segment	183	((-6693 : ℚ) / 4096)	((-1673 : ℚ) / 1024)	1	0	3
segment	184	((-1673 : ℚ) / 1024)	((-6691 : ℚ) / 4096)	1	0	3
segment	185	((-6691 : ℚ) / 4096)	((-3345 : ℚ) / 2048)	1	0	3
segment	186	((-3345 : ℚ) / 2048)	((-6689 : ℚ) / 4096)	1	0	3
segment	187	((-6689 : ℚ) / 4096)	((-209 : ℚ) / 128)	1	0	3
segment	188	((-209 : ℚ) / 128)	((-6687 : ℚ) / 4096)	1	0	3
segment	189	((-6687 : ℚ) / 4096)	((-3343 : ℚ) / 2048)	1	0	3
segment	190	((-3343 : ℚ) / 2048)	((-6685 : ℚ) / 4096)	1	0	3
segment	191	((-6685 : ℚ) / 4096)	((-1671 : ℚ) / 1024)	1	0	3
segment	192	((-1671 : ℚ) / 1024)	((-6683 : ℚ) / 4096)	1	0	3
segment	193	((-6683 : ℚ) / 4096)	((-3341 : ℚ) / 2048)	1	0	3
segment	194	((-3341 : ℚ) / 2048)	((-6681 : ℚ) / 4096)	1	0	3
segment	195	((-6681 : ℚ) / 4096)	((-835 : ℚ) / 512)	1	0	3
segment	196	((-835 : ℚ) / 512)	((-6679 : ℚ) / 4096)	1	0	3
segment	197	((-6679 : ℚ) / 4096)	((-3339 : ℚ) / 2048)	1	0	3
segment	198	((-3339 : ℚ) / 2048)	((-6677 : ℚ) / 4096)	1	0	3
segment	199	((-6677 : ℚ) / 4096)	((-1669 : ℚ) / 1024)	1	0	3
segment	200	((-1669 : ℚ) / 1024)	((-6675 : ℚ) / 4096)	1	0	3
segment	201	((-6675 : ℚ) / 4096)	((-3337 : ℚ) / 2048)	1	0	3
segment	202	((-3337 : ℚ) / 2048)	((-6673 : ℚ) / 4096)	1	0	3
segment	203	((-6673 : ℚ) / 4096)	((-417 : ℚ) / 256)	1	0	3
segment	204	((-417 : ℚ) / 256)	((-6671 : ℚ) / 4096)	1	0	3
segment	205	((-6671 : ℚ) / 4096)	((-3335 : ℚ) / 2048)	1	0	3
segment	206	((-3335 : ℚ) / 2048)	((-6669 : ℚ) / 4096)	1	0	3
segment	207	((-6669 : ℚ) / 4096)	((-1667 : ℚ) / 1024)	1	0	3
segment	208	((-1667 : ℚ) / 1024)	((-6667 : ℚ) / 4096)	1	0	3
segment	209	((-6667 : ℚ) / 4096)	((-3333 : ℚ) / 2048)	1	0	3
segment	210	((-3333 : ℚ) / 2048)	((-6665 : ℚ) / 4096)	1	0	3
segment	211	((-6665 : ℚ) / 4096)	((-833 : ℚ) / 512)	1	0	3
segment	212	((-833 : ℚ) / 512)	((-6663 : ℚ) / 4096)	1	0	3
segment	213	((-6663 : ℚ) / 4096)	((-3331 : ℚ) / 2048)	1	0	3
segment	214	((-3331 : ℚ) / 2048)	((-6661 : ℚ) / 4096)	1	0	3
segment	215	((-6661 : ℚ) / 4096)	((-1665 : ℚ) / 1024)	1	0	3
segment	216	((-1665 : ℚ) / 1024)	((-3329 : ℚ) / 2048)	2	0	3
segment	217	((-3329 : ℚ) / 2048)	((-13 : ℚ) / 8)	2	0	3
segment	218	((-13 : ℚ) / 8)	((-3327 : ℚ) / 2048)	2	0	3
segment	219	((-3327 : ℚ) / 2048)	((-1663 : ℚ) / 1024)	2	0	3
segment	220	((-1663 : ℚ) / 1024)	((-3325 : ℚ) / 2048)	2	0	3
segment	221	((-3325 : ℚ) / 2048)	((-831 : ℚ) / 512)	2	0	1
segment	222	((-831 : ℚ) / 512)	((-1661 : ℚ) / 1024)	3	0	3
segment	223	((-1661 : ℚ) / 1024)	((-415 : ℚ) / 256)	3	0	3
segment	224	((-415 : ℚ) / 256)	((-1659 : ℚ) / 1024)	3	0	3
segment	225	((-1659 : ℚ) / 1024)	((-829 : ℚ) / 512)	3	0	1
segment	226	((-829 : ℚ) / 512)	((-207 : ℚ) / 128)	4	0	3
segment	227	((-207 : ℚ) / 128)	((-827 : ℚ) / 512)	4	0	3
segment	228	((-827 : ℚ) / 512)	((-413 : ℚ) / 256)	4	0	3
segment	229	((-413 : ℚ) / 256)	((-825 : ℚ) / 512)	4	0	3
segment	230	((-825 : ℚ) / 512)	((-1649 : ℚ) / 1024)	3	0	3
segment	231	((-1649 : ℚ) / 1024)	((-103 : ℚ) / 64)	3	0	3
segment	232	((-103 : ℚ) / 64)	((-3295 : ℚ) / 2048)	2	0	1
segment	233	((-3295 : ℚ) / 2048)	((-1647 : ℚ) / 1024)	2	0	3
segment	234	((-1647 : ℚ) / 1024)	((-3293 : ℚ) / 2048)	2	0	3
segment	235	((-3293 : ℚ) / 2048)	((-6585 : ℚ) / 4096)	1	0	1
segment	236	((-6585 : ℚ) / 4096)	((-823 : ℚ) / 512)	1	0	3
segment	237	((-823 : ℚ) / 512)	((-6583 : ℚ) / 4096)	1	0	3
segment	238	((-6583 : ℚ) / 4096)	((-3291 : ℚ) / 2048)	1	678193093087075	3
segment	239	((-3291 : ℚ) / 2048)	((-6581 : ℚ) / 4096)	1	2679313769142390	3
segment	240	((-6581 : ℚ) / 4096)	((-1645 : ℚ) / 1024)	1	4165680751739572	3
segment	241	((-1645 : ℚ) / 1024)	((-6579 : ℚ) / 4096)	1	2999296324415140	3
segment	242	((-6579 : ℚ) / 4096)	((-3289 : ℚ) / 2048)	1	3677522799642052	3
segment	243	((-3289 : ℚ) / 2048)	((-6577 : ℚ) / 4096)	1	3950163625764932	3
segment	244	((-6577 : ℚ) / 4096)	((-411 : ℚ) / 256)	1	3861426029765135	3
segment	245	((-411 : ℚ) / 256)	((-6575 : ℚ) / 4096)	1	3456826303739282	3
segment	246	((-6575 : ℚ) / 4096)	((-3287 : ℚ) / 2048)	1	2782488828179778	3
segment	247	((-3287 : ℚ) / 2048)	((-6573 : ℚ) / 4096)	1	4075997521366419	3
segment	248	((-6573 : ℚ) / 4096)	((-1643 : ℚ) / 1024)	1	3039566686520208	3
segment	249	((-1643 : ℚ) / 1024)	((-6571 : ℚ) / 4096)	1	1857978509294186	3
segment	250	((-6571 : ℚ) / 4096)	((-3285 : ℚ) / 2048)	1	573901136101575	3
segment	251	((-3285 : ℚ) / 2048)	((-6569 : ℚ) / 4096)	1	0	3
segment	252	((-6569 : ℚ) / 4096)	((-821 : ℚ) / 512)	1	0	3
segment	253	((-821 : ℚ) / 512)	((-6567 : ℚ) / 4096)	1	0	3
segment	254	((-6567 : ℚ) / 4096)	((-3283 : ℚ) / 2048)	1	0	3
segment	255	((-3283 : ℚ) / 2048)	((-6565 : ℚ) / 4096)	1	0	3
segment	256	((-6565 : ℚ) / 4096)	((-1641 : ℚ) / 1024)	1	0	1
segment	257	((-1641 : ℚ) / 1024)	((-3281 : ℚ) / 2048)	2	0	3
segment	258	((-3281 : ℚ) / 2048)	((-205 : ℚ) / 128)	2	0	3
segment	259	((-205 : ℚ) / 128)	((-3279 : ℚ) / 2048)	2	0	3
segment	260	((-3279 : ℚ) / 2048)	((-1639 : ℚ) / 1024)	2	0	3
segment	261	((-1639 : ℚ) / 1024)	((-3277 : ℚ) / 2048)	2	0	3
segment	262	((-3277 : ℚ) / 2048)	((-819 : ℚ) / 512)	2	0	3
segment	263	((-819 : ℚ) / 512)	((-3275 : ℚ) / 2048)	2	0	3
segment	264	((-3275 : ℚ) / 2048)	((-1637 : ℚ) / 1024)	2	0	3
segment	265	((-1637 : ℚ) / 1024)	((-6547 : ℚ) / 4096)	1	0	1
segment	266	((-6547 : ℚ) / 4096)	((-3273 : ℚ) / 2048)	1	0	3
segment	267	((-3273 : ℚ) / 2048)	((-6545 : ℚ) / 4096)	1	0	3
segment	268	((-6545 : ℚ) / 4096)	((-409 : ℚ) / 256)	1	0	3
segment	269	((-409 : ℚ) / 256)	((-6543 : ℚ) / 4096)	1	0	3
segment	270	((-6543 : ℚ) / 4096)	((-3271 : ℚ) / 2048)	1	0	3
segment	271	((-3271 : ℚ) / 2048)	((-6541 : ℚ) / 4096)	1	0	3
segment	272	((-6541 : ℚ) / 4096)	((-1635 : ℚ) / 1024)	1	0	3
segment	273	((-1635 : ℚ) / 1024)	((-6539 : ℚ) / 4096)	1	0	3
segment	274	((-6539 : ℚ) / 4096)	((-3269 : ℚ) / 2048)	1	0	3
segment	275	((-3269 : ℚ) / 2048)	((-6537 : ℚ) / 4096)	1	0	3
segment	276	((-6537 : ℚ) / 4096)	((-817 : ℚ) / 512)	1	0	3
segment	277	((-817 : ℚ) / 512)	((-6535 : ℚ) / 4096)	1	117866576511132	3
segment	278	((-6535 : ℚ) / 4096)	((-3267 : ℚ) / 2048)	1	313193502701978	3
segment	279	((-3267 : ℚ) / 2048)	((-6533 : ℚ) / 4096)	1	451176510143601	3
segment	280	((-6533 : ℚ) / 4096)	((-1633 : ℚ) / 1024)	1	536126176639094	3
segment	281	((-1633 : ℚ) / 1024)	((-6531 : ℚ) / 4096)	1	573082785258101	3
segment	282	((-6531 : ℚ) / 4096)	((-3265 : ℚ) / 2048)	1	574577238830914	3
segment	283	((-3265 : ℚ) / 2048)	((-6529 : ℚ) / 4096)	1	549812284349158	3
segment	284	((-6529 : ℚ) / 4096)	((-51 : ℚ) / 32)	1	492269750803022	3
segment	285	((-51 : ℚ) / 32)	((-6527 : ℚ) / 4096)	1	407648251598798	3
segment	286	((-6527 : ℚ) / 4096)	((-3263 : ℚ) / 2048)	1	302172282596148	3
segment	287	((-3263 : ℚ) / 2048)	((-6525 : ℚ) / 4096)	1	181903230178754	3
segment	288	((-6525 : ℚ) / 4096)	((-1631 : ℚ) / 1024)	1	52610259336727	3
segment	289	((-1631 : ℚ) / 1024)	((-6523 : ℚ) / 4096)	1	0	3
segment	290	((-6523 : ℚ) / 4096)	((-3261 : ℚ) / 2048)	1	0	3
segment	291	((-3261 : ℚ) / 2048)	((-6521 : ℚ) / 4096)	1	0	3
segment	292	((-6521 : ℚ) / 4096)	((-815 : ℚ) / 512)	1	0	3
segment	293	((-815 : ℚ) / 512)	((-6519 : ℚ) / 4096)	1	0	3
segment	294	((-6519 : ℚ) / 4096)	((-3259 : ℚ) / 2048)	1	0	3
segment	295	((-3259 : ℚ) / 2048)	((-6517 : ℚ) / 4096)	1	0	3
segment	296	((-6517 : ℚ) / 4096)	((-1629 : ℚ) / 1024)	1	0	3
segment	297	((-1629 : ℚ) / 1024)	((-6515 : ℚ) / 4096)	1	0	3
segment	298	((-6515 : ℚ) / 4096)	((-3257 : ℚ) / 2048)	1	0	3
segment	299	((-3257 : ℚ) / 2048)	((-6513 : ℚ) / 4096)	1	0	3
segment	300	((-6513 : ℚ) / 4096)	((-407 : ℚ) / 256)	1	0	3
segment	301	((-407 : ℚ) / 256)	((-6511 : ℚ) / 4096)	1	0	3
segment	302	((-6511 : ℚ) / 4096)	((-3255 : ℚ) / 2048)	1	0	3
segment	303	((-3255 : ℚ) / 2048)	((-6509 : ℚ) / 4096)	1	0	3
segment	304	((-6509 : ℚ) / 4096)	((-1627 : ℚ) / 1024)	1	0	3
segment	305	((-1627 : ℚ) / 1024)	((-6507 : ℚ) / 4096)	1	0	3
segment	306	((-6507 : ℚ) / 4096)	((-3253 : ℚ) / 2048)	1	0	3
segment	307	((-3253 : ℚ) / 2048)	((-6505 : ℚ) / 4096)	1	0	3
segment	308	((-6505 : ℚ) / 4096)	((-813 : ℚ) / 512)	1	0	3
segment	309	((-813 : ℚ) / 512)	((-6503 : ℚ) / 4096)	1	0	3
segment	310	((-6503 : ℚ) / 4096)	((-3251 : ℚ) / 2048)	1	0	3
segment	311	((-3251 : ℚ) / 2048)	((-6501 : ℚ) / 4096)	1	0	3
segment	312	((-6501 : ℚ) / 4096)	((-1625 : ℚ) / 1024)	1	0	3
segment	313	((-1625 : ℚ) / 1024)	((-6499 : ℚ) / 4096)	1	0	3
segment	314	((-6499 : ℚ) / 4096)	((-3249 : ℚ) / 2048)	1	0	3
segment	315	((-3249 : ℚ) / 2048)	((-6497 : ℚ) / 4096)	1	0	3
segment	316	((-6497 : ℚ) / 4096)	((-203 : ℚ) / 128)	1	0	3
segment	317	((-203 : ℚ) / 128)	((-6495 : ℚ) / 4096)	1	0	3
segment	318	((-6495 : ℚ) / 4096)	((-3247 : ℚ) / 2048)	1	0	3
segment	319	((-3247 : ℚ) / 2048)	((-6493 : ℚ) / 4096)	1	0	3
segment	320	((-6493 : ℚ) / 4096)	((-1623 : ℚ) / 1024)	1	0	3
segment	321	((-1623 : ℚ) / 1024)	((-6491 : ℚ) / 4096)	1	0	3
segment	322	((-6491 : ℚ) / 4096)	((-3245 : ℚ) / 2048)	1	0	3
segment	323	((-3245 : ℚ) / 2048)	((-6489 : ℚ) / 4096)	1	0	3
segment	324	((-6489 : ℚ) / 4096)	((-811 : ℚ) / 512)	1	0	3
segment	325	((-811 : ℚ) / 512)	((-6487 : ℚ) / 4096)	1	0	3
segment	326	((-6487 : ℚ) / 4096)	((-3243 : ℚ) / 2048)	1	0	3
segment	327	((-3243 : ℚ) / 2048)	((-6485 : ℚ) / 4096)	1	0	3
segment	328	((-6485 : ℚ) / 4096)	((-1621 : ℚ) / 1024)	1	0	3
segment	329	((-1621 : ℚ) / 1024)	((-6483 : ℚ) / 4096)	1	0	3
segment	330	((-6483 : ℚ) / 4096)	((-3241 : ℚ) / 2048)	1	0	3
segment	331	((-3241 : ℚ) / 2048)	((-6481 : ℚ) / 4096)	1	0	3
segment	332	((-6481 : ℚ) / 4096)	((-405 : ℚ) / 256)	1	0	3
segment	333	((-405 : ℚ) / 256)	((-6479 : ℚ) / 4096)	1	0	3
segment	334	((-6479 : ℚ) / 4096)	((-3239 : ℚ) / 2048)	1	0	3
segment	335	((-3239 : ℚ) / 2048)	((-6477 : ℚ) / 4096)	1	0	3
segment	336	((-6477 : ℚ) / 4096)	((-1619 : ℚ) / 1024)	1	0	3
segment	337	((-1619 : ℚ) / 1024)	((-6475 : ℚ) / 4096)	1	0	3
segment	338	((-6475 : ℚ) / 4096)	((-3237 : ℚ) / 2048)	1	0	3
segment	339	((-3237 : ℚ) / 2048)	((-6473 : ℚ) / 4096)	1	0	3
segment	340	((-6473 : ℚ) / 4096)	((-809 : ℚ) / 512)	1	0	3
segment	341	((-809 : ℚ) / 512)	((-6471 : ℚ) / 4096)	1	0	3
segment	342	((-6471 : ℚ) / 4096)	((-3235 : ℚ) / 2048)	1	0	3
segment	343	((-3235 : ℚ) / 2048)	((-6469 : ℚ) / 4096)	1	0	3
segment	344	((-6469 : ℚ) / 4096)	((-1617 : ℚ) / 1024)	1	0	3
segment	345	((-1617 : ℚ) / 1024)	((-6467 : ℚ) / 4096)	1	0	3
segment	346	((-6467 : ℚ) / 4096)	((-3233 : ℚ) / 2048)	1	0	3
segment	347	((-3233 : ℚ) / 2048)	((-6465 : ℚ) / 4096)	1	0	3
segment	348	((-6465 : ℚ) / 4096)	((-101 : ℚ) / 64)	1	0	3
segment	349	((-101 : ℚ) / 64)	((-6463 : ℚ) / 4096)	1	0	3
segment	350	((-6463 : ℚ) / 4096)	((-3231 : ℚ) / 2048)	1	0	3
segment	351	((-3231 : ℚ) / 2048)	((-6461 : ℚ) / 4096)	1	0	3
segment	352	((-6461 : ℚ) / 4096)	((-1615 : ℚ) / 1024)	1	0	3
segment	353	((-1615 : ℚ) / 1024)	((-6459 : ℚ) / 4096)	1	0	3
segment	354	((-6459 : ℚ) / 4096)	((-3229 : ℚ) / 2048)	1	0	3
segment	355	((-3229 : ℚ) / 2048)	((-6457 : ℚ) / 4096)	1	0	3
segment	356	((-6457 : ℚ) / 4096)	((-807 : ℚ) / 512)	1	0	3
segment	357	((-807 : ℚ) / 512)	((-6455 : ℚ) / 4096)	1	0	3
segment	358	((-6455 : ℚ) / 4096)	((-3227 : ℚ) / 2048)	1	0	3
segment	359	((-3227 : ℚ) / 2048)	((-6453 : ℚ) / 4096)	1	0	3
segment	360	((-6453 : ℚ) / 4096)	((-1613 : ℚ) / 1024)	1	0	3
segment	361	((-1613 : ℚ) / 1024)	((-6451 : ℚ) / 4096)	1	0	3
segment	362	((-6451 : ℚ) / 4096)	((-3225 : ℚ) / 2048)	1	0	3
segment	363	((-3225 : ℚ) / 2048)	((-6449 : ℚ) / 4096)	1	0	3
segment	364	((-6449 : ℚ) / 4096)	((-403 : ℚ) / 256)	1	0	3
segment	365	((-403 : ℚ) / 256)	((-6447 : ℚ) / 4096)	1	0	3
segment	366	((-6447 : ℚ) / 4096)	((-3223 : ℚ) / 2048)	1	0	3
segment	367	((-3223 : ℚ) / 2048)	((-6445 : ℚ) / 4096)	1	0	3
segment	368	((-6445 : ℚ) / 4096)	((-1611 : ℚ) / 1024)	1	0	3
segment	369	((-1611 : ℚ) / 1024)	((-6443 : ℚ) / 4096)	1	0	3
segment	370	((-6443 : ℚ) / 4096)	((-3221 : ℚ) / 2048)	1	0	3
segment	371	((-3221 : ℚ) / 2048)	((-6441 : ℚ) / 4096)	1	0	3
segment	372	((-6441 : ℚ) / 4096)	((-805 : ℚ) / 512)	1	0	3
segment	373	((-805 : ℚ) / 512)	((-6439 : ℚ) / 4096)	1	0	3
segment	374	((-6439 : ℚ) / 4096)	((-3219 : ℚ) / 2048)	1	0	3
segment	375	((-3219 : ℚ) / 2048)	((-6437 : ℚ) / 4096)	1	0	3
segment	376	((-6437 : ℚ) / 4096)	((-1609 : ℚ) / 1024)	1	0	3
segment	377	((-1609 : ℚ) / 1024)	((-6435 : ℚ) / 4096)	1	0	3
segment	378	((-6435 : ℚ) / 4096)	((-3217 : ℚ) / 2048)	1	0	3
segment	379	((-3217 : ℚ) / 2048)	((-6433 : ℚ) / 4096)	1	0	3
segment	380	((-6433 : ℚ) / 4096)	((-201 : ℚ) / 128)	1	0	3
segment	381	((-201 : ℚ) / 128)	((-6431 : ℚ) / 4096)	1	0	3
segment	382	((-6431 : ℚ) / 4096)	((-3215 : ℚ) / 2048)	1	0	3
segment	383	((-3215 : ℚ) / 2048)	((-6429 : ℚ) / 4096)	1	0	3
segment	384	((-6429 : ℚ) / 4096)	((-1607 : ℚ) / 1024)	1	0	3
segment	385	((-1607 : ℚ) / 1024)	((-6427 : ℚ) / 4096)	1	0	3
segment	386	((-6427 : ℚ) / 4096)	((-3213 : ℚ) / 2048)	1	0	3
segment	387	((-3213 : ℚ) / 2048)	((-6425 : ℚ) / 4096)	1	0	3
segment	388	((-6425 : ℚ) / 4096)	((-803 : ℚ) / 512)	1	0	3
segment	389	((-803 : ℚ) / 512)	((-6423 : ℚ) / 4096)	1	0	3
segment	390	((-6423 : ℚ) / 4096)	((-3211 : ℚ) / 2048)	1	0	3
segment	391	((-3211 : ℚ) / 2048)	((-6421 : ℚ) / 4096)	1	0	3
segment	392	((-6421 : ℚ) / 4096)	((-1605 : ℚ) / 1024)	1	0	3
segment	393	((-1605 : ℚ) / 1024)	((-6419 : ℚ) / 4096)	1	0	3
segment	394	((-6419 : ℚ) / 4096)	((-3209 : ℚ) / 2048)	1	0	3
segment	395	((-3209 : ℚ) / 2048)	((-6417 : ℚ) / 4096)	1	0	3
segment	396	((-6417 : ℚ) / 4096)	((-401 : ℚ) / 256)	1	0	3
segment	397	((-401 : ℚ) / 256)	((-6415 : ℚ) / 4096)	1	0	3
segment	398	((-6415 : ℚ) / 4096)	((-3207 : ℚ) / 2048)	1	0	3
segment	399	((-3207 : ℚ) / 2048)	((-6413 : ℚ) / 4096)	1	0	3
segment	400	((-6413 : ℚ) / 4096)	((-1603 : ℚ) / 1024)	1	0	3
segment	401	((-1603 : ℚ) / 1024)	((-6411 : ℚ) / 4096)	1	0	3
segment	402	((-6411 : ℚ) / 4096)	((-3205 : ℚ) / 2048)	1	0	3
segment	403	((-3205 : ℚ) / 2048)	((-6409 : ℚ) / 4096)	1	0	3
segment	404	((-6409 : ℚ) / 4096)	((-801 : ℚ) / 512)	1	0	3
segment	405	((-801 : ℚ) / 512)	((-6407 : ℚ) / 4096)	1	0	3
segment	406	((-6407 : ℚ) / 4096)	((-3203 : ℚ) / 2048)	1	0	3
segment	407	((-3203 : ℚ) / 2048)	((-6405 : ℚ) / 4096)	1	0	3
segment	408	((-6405 : ℚ) / 4096)	((-1601 : ℚ) / 1024)	1	0	3
segment	409	((-1601 : ℚ) / 1024)	((-6403 : ℚ) / 4096)	1	0	3
segment	410	((-6403 : ℚ) / 4096)	((-3201 : ℚ) / 2048)	1	0	3
segment	411	((-3201 : ℚ) / 2048)	((-6401 : ℚ) / 4096)	1	0	3
segment	412	((-6401 : ℚ) / 4096)	((-25 : ℚ) / 16)	1	0	3
segment	413	((-25 : ℚ) / 16)	((-6399 : ℚ) / 4096)	1	0	3
segment	414	((-6399 : ℚ) / 4096)	((-3199 : ℚ) / 2048)	1	0	3
segment	415	((-3199 : ℚ) / 2048)	((-6397 : ℚ) / 4096)	1	0	3
segment	416	((-6397 : ℚ) / 4096)	((-1599 : ℚ) / 1024)	1	0	3
segment	417	((-1599 : ℚ) / 1024)	((-6395 : ℚ) / 4096)	1	0	3
segment	418	((-6395 : ℚ) / 4096)	((-3197 : ℚ) / 2048)	1	0	3
segment	419	((-3197 : ℚ) / 2048)	((-6393 : ℚ) / 4096)	1	0	3
segment	420	((-6393 : ℚ) / 4096)	((-799 : ℚ) / 512)	1	0	3
segment	421	((-799 : ℚ) / 512)	((-6391 : ℚ) / 4096)	1	0	3
segment	422	((-6391 : ℚ) / 4096)	((-3195 : ℚ) / 2048)	1	0	3
segment	423	((-3195 : ℚ) / 2048)	((-6389 : ℚ) / 4096)	1	0	3
segment	424	((-6389 : ℚ) / 4096)	((-1597 : ℚ) / 1024)	1	0	3
segment	425	((-1597 : ℚ) / 1024)	((-6387 : ℚ) / 4096)	1	0	3
segment	426	((-6387 : ℚ) / 4096)	((-3193 : ℚ) / 2048)	1	0	3
segment	427	((-3193 : ℚ) / 2048)	((-6385 : ℚ) / 4096)	1	0	3
segment	428	((-6385 : ℚ) / 4096)	((-399 : ℚ) / 256)	1	0	3
segment	429	((-399 : ℚ) / 256)	((-6383 : ℚ) / 4096)	1	0	3
segment	430	((-6383 : ℚ) / 4096)	((-3191 : ℚ) / 2048)	1	0	3
segment	431	((-3191 : ℚ) / 2048)	((-6381 : ℚ) / 4096)	1	0	3
segment	432	((-6381 : ℚ) / 4096)	((-1595 : ℚ) / 1024)	1	0	3
segment	433	((-1595 : ℚ) / 1024)	((-6379 : ℚ) / 4096)	1	0	3
segment	434	((-6379 : ℚ) / 4096)	((-3189 : ℚ) / 2048)	1	0	3
segment	435	((-3189 : ℚ) / 2048)	((-6377 : ℚ) / 4096)	1	0	3
segment	436	((-6377 : ℚ) / 4096)	((-797 : ℚ) / 512)	1	0	3
segment	437	((-797 : ℚ) / 512)	((-6375 : ℚ) / 4096)	1	0	3
segment	438	((-6375 : ℚ) / 4096)	((-3187 : ℚ) / 2048)	1	0	3
segment	439	((-3187 : ℚ) / 2048)	((-6373 : ℚ) / 4096)	1	0	3
segment	440	((-6373 : ℚ) / 4096)	((-1593 : ℚ) / 1024)	1	0	3
segment	441	((-1593 : ℚ) / 1024)	((-6371 : ℚ) / 4096)	1	0	3
segment	442	((-6371 : ℚ) / 4096)	((-3185 : ℚ) / 2048)	1	0	3
segment	443	((-3185 : ℚ) / 2048)	((-6369 : ℚ) / 4096)	1	0	3
segment	444	((-6369 : ℚ) / 4096)	((-199 : ℚ) / 128)	1	0	3
segment	445	((-199 : ℚ) / 128)	((-6367 : ℚ) / 4096)	1	0	3
segment	446	((-6367 : ℚ) / 4096)	((-3183 : ℚ) / 2048)	1	0	3
segment	447	((-3183 : ℚ) / 2048)	((-6365 : ℚ) / 4096)	1	0	3
segment	448	((-6365 : ℚ) / 4096)	((-1591 : ℚ) / 1024)	1	0	3
segment	449	((-1591 : ℚ) / 1024)	((-6363 : ℚ) / 4096)	1	0	3
segment	450	((-6363 : ℚ) / 4096)	((-3181 : ℚ) / 2048)	1	0	3
segment	451	((-3181 : ℚ) / 2048)	((-6361 : ℚ) / 4096)	1	0	3
segment	452	((-6361 : ℚ) / 4096)	((-795 : ℚ) / 512)	1	0	3
segment	453	((-795 : ℚ) / 512)	((-6359 : ℚ) / 4096)	1	0	3
segment	454	((-6359 : ℚ) / 4096)	((-3179 : ℚ) / 2048)	1	0	3
segment	455	((-3179 : ℚ) / 2048)	((-6357 : ℚ) / 4096)	1	0	3
segment	456	((-6357 : ℚ) / 4096)	((-1589 : ℚ) / 1024)	1	0	3
segment	457	((-1589 : ℚ) / 1024)	((-6355 : ℚ) / 4096)	1	0	3
segment	458	((-6355 : ℚ) / 4096)	((-3177 : ℚ) / 2048)	1	0	3
segment	459	((-3177 : ℚ) / 2048)	((-6353 : ℚ) / 4096)	1	0	3
segment	460	((-6353 : ℚ) / 4096)	((-397 : ℚ) / 256)	1	0	3
segment	461	((-397 : ℚ) / 256)	((-6351 : ℚ) / 4096)	1	0	3
segment	462	((-6351 : ℚ) / 4096)	((-3175 : ℚ) / 2048)	1	0	3
segment	463	((-3175 : ℚ) / 2048)	((-6349 : ℚ) / 4096)	1	0	3
segment	464	((-6349 : ℚ) / 4096)	((-1587 : ℚ) / 1024)	1	0	3
segment	465	((-1587 : ℚ) / 1024)	((-6347 : ℚ) / 4096)	1	0	3
segment	466	((-6347 : ℚ) / 4096)	((-3173 : ℚ) / 2048)	1	0	3
segment	467	((-3173 : ℚ) / 2048)	((-6345 : ℚ) / 4096)	1	0	3
segment	468	((-6345 : ℚ) / 4096)	((-793 : ℚ) / 512)	1	0	3
segment	469	((-793 : ℚ) / 512)	((-6343 : ℚ) / 4096)	1	0	3
segment	470	((-6343 : ℚ) / 4096)	((-3171 : ℚ) / 2048)	1	0	3
segment	471	((-3171 : ℚ) / 2048)	((-6341 : ℚ) / 4096)	1	0	3
segment	472	((-6341 : ℚ) / 4096)	((-1585 : ℚ) / 1024)	1	0	3
segment	473	((-1585 : ℚ) / 1024)	((-6339 : ℚ) / 4096)	1	0	3
segment	474	((-6339 : ℚ) / 4096)	((-3169 : ℚ) / 2048)	1	0	3
segment	475	((-3169 : ℚ) / 2048)	((-6337 : ℚ) / 4096)	1	0	3
segment	476	((-6337 : ℚ) / 4096)	((-99 : ℚ) / 64)	1	0	3
segment	477	((-99 : ℚ) / 64)	((-6335 : ℚ) / 4096)	1	0	3
segment	478	((-6335 : ℚ) / 4096)	((-3167 : ℚ) / 2048)	1	0	3
segment	479	((-3167 : ℚ) / 2048)	((-6333 : ℚ) / 4096)	1	0	3
segment	480	((-6333 : ℚ) / 4096)	((-1583 : ℚ) / 1024)	1	0	3
segment	481	((-1583 : ℚ) / 1024)	((-6331 : ℚ) / 4096)	1	0	3
segment	482	((-6331 : ℚ) / 4096)	((-3165 : ℚ) / 2048)	1	0	3
segment	483	((-3165 : ℚ) / 2048)	((-6329 : ℚ) / 4096)	1	0	3
segment	484	((-6329 : ℚ) / 4096)	((-791 : ℚ) / 512)	1	0	3
segment	485	((-791 : ℚ) / 512)	((-6327 : ℚ) / 4096)	1	0	3
segment	486	((-6327 : ℚ) / 4096)	((-3163 : ℚ) / 2048)	1	0	3
segment	487	((-3163 : ℚ) / 2048)	((-6325 : ℚ) / 4096)	1	0	3
segment	488	((-6325 : ℚ) / 4096)	((-1581 : ℚ) / 1024)	1	0	3
segment	489	((-1581 : ℚ) / 1024)	((-6323 : ℚ) / 4096)	1	0	3
segment	490	((-6323 : ℚ) / 4096)	((-3161 : ℚ) / 2048)	1	0	3
segment	491	((-3161 : ℚ) / 2048)	((-6321 : ℚ) / 4096)	1	0	3
segment	492	((-6321 : ℚ) / 4096)	((-395 : ℚ) / 256)	1	0	3
segment	493	((-395 : ℚ) / 256)	((-6319 : ℚ) / 4096)	1	0	3
segment	494	((-6319 : ℚ) / 4096)	((-3159 : ℚ) / 2048)	1	0	3
segment	495	((-3159 : ℚ) / 2048)	((-6317 : ℚ) / 4096)	1	0	3
segment	496	((-6317 : ℚ) / 4096)	((-1579 : ℚ) / 1024)	1	0	3
segment	497	((-1579 : ℚ) / 1024)	((-6315 : ℚ) / 4096)	1	0	3
segment	498	((-6315 : ℚ) / 4096)	((-3157 : ℚ) / 2048)	1	0	3
segment	499	((-3157 : ℚ) / 2048)	((-6313 : ℚ) / 4096)	1	0	3
segment	500	((-6313 : ℚ) / 4096)	((-789 : ℚ) / 512)	1	0	3
segment	501	((-789 : ℚ) / 512)	((-6311 : ℚ) / 4096)	1	0	3
segment	502	((-6311 : ℚ) / 4096)	((-3155 : ℚ) / 2048)	1	0	3
segment	503	((-3155 : ℚ) / 2048)	((-6309 : ℚ) / 4096)	1	0	3
segment	504	((-6309 : ℚ) / 4096)	((-1577 : ℚ) / 1024)	1	0	3
segment	505	((-1577 : ℚ) / 1024)	((-6307 : ℚ) / 4096)	1	0	3
segment	506	((-6307 : ℚ) / 4096)	((-3153 : ℚ) / 2048)	1	0	3
segment	507	((-3153 : ℚ) / 2048)	((-6305 : ℚ) / 4096)	1	0	3
segment	508	((-6305 : ℚ) / 4096)	((-197 : ℚ) / 128)	1	0	3
segment	509	((-197 : ℚ) / 128)	((-6303 : ℚ) / 4096)	1	0	3
segment	510	((-6303 : ℚ) / 4096)	((-3151 : ℚ) / 2048)	1	0	3
segment	511	((-3151 : ℚ) / 2048)	((-6301 : ℚ) / 4096)	1	0	3
segment	512	((-6301 : ℚ) / 4096)	((-1575 : ℚ) / 1024)	1	0	3
segment	513	((-1575 : ℚ) / 1024)	((-6299 : ℚ) / 4096)	1	0	3
segment	514	((-6299 : ℚ) / 4096)	((-3149 : ℚ) / 2048)	1	0	3
segment	515	((-3149 : ℚ) / 2048)	((-6297 : ℚ) / 4096)	1	0	3
segment	516	((-6297 : ℚ) / 4096)	((-787 : ℚ) / 512)	1	0	3
segment	517	((-787 : ℚ) / 512)	((-6295 : ℚ) / 4096)	1	0	3
segment	518	((-6295 : ℚ) / 4096)	((-3147 : ℚ) / 2048)	1	0	3
segment	519	((-3147 : ℚ) / 2048)	((-6293 : ℚ) / 4096)	1	0	3
segment	520	((-6293 : ℚ) / 4096)	((-1573 : ℚ) / 1024)	1	0	3
segment	521	((-1573 : ℚ) / 1024)	((-6291 : ℚ) / 4096)	1	0	3
segment	522	((-6291 : ℚ) / 4096)	((-3145 : ℚ) / 2048)	1	0	3
segment	523	((-3145 : ℚ) / 2048)	((-6289 : ℚ) / 4096)	1	0	3
segment	524	((-6289 : ℚ) / 4096)	((-393 : ℚ) / 256)	1	0	3
segment	525	((-393 : ℚ) / 256)	((-6287 : ℚ) / 4096)	1	0	3
segment	526	((-6287 : ℚ) / 4096)	((-3143 : ℚ) / 2048)	1	0	3
segment	527	((-3143 : ℚ) / 2048)	((-6285 : ℚ) / 4096)	1	0	3
segment	528	((-6285 : ℚ) / 4096)	((-1571 : ℚ) / 1024)	1	0	3
segment	529	((-1571 : ℚ) / 1024)	((-6283 : ℚ) / 4096)	1	0	3
segment	530	((-6283 : ℚ) / 4096)	((-3141 : ℚ) / 2048)	1	0	3
segment	531	((-3141 : ℚ) / 2048)	((-6281 : ℚ) / 4096)	1	0	3
segment	532	((-6281 : ℚ) / 4096)	((-785 : ℚ) / 512)	1	0	3
segment	533	((-785 : ℚ) / 512)	((-6279 : ℚ) / 4096)	1	0	3
segment	534	((-6279 : ℚ) / 4096)	((-3139 : ℚ) / 2048)	1	0	3
segment	535	((-3139 : ℚ) / 2048)	((-6277 : ℚ) / 4096)	1	0	3
segment	536	((-6277 : ℚ) / 4096)	((-1569 : ℚ) / 1024)	1	0	3
segment	537	((-1569 : ℚ) / 1024)	((-6275 : ℚ) / 4096)	1	0	3
segment	538	((-6275 : ℚ) / 4096)	((-3137 : ℚ) / 2048)	1	0	3
segment	539	((-3137 : ℚ) / 2048)	((-6273 : ℚ) / 4096)	1	0	3
segment	540	((-6273 : ℚ) / 4096)	((-49 : ℚ) / 32)	1	0	3
segment	541	((-49 : ℚ) / 32)	((-6271 : ℚ) / 4096)	1	0	3
segment	542	((-6271 : ℚ) / 4096)	((-3135 : ℚ) / 2048)	1	0	3
segment	543	((-3135 : ℚ) / 2048)	((-6269 : ℚ) / 4096)	1	0	3
segment	544	((-6269 : ℚ) / 4096)	((-1567 : ℚ) / 1024)	1	0	3
segment	545	((-1567 : ℚ) / 1024)	((-6267 : ℚ) / 4096)	1	0	3
segment	546	((-6267 : ℚ) / 4096)	((-3133 : ℚ) / 2048)	1	0	3
segment	547	((-3133 : ℚ) / 2048)	((-6265 : ℚ) / 4096)	1	0	3
segment	548	((-6265 : ℚ) / 4096)	((-783 : ℚ) / 512)	1	0	3
segment	549	((-783 : ℚ) / 512)	((-6263 : ℚ) / 4096)	1	0	3
segment	550	((-6263 : ℚ) / 4096)	((-3131 : ℚ) / 2048)	1	0	3
segment	551	((-3131 : ℚ) / 2048)	((-6261 : ℚ) / 4096)	1	0	3
segment	552	((-6261 : ℚ) / 4096)	((-1565 : ℚ) / 1024)	1	0	3
segment	553	((-1565 : ℚ) / 1024)	((-6259 : ℚ) / 4096)	1	0	3
segment	554	((-6259 : ℚ) / 4096)	((-3129 : ℚ) / 2048)	1	0	3
segment	555	((-3129 : ℚ) / 2048)	((-6257 : ℚ) / 4096)	1	0	3
segment	556	((-6257 : ℚ) / 4096)	((-391 : ℚ) / 256)	1	0	3
segment	557	((-391 : ℚ) / 256)	((-6255 : ℚ) / 4096)	1	0	3
segment	558	((-6255 : ℚ) / 4096)	((-3127 : ℚ) / 2048)	1	0	3
segment	559	((-3127 : ℚ) / 2048)	((-6253 : ℚ) / 4096)	1	0	3
segment	560	((-6253 : ℚ) / 4096)	((-1563 : ℚ) / 1024)	1	0	3
segment	561	((-1563 : ℚ) / 1024)	((-6251 : ℚ) / 4096)	1	0	3
segment	562	((-6251 : ℚ) / 4096)	((-3125 : ℚ) / 2048)	1	0	3
segment	563	((-3125 : ℚ) / 2048)	((-6249 : ℚ) / 4096)	1	0	3
segment	564	((-6249 : ℚ) / 4096)	((-781 : ℚ) / 512)	1	0	3
segment	565	((-781 : ℚ) / 512)	((-6247 : ℚ) / 4096)	1	0	3
segment	566	((-6247 : ℚ) / 4096)	((-3123 : ℚ) / 2048)	1	0	3
segment	567	((-3123 : ℚ) / 2048)	((-6245 : ℚ) / 4096)	1	0	3
segment	568	((-6245 : ℚ) / 4096)	((-1561 : ℚ) / 1024)	1	0	3
segment	569	((-1561 : ℚ) / 1024)	((-6243 : ℚ) / 4096)	1	0	3
segment	570	((-6243 : ℚ) / 4096)	((-3121 : ℚ) / 2048)	1	0	3
segment	571	((-3121 : ℚ) / 2048)	((-6241 : ℚ) / 4096)	1	0	3
segment	572	((-6241 : ℚ) / 4096)	((-195 : ℚ) / 128)	1	0	3
segment	573	((-195 : ℚ) / 128)	((-6239 : ℚ) / 4096)	1	0	3
segment	574	((-6239 : ℚ) / 4096)	((-3119 : ℚ) / 2048)	1	0	3
segment	575	((-3119 : ℚ) / 2048)	((-6237 : ℚ) / 4096)	1	0	3
segment	576	((-6237 : ℚ) / 4096)	((-1559 : ℚ) / 1024)	1	0	3
segment	577	((-1559 : ℚ) / 1024)	((-6235 : ℚ) / 4096)	1	0	3
segment	578	((-6235 : ℚ) / 4096)	((-3117 : ℚ) / 2048)	1	0	3
segment	579	((-3117 : ℚ) / 2048)	((-6233 : ℚ) / 4096)	1	0	3
segment	580	((-6233 : ℚ) / 4096)	((-779 : ℚ) / 512)	1	0	3
segment	581	((-779 : ℚ) / 512)	((-6231 : ℚ) / 4096)	1	0	3
segment	582	((-6231 : ℚ) / 4096)	((-3115 : ℚ) / 2048)	1	0	3
segment	583	((-3115 : ℚ) / 2048)	((-6229 : ℚ) / 4096)	1	0	3
segment	584	((-6229 : ℚ) / 4096)	((-1557 : ℚ) / 1024)	1	0	3
segment	585	((-1557 : ℚ) / 1024)	((-6227 : ℚ) / 4096)	1	0	3
segment	586	((-6227 : ℚ) / 4096)	((-3113 : ℚ) / 2048)	1	0	3
segment	587	((-3113 : ℚ) / 2048)	((-6225 : ℚ) / 4096)	1	0	3
segment	588	((-6225 : ℚ) / 4096)	((-389 : ℚ) / 256)	1	0	3
segment	589	((-389 : ℚ) / 256)	((-6223 : ℚ) / 4096)	1	0	3
segment	590	((-6223 : ℚ) / 4096)	((-3111 : ℚ) / 2048)	1	0	3
segment	591	((-3111 : ℚ) / 2048)	((-6221 : ℚ) / 4096)	1	0	3
segment	592	((-6221 : ℚ) / 4096)	((-1555 : ℚ) / 1024)	1	0	3
segment	593	((-1555 : ℚ) / 1024)	((-6219 : ℚ) / 4096)	1	0	3
segment	594	((-6219 : ℚ) / 4096)	((-3109 : ℚ) / 2048)	1	0	3
segment	595	((-3109 : ℚ) / 2048)	((-6217 : ℚ) / 4096)	1	0	3
segment	596	((-6217 : ℚ) / 4096)	((-777 : ℚ) / 512)	1	0	3
segment	597	((-777 : ℚ) / 512)	((-6215 : ℚ) / 4096)	1	0	3
segment	598	((-6215 : ℚ) / 4096)	((-3107 : ℚ) / 2048)	1	0	3
segment	599	((-3107 : ℚ) / 2048)	((-6213 : ℚ) / 4096)	1	0	3
segment	600	((-6213 : ℚ) / 4096)	((-1553 : ℚ) / 1024)	1	0	3
segment	601	((-1553 : ℚ) / 1024)	((-6211 : ℚ) / 4096)	1	0	3
segment	602	((-6211 : ℚ) / 4096)	((-3105 : ℚ) / 2048)	1	0	3
segment	603	((-3105 : ℚ) / 2048)	((-6209 : ℚ) / 4096)	1	0	3
segment	604	((-6209 : ℚ) / 4096)	((-97 : ℚ) / 64)	1	0	3
segment	605	((-97 : ℚ) / 64)	((-6207 : ℚ) / 4096)	1	0	3
segment	606	((-6207 : ℚ) / 4096)	((-3103 : ℚ) / 2048)	1	0	3
segment	607	((-3103 : ℚ) / 2048)	((-6205 : ℚ) / 4096)	1	0	3
segment	608	((-6205 : ℚ) / 4096)	((-1551 : ℚ) / 1024)	1	0	3
segment	609	((-1551 : ℚ) / 1024)	((-6203 : ℚ) / 4096)	1	0	3
segment	610	((-6203 : ℚ) / 4096)	((-3101 : ℚ) / 2048)	1	0	3
segment	611	((-3101 : ℚ) / 2048)	((-6201 : ℚ) / 4096)	1	0	3
segment	612	((-6201 : ℚ) / 4096)	((-775 : ℚ) / 512)	1	0	3
segment	613	((-775 : ℚ) / 512)	((-6199 : ℚ) / 4096)	1	0	3
segment	614	((-6199 : ℚ) / 4096)	((-3099 : ℚ) / 2048)	1	0	3
segment	615	((-3099 : ℚ) / 2048)	((-6197 : ℚ) / 4096)	1	0	3
segment	616	((-6197 : ℚ) / 4096)	((-1549 : ℚ) / 1024)	1	0	3
segment	617	((-1549 : ℚ) / 1024)	((-6195 : ℚ) / 4096)	1	0	3
segment	618	((-6195 : ℚ) / 4096)	((-3097 : ℚ) / 2048)	1	0	3
segment	619	((-3097 : ℚ) / 2048)	((-6193 : ℚ) / 4096)	1	0	3
segment	620	((-6193 : ℚ) / 4096)	((-387 : ℚ) / 256)	1	0	3
segment	621	((-387 : ℚ) / 256)	((-6191 : ℚ) / 4096)	1	0	3
segment	622	((-6191 : ℚ) / 4096)	((-3095 : ℚ) / 2048)	1	0	3
segment	623	((-3095 : ℚ) / 2048)	((-6189 : ℚ) / 4096)	1	0	3
segment	624	((-6189 : ℚ) / 4096)	((-1547 : ℚ) / 1024)	1	0	3
segment	625	((-1547 : ℚ) / 1024)	((-6187 : ℚ) / 4096)	1	0	3
segment	626	((-6187 : ℚ) / 4096)	((-3093 : ℚ) / 2048)	1	0	3
segment	627	((-3093 : ℚ) / 2048)	((-6185 : ℚ) / 4096)	1	0	3
segment	628	((-6185 : ℚ) / 4096)	((-773 : ℚ) / 512)	1	0	3
segment	629	((-773 : ℚ) / 512)	((-6183 : ℚ) / 4096)	1	0	3
segment	630	((-6183 : ℚ) / 4096)	((-3091 : ℚ) / 2048)	1	0	3
segment	631	((-3091 : ℚ) / 2048)	((-6181 : ℚ) / 4096)	1	0	3
segment	632	((-6181 : ℚ) / 4096)	((-1545 : ℚ) / 1024)	1	0	3
segment	633	((-1545 : ℚ) / 1024)	((-6179 : ℚ) / 4096)	1	0	3
segment	634	((-6179 : ℚ) / 4096)	((-3089 : ℚ) / 2048)	1	0	3
segment	635	((-3089 : ℚ) / 2048)	((-6177 : ℚ) / 4096)	1	0	3
segment	636	((-6177 : ℚ) / 4096)	((-193 : ℚ) / 128)	1	0	3
segment	637	((-193 : ℚ) / 128)	((-6175 : ℚ) / 4096)	1	0	3
segment	638	((-6175 : ℚ) / 4096)	((-3087 : ℚ) / 2048)	1	0	3
segment	639	((-3087 : ℚ) / 2048)	((-6173 : ℚ) / 4096)	1	0	3
segment	640	((-6173 : ℚ) / 4096)	((-1543 : ℚ) / 1024)	1	0	3
segment	641	((-1543 : ℚ) / 1024)	((-6171 : ℚ) / 4096)	1	0	3
segment	642	((-6171 : ℚ) / 4096)	((-3085 : ℚ) / 2048)	1	0	3
segment	643	((-3085 : ℚ) / 2048)	((-6169 : ℚ) / 4096)	1	0	3
segment	644	((-6169 : ℚ) / 4096)	((-771 : ℚ) / 512)	1	0	3
segment	645	((-771 : ℚ) / 512)	((-6167 : ℚ) / 4096)	1	0	3
segment	646	((-6167 : ℚ) / 4096)	((-3083 : ℚ) / 2048)	1	0	3
segment	647	((-3083 : ℚ) / 2048)	((-6165 : ℚ) / 4096)	1	0	3
segment	648	((-6165 : ℚ) / 4096)	((-1541 : ℚ) / 1024)	1	0	3
segment	649	((-1541 : ℚ) / 1024)	((-6163 : ℚ) / 4096)	1	0	3
segment	650	((-6163 : ℚ) / 4096)	((-3081 : ℚ) / 2048)	1	0	3
segment	651	((-3081 : ℚ) / 2048)	((-6161 : ℚ) / 4096)	1	0	3
segment	652	((-6161 : ℚ) / 4096)	((-385 : ℚ) / 256)	1	0	3
segment	653	((-385 : ℚ) / 256)	((-6159 : ℚ) / 4096)	1	0	3
segment	654	((-6159 : ℚ) / 4096)	((-3079 : ℚ) / 2048)	1	0	3
segment	655	((-3079 : ℚ) / 2048)	((-6157 : ℚ) / 4096)	1	0	3
segment	656	((-6157 : ℚ) / 4096)	((-1539 : ℚ) / 1024)	1	0	3
segment	657	((-1539 : ℚ) / 1024)	((-6155 : ℚ) / 4096)	1	0	3
segment	658	((-6155 : ℚ) / 4096)	((-3077 : ℚ) / 2048)	1	0	3
segment	659	((-3077 : ℚ) / 2048)	((-6153 : ℚ) / 4096)	1	0	3
segment	660	((-6153 : ℚ) / 4096)	((-769 : ℚ) / 512)	1	0	3
segment	661	((-769 : ℚ) / 512)	((-6151 : ℚ) / 4096)	1	0	3
segment	662	((-6151 : ℚ) / 4096)	((-3075 : ℚ) / 2048)	1	0	3
segment	663	((-3075 : ℚ) / 2048)	((-6149 : ℚ) / 4096)	1	0	3
segment	664	((-6149 : ℚ) / 4096)	((-1537 : ℚ) / 1024)	1	0	3
segment	665	((-1537 : ℚ) / 1024)	((-6147 : ℚ) / 4096)	1	0	3
segment	666	((-6147 : ℚ) / 4096)	((-3073 : ℚ) / 2048)	1	0	3
segment	667	((-3073 : ℚ) / 2048)	((-6145 : ℚ) / 4096)	1	0	3
segment	668	((-6145 : ℚ) / 4096)	((-3 : ℚ) / 2)	1	0	3
segment	669	((-3 : ℚ) / 2)	((-6143 : ℚ) / 4096)	1	0	3
segment	670	((-6143 : ℚ) / 4096)	((-3071 : ℚ) / 2048)	1	0	3
segment	671	((-3071 : ℚ) / 2048)	((-6141 : ℚ) / 4096)	1	0	3
segment	672	((-6141 : ℚ) / 4096)	((-1535 : ℚ) / 1024)	1	0	3
segment	673	((-1535 : ℚ) / 1024)	((-6139 : ℚ) / 4096)	1	0	3
segment	674	((-6139 : ℚ) / 4096)	((-3069 : ℚ) / 2048)	1	0	3
segment	675	((-3069 : ℚ) / 2048)	((-6137 : ℚ) / 4096)	1	0	3
segment	676	((-6137 : ℚ) / 4096)	((-767 : ℚ) / 512)	1	0	3
segment	677	((-767 : ℚ) / 512)	((-6135 : ℚ) / 4096)	1	0	3
segment	678	((-6135 : ℚ) / 4096)	((-3067 : ℚ) / 2048)	1	0	3
segment	679	((-3067 : ℚ) / 2048)	((-6133 : ℚ) / 4096)	1	0	3
segment	680	((-6133 : ℚ) / 4096)	((-1533 : ℚ) / 1024)	1	0	3
segment	681	((-1533 : ℚ) / 1024)	((-6131 : ℚ) / 4096)	1	0	3
segment	682	((-6131 : ℚ) / 4096)	((-3065 : ℚ) / 2048)	1	0	3
segment	683	((-3065 : ℚ) / 2048)	((-6129 : ℚ) / 4096)	1	0	3
segment	684	((-6129 : ℚ) / 4096)	((-383 : ℚ) / 256)	1	0	3
segment	685	((-383 : ℚ) / 256)	((-6127 : ℚ) / 4096)	1	0	3
segment	686	((-6127 : ℚ) / 4096)	((-3063 : ℚ) / 2048)	1	0	3
segment	687	((-3063 : ℚ) / 2048)	((-6125 : ℚ) / 4096)	1	0	3
segment	688	((-6125 : ℚ) / 4096)	((-1531 : ℚ) / 1024)	1	0	3
segment	689	((-1531 : ℚ) / 1024)	((-6123 : ℚ) / 4096)	1	0	3
segment	690	((-6123 : ℚ) / 4096)	((-3061 : ℚ) / 2048)	1	0	3
segment	691	((-3061 : ℚ) / 2048)	((-6121 : ℚ) / 4096)	1	0	3
segment	692	((-6121 : ℚ) / 4096)	((-765 : ℚ) / 512)	1	0	3
segment	693	((-765 : ℚ) / 512)	((-6119 : ℚ) / 4096)	1	0	3
segment	694	((-6119 : ℚ) / 4096)	((-3059 : ℚ) / 2048)	1	0	3
segment	695	((-3059 : ℚ) / 2048)	((-6117 : ℚ) / 4096)	1	0	3
segment	696	((-6117 : ℚ) / 4096)	((-1529 : ℚ) / 1024)	1	0	3
segment	697	((-1529 : ℚ) / 1024)	((-6115 : ℚ) / 4096)	1	0	3
segment	698	((-6115 : ℚ) / 4096)	((-3057 : ℚ) / 2048)	1	0	3
segment	699	((-3057 : ℚ) / 2048)	((-6113 : ℚ) / 4096)	1	0	3
segment	700	((-6113 : ℚ) / 4096)	((-191 : ℚ) / 128)	1	0	3
segment	701	((-191 : ℚ) / 128)	((-6111 : ℚ) / 4096)	1	0	3
segment	702	((-6111 : ℚ) / 4096)	((-3055 : ℚ) / 2048)	1	0	3
segment	703	((-3055 : ℚ) / 2048)	((-6109 : ℚ) / 4096)	1	0	3
segment	704	((-6109 : ℚ) / 4096)	((-1527 : ℚ) / 1024)	1	0	3
segment	705	((-1527 : ℚ) / 1024)	((-6107 : ℚ) / 4096)	1	0	3
segment	706	((-6107 : ℚ) / 4096)	((-3053 : ℚ) / 2048)	1	0	3
segment	707	((-3053 : ℚ) / 2048)	((-6105 : ℚ) / 4096)	1	0	3
segment	708	((-6105 : ℚ) / 4096)	((-763 : ℚ) / 512)	1	0	3
segment	709	((-763 : ℚ) / 512)	((-6103 : ℚ) / 4096)	1	0	3
segment	710	((-6103 : ℚ) / 4096)	((-3051 : ℚ) / 2048)	1	0	3
segment	711	((-3051 : ℚ) / 2048)	((-6101 : ℚ) / 4096)	1	0	3
segment	712	((-6101 : ℚ) / 4096)	((-1525 : ℚ) / 1024)	1	0	3
segment	713	((-1525 : ℚ) / 1024)	((-6099 : ℚ) / 4096)	1	0	3
segment	714	((-6099 : ℚ) / 4096)	((-3049 : ℚ) / 2048)	1	0	3
segment	715	((-3049 : ℚ) / 2048)	((-6097 : ℚ) / 4096)	1	0	3
segment	716	((-6097 : ℚ) / 4096)	((-381 : ℚ) / 256)	1	0	3
segment	717	((-381 : ℚ) / 256)	((-6095 : ℚ) / 4096)	1	0	3
segment	718	((-6095 : ℚ) / 4096)	((-3047 : ℚ) / 2048)	1	0	3
segment	719	((-3047 : ℚ) / 2048)	((-6093 : ℚ) / 4096)	1	0	3
segment	720	((-6093 : ℚ) / 4096)	((-1523 : ℚ) / 1024)	1	0	3
segment	721	((-1523 : ℚ) / 1024)	((-6091 : ℚ) / 4096)	1	0	3
segment	722	((-6091 : ℚ) / 4096)	((-3045 : ℚ) / 2048)	1	0	3
segment	723	((-3045 : ℚ) / 2048)	((-6089 : ℚ) / 4096)	1	0	3
segment	724	((-6089 : ℚ) / 4096)	((-761 : ℚ) / 512)	1	0	3
segment	725	((-761 : ℚ) / 512)	((-6087 : ℚ) / 4096)	1	0	3
segment	726	((-6087 : ℚ) / 4096)	((-3043 : ℚ) / 2048)	1	0	3
segment	727	((-3043 : ℚ) / 2048)	((-6085 : ℚ) / 4096)	1	0	3
segment	728	((-6085 : ℚ) / 4096)	((-1521 : ℚ) / 1024)	1	0	3
segment	729	((-1521 : ℚ) / 1024)	((-6083 : ℚ) / 4096)	1	0	3
segment	730	((-6083 : ℚ) / 4096)	((-3041 : ℚ) / 2048)	1	0	3
segment	731	((-3041 : ℚ) / 2048)	((-6081 : ℚ) / 4096)	1	0	3
segment	732	((-6081 : ℚ) / 4096)	((-95 : ℚ) / 64)	1	0	3
segment	733	((-95 : ℚ) / 64)	((-6079 : ℚ) / 4096)	1	0	3
segment	734	((-6079 : ℚ) / 4096)	((-3039 : ℚ) / 2048)	1	0	3
segment	735	((-3039 : ℚ) / 2048)	((-6077 : ℚ) / 4096)	1	0	3
segment	736	((-6077 : ℚ) / 4096)	((-1519 : ℚ) / 1024)	1	0	3
segment	737	((-1519 : ℚ) / 1024)	((-6075 : ℚ) / 4096)	1	0	3
segment	738	((-6075 : ℚ) / 4096)	((-3037 : ℚ) / 2048)	1	0	3
segment	739	((-3037 : ℚ) / 2048)	((-6073 : ℚ) / 4096)	1	0	3
segment	740	((-6073 : ℚ) / 4096)	((-759 : ℚ) / 512)	1	0	3
segment	741	((-759 : ℚ) / 512)	((-6071 : ℚ) / 4096)	1	0	3
segment	742	((-6071 : ℚ) / 4096)	((-3035 : ℚ) / 2048)	1	0	3
segment	743	((-3035 : ℚ) / 2048)	((-6069 : ℚ) / 4096)	1	0	3
segment	744	((-6069 : ℚ) / 4096)	((-1517 : ℚ) / 1024)	1	0	3
segment	745	((-1517 : ℚ) / 1024)	((-6067 : ℚ) / 4096)	1	0	3
segment	746	((-6067 : ℚ) / 4096)	((-3033 : ℚ) / 2048)	1	0	3
segment	747	((-3033 : ℚ) / 2048)	((-6065 : ℚ) / 4096)	1	0	3
segment	748	((-6065 : ℚ) / 4096)	((-379 : ℚ) / 256)	1	0	3
segment	749	((-379 : ℚ) / 256)	((-6063 : ℚ) / 4096)	1	0	3
segment	750	((-6063 : ℚ) / 4096)	((-3031 : ℚ) / 2048)	1	0	3
segment	751	((-3031 : ℚ) / 2048)	((-6061 : ℚ) / 4096)	1	0	3
segment	752	((-6061 : ℚ) / 4096)	((-1515 : ℚ) / 1024)	1	0	3
segment	753	((-1515 : ℚ) / 1024)	((-6059 : ℚ) / 4096)	1	0	3
segment	754	((-6059 : ℚ) / 4096)	((-3029 : ℚ) / 2048)	1	0	3
segment	755	((-3029 : ℚ) / 2048)	((-6057 : ℚ) / 4096)	1	0	3
segment	756	((-6057 : ℚ) / 4096)	((-757 : ℚ) / 512)	1	0	3
segment	757	((-757 : ℚ) / 512)	((-6055 : ℚ) / 4096)	1	0	3
segment	758	((-6055 : ℚ) / 4096)	((-3027 : ℚ) / 2048)	1	0	3
segment	759	((-3027 : ℚ) / 2048)	((-6053 : ℚ) / 4096)	1	0	3
segment	760	((-6053 : ℚ) / 4096)	((-1513 : ℚ) / 1024)	1	0	3
segment	761	((-1513 : ℚ) / 1024)	((-6051 : ℚ) / 4096)	1	0	3
segment	762	((-6051 : ℚ) / 4096)	((-3025 : ℚ) / 2048)	1	0	3
segment	763	((-3025 : ℚ) / 2048)	((-6049 : ℚ) / 4096)	1	0	3
segment	764	((-6049 : ℚ) / 4096)	((-189 : ℚ) / 128)	1	0	3
segment	765	((-189 : ℚ) / 128)	((-6047 : ℚ) / 4096)	1	0	3
segment	766	((-6047 : ℚ) / 4096)	((-3023 : ℚ) / 2048)	1	0	3
segment	767	((-3023 : ℚ) / 2048)	((-6045 : ℚ) / 4096)	1	0	3
segment	768	((-6045 : ℚ) / 4096)	((-1511 : ℚ) / 1024)	1	0	3
segment	769	((-1511 : ℚ) / 1024)	((-6043 : ℚ) / 4096)	1	0	3
segment	770	((-6043 : ℚ) / 4096)	((-3021 : ℚ) / 2048)	1	0	3
segment	771	((-3021 : ℚ) / 2048)	((-6041 : ℚ) / 4096)	1	0	3
segment	772	((-6041 : ℚ) / 4096)	((-755 : ℚ) / 512)	1	0	3
segment	773	((-755 : ℚ) / 512)	((-6039 : ℚ) / 4096)	1	0	3
segment	774	((-6039 : ℚ) / 4096)	((-3019 : ℚ) / 2048)	1	0	3
segment	775	((-3019 : ℚ) / 2048)	((-6037 : ℚ) / 4096)	1	0	3
segment	776	((-6037 : ℚ) / 4096)	((-1509 : ℚ) / 1024)	1	0	3
segment	777	((-1509 : ℚ) / 1024)	((-6035 : ℚ) / 4096)	1	0	3
segment	778	((-6035 : ℚ) / 4096)	((-3017 : ℚ) / 2048)	1	0	3
segment	779	((-3017 : ℚ) / 2048)	((-6033 : ℚ) / 4096)	1	0	3
segment	780	((-6033 : ℚ) / 4096)	((-377 : ℚ) / 256)	1	0	3
segment	781	((-377 : ℚ) / 256)	((-6031 : ℚ) / 4096)	1	0	3
segment	782	((-6031 : ℚ) / 4096)	((-3015 : ℚ) / 2048)	1	0	3
segment	783	((-3015 : ℚ) / 2048)	((-6029 : ℚ) / 4096)	1	0	3
segment	784	((-6029 : ℚ) / 4096)	((-1507 : ℚ) / 1024)	1	0	3
segment	785	((-1507 : ℚ) / 1024)	((-6027 : ℚ) / 4096)	1	0	3
segment	786	((-6027 : ℚ) / 4096)	((-3013 : ℚ) / 2048)	1	0	3
segment	787	((-3013 : ℚ) / 2048)	((-6025 : ℚ) / 4096)	1	0	3
segment	788	((-6025 : ℚ) / 4096)	((-753 : ℚ) / 512)	1	0	3
segment	789	((-753 : ℚ) / 512)	((-6023 : ℚ) / 4096)	1	0	3
segment	790	((-6023 : ℚ) / 4096)	((-3011 : ℚ) / 2048)	1	0	3
segment	791	((-3011 : ℚ) / 2048)	((-6021 : ℚ) / 4096)	1	0	3
segment	792	((-6021 : ℚ) / 4096)	((-1505 : ℚ) / 1024)	1	0	3
segment	793	((-1505 : ℚ) / 1024)	((-6019 : ℚ) / 4096)	1	0	3
segment	794	((-6019 : ℚ) / 4096)	((-3009 : ℚ) / 2048)	1	0	3
segment	795	((-3009 : ℚ) / 2048)	((-6017 : ℚ) / 4096)	1	0	3
segment	796	((-6017 : ℚ) / 4096)	((-47 : ℚ) / 32)	1	0	3
segment	797	((-47 : ℚ) / 32)	((-6015 : ℚ) / 4096)	1	0	3
segment	798	((-6015 : ℚ) / 4096)	((-3007 : ℚ) / 2048)	1	0	3
segment	799	((-3007 : ℚ) / 2048)	((-6013 : ℚ) / 4096)	1	0	3
segment	800	((-6013 : ℚ) / 4096)	((-1503 : ℚ) / 1024)	1	0	3
segment	801	((-1503 : ℚ) / 1024)	((-6011 : ℚ) / 4096)	1	0	3
segment	802	((-6011 : ℚ) / 4096)	((-3005 : ℚ) / 2048)	1	0	3
segment	803	((-3005 : ℚ) / 2048)	((-6009 : ℚ) / 4096)	1	0	3
segment	804	((-6009 : ℚ) / 4096)	((-751 : ℚ) / 512)	1	0	3
segment	805	((-751 : ℚ) / 512)	((-6007 : ℚ) / 4096)	1	0	3
segment	806	((-6007 : ℚ) / 4096)	((-3003 : ℚ) / 2048)	1	0	3
segment	807	((-3003 : ℚ) / 2048)	((-6005 : ℚ) / 4096)	1	0	3
segment	808	((-6005 : ℚ) / 4096)	((-1501 : ℚ) / 1024)	1	0	3
segment	809	((-1501 : ℚ) / 1024)	((-6003 : ℚ) / 4096)	1	0	3
segment	810	((-6003 : ℚ) / 4096)	((-3001 : ℚ) / 2048)	1	0	3
segment	811	((-3001 : ℚ) / 2048)	((-6001 : ℚ) / 4096)	1	0	3
segment	812	((-6001 : ℚ) / 4096)	((-375 : ℚ) / 256)	1	0	3
segment	813	((-375 : ℚ) / 256)	((-5999 : ℚ) / 4096)	1	0	3
segment	814	((-5999 : ℚ) / 4096)	((-2999 : ℚ) / 2048)	1	0	3
segment	815	((-2999 : ℚ) / 2048)	((-5997 : ℚ) / 4096)	1	0	3
segment	816	((-5997 : ℚ) / 4096)	((-1499 : ℚ) / 1024)	1	0	3
segment	817	((-1499 : ℚ) / 1024)	((-5995 : ℚ) / 4096)	1	0	3
segment	818	((-5995 : ℚ) / 4096)	((-2997 : ℚ) / 2048)	1	0	3
segment	819	((-2997 : ℚ) / 2048)	((-5993 : ℚ) / 4096)	1	0	3
segment	820	((-5993 : ℚ) / 4096)	((-749 : ℚ) / 512)	1	0	3
segment	821	((-749 : ℚ) / 512)	((-5991 : ℚ) / 4096)	1	0	3
segment	822	((-5991 : ℚ) / 4096)	((-2995 : ℚ) / 2048)	1	0	3
segment	823	((-2995 : ℚ) / 2048)	((-5989 : ℚ) / 4096)	1	0	3
segment	824	((-5989 : ℚ) / 4096)	((-1497 : ℚ) / 1024)	1	0	3
segment	825	((-1497 : ℚ) / 1024)	((-5987 : ℚ) / 4096)	1	0	3
segment	826	((-5987 : ℚ) / 4096)	((-2993 : ℚ) / 2048)	1	0	3
segment	827	((-2993 : ℚ) / 2048)	((-5985 : ℚ) / 4096)	1	0	3
segment	828	((-5985 : ℚ) / 4096)	((-187 : ℚ) / 128)	1	0	3
segment	829	((-187 : ℚ) / 128)	((-5983 : ℚ) / 4096)	1	0	3
segment	830	((-5983 : ℚ) / 4096)	((-2991 : ℚ) / 2048)	1	0	3
segment	831	((-2991 : ℚ) / 2048)	((-5981 : ℚ) / 4096)	1	0	3
segment	832	((-5981 : ℚ) / 4096)	((-1495 : ℚ) / 1024)	1	0	3
segment	833	((-1495 : ℚ) / 1024)	((-5979 : ℚ) / 4096)	1	0	3
segment	834	((-5979 : ℚ) / 4096)	((-2989 : ℚ) / 2048)	1	0	3
segment	835	((-2989 : ℚ) / 2048)	((-5977 : ℚ) / 4096)	1	0	3
segment	836	((-5977 : ℚ) / 4096)	((-747 : ℚ) / 512)	1	0	3
segment	837	((-747 : ℚ) / 512)	((-5975 : ℚ) / 4096)	1	0	3
segment	838	((-5975 : ℚ) / 4096)	((-2987 : ℚ) / 2048)	1	0	3
segment	839	((-2987 : ℚ) / 2048)	((-5973 : ℚ) / 4096)	1	0	3
segment	840	((-5973 : ℚ) / 4096)	((-1493 : ℚ) / 1024)	1	0	3
segment	841	((-1493 : ℚ) / 1024)	((-5971 : ℚ) / 4096)	1	0	3
segment	842	((-5971 : ℚ) / 4096)	((-2985 : ℚ) / 2048)	1	0	3
segment	843	((-2985 : ℚ) / 2048)	((-5969 : ℚ) / 4096)	1	0	3
segment	844	((-5969 : ℚ) / 4096)	((-373 : ℚ) / 256)	1	0	3
segment	845	((-373 : ℚ) / 256)	((-5967 : ℚ) / 4096)	1	0	3
segment	846	((-5967 : ℚ) / 4096)	((-2983 : ℚ) / 2048)	1	0	3
segment	847	((-2983 : ℚ) / 2048)	((-5965 : ℚ) / 4096)	1	0	3
segment	848	((-5965 : ℚ) / 4096)	((-1491 : ℚ) / 1024)	1	0	3
segment	849	((-1491 : ℚ) / 1024)	((-5963 : ℚ) / 4096)	1	0	3
segment	850	((-5963 : ℚ) / 4096)	((-2981 : ℚ) / 2048)	1	0	3
segment	851	((-2981 : ℚ) / 2048)	((-5961 : ℚ) / 4096)	1	0	3
segment	852	((-5961 : ℚ) / 4096)	((-745 : ℚ) / 512)	1	0	3
segment	853	((-745 : ℚ) / 512)	((-5959 : ℚ) / 4096)	1	0	3
segment	854	((-5959 : ℚ) / 4096)	((-2979 : ℚ) / 2048)	1	0	3
segment	855	((-2979 : ℚ) / 2048)	((-5957 : ℚ) / 4096)	1	0	3
segment	856	((-5957 : ℚ) / 4096)	((-1489 : ℚ) / 1024)	1	0	3
segment	857	((-1489 : ℚ) / 1024)	((-5955 : ℚ) / 4096)	1	0	3
segment	858	((-5955 : ℚ) / 4096)	((-2977 : ℚ) / 2048)	1	0	3
segment	859	((-2977 : ℚ) / 2048)	((-5953 : ℚ) / 4096)	1	0	3
segment	860	((-5953 : ℚ) / 4096)	((-93 : ℚ) / 64)	1	0	3
segment	861	((-93 : ℚ) / 64)	((-5951 : ℚ) / 4096)	1	0	3
segment	862	((-5951 : ℚ) / 4096)	((-2975 : ℚ) / 2048)	1	0	3
segment	863	((-2975 : ℚ) / 2048)	((-5949 : ℚ) / 4096)	1	0	3
segment	864	((-5949 : ℚ) / 4096)	((-1487 : ℚ) / 1024)	1	0	3
segment	865	((-1487 : ℚ) / 1024)	((-5947 : ℚ) / 4096)	1	0	3
segment	866	((-5947 : ℚ) / 4096)	((-2973 : ℚ) / 2048)	1	0	3
segment	867	((-2973 : ℚ) / 2048)	((-5945 : ℚ) / 4096)	1	0	3
segment	868	((-5945 : ℚ) / 4096)	((-743 : ℚ) / 512)	1	0	3
segment	869	((-743 : ℚ) / 512)	((-5943 : ℚ) / 4096)	1	0	3
segment	870	((-5943 : ℚ) / 4096)	((-2971 : ℚ) / 2048)	1	0	3
segment	871	((-2971 : ℚ) / 2048)	((-5941 : ℚ) / 4096)	1	0	3
segment	872	((-5941 : ℚ) / 4096)	((-1485 : ℚ) / 1024)	1	0	3
segment	873	((-1485 : ℚ) / 1024)	((-5939 : ℚ) / 4096)	1	0	3
segment	874	((-5939 : ℚ) / 4096)	((-2969 : ℚ) / 2048)	1	0	3
segment	875	((-2969 : ℚ) / 2048)	((-5937 : ℚ) / 4096)	1	0	3
segment	876	((-5937 : ℚ) / 4096)	((-371 : ℚ) / 256)	1	0	3
segment	877	((-371 : ℚ) / 256)	((-5935 : ℚ) / 4096)	1	0	3
segment	878	((-5935 : ℚ) / 4096)	((-2967 : ℚ) / 2048)	1	0	3
segment	879	((-2967 : ℚ) / 2048)	((-5933 : ℚ) / 4096)	1	0	3
segment	880	((-5933 : ℚ) / 4096)	((-1483 : ℚ) / 1024)	1	0	3
segment	881	((-1483 : ℚ) / 1024)	((-5931 : ℚ) / 4096)	1	0	3
segment	882	((-5931 : ℚ) / 4096)	((-2965 : ℚ) / 2048)	1	0	3
segment	883	((-2965 : ℚ) / 2048)	((-5929 : ℚ) / 4096)	1	0	3
segment	884	((-5929 : ℚ) / 4096)	((-741 : ℚ) / 512)	1	0	3
segment	885	((-741 : ℚ) / 512)	((-5927 : ℚ) / 4096)	1	0	3
segment	886	((-5927 : ℚ) / 4096)	((-2963 : ℚ) / 2048)	1	0	3
segment	887	((-2963 : ℚ) / 2048)	((-5925 : ℚ) / 4096)	1	0	3
segment	888	((-5925 : ℚ) / 4096)	((-1481 : ℚ) / 1024)	1	0	3
segment	889	((-1481 : ℚ) / 1024)	((-5923 : ℚ) / 4096)	1	0	3
segment	890	((-5923 : ℚ) / 4096)	((-2961 : ℚ) / 2048)	1	0	3
segment	891	((-2961 : ℚ) / 2048)	((-5921 : ℚ) / 4096)	1	0	3
segment	892	((-5921 : ℚ) / 4096)	((-185 : ℚ) / 128)	1	0	3
segment	893	((-185 : ℚ) / 128)	((-5919 : ℚ) / 4096)	1	0	3
segment	894	((-5919 : ℚ) / 4096)	((-2959 : ℚ) / 2048)	1	0	3
segment	895	((-2959 : ℚ) / 2048)	((-5917 : ℚ) / 4096)	1	0	3
segment	896	((-5917 : ℚ) / 4096)	((-1479 : ℚ) / 1024)	1	0	3
segment	897	((-1479 : ℚ) / 1024)	((-5915 : ℚ) / 4096)	1	0	3
segment	898	((-5915 : ℚ) / 4096)	((-2957 : ℚ) / 2048)	1	0	3
segment	899	((-2957 : ℚ) / 2048)	((-5913 : ℚ) / 4096)	1	0	3
segment	900	((-5913 : ℚ) / 4096)	((-739 : ℚ) / 512)	1	0	3
segment	901	((-739 : ℚ) / 512)	((-5911 : ℚ) / 4096)	1	0	3
segment	902	((-5911 : ℚ) / 4096)	((-2955 : ℚ) / 2048)	1	0	3
segment	903	((-2955 : ℚ) / 2048)	((-5909 : ℚ) / 4096)	1	0	3
segment	904	((-5909 : ℚ) / 4096)	((-1477 : ℚ) / 1024)	1	0	3
segment	905	((-1477 : ℚ) / 1024)	((-5907 : ℚ) / 4096)	1	0	3
segment	906	((-5907 : ℚ) / 4096)	((-2953 : ℚ) / 2048)	1	0	3
segment	907	((-2953 : ℚ) / 2048)	((-5905 : ℚ) / 4096)	1	0	3
segment	908	((-5905 : ℚ) / 4096)	((-369 : ℚ) / 256)	1	0	3
segment	909	((-369 : ℚ) / 256)	((-5903 : ℚ) / 4096)	1	0	3
segment	910	((-5903 : ℚ) / 4096)	((-2951 : ℚ) / 2048)	1	0	3
segment	911	((-2951 : ℚ) / 2048)	((-5901 : ℚ) / 4096)	1	0	3
segment	912	((-5901 : ℚ) / 4096)	((-1475 : ℚ) / 1024)	1	0	3
segment	913	((-1475 : ℚ) / 1024)	((-5899 : ℚ) / 4096)	1	0	3
segment	914	((-5899 : ℚ) / 4096)	((-2949 : ℚ) / 2048)	1	0	3
segment	915	((-2949 : ℚ) / 2048)	((-5897 : ℚ) / 4096)	1	0	3
segment	916	((-5897 : ℚ) / 4096)	((-737 : ℚ) / 512)	1	0	3
segment	917	((-737 : ℚ) / 512)	((-5895 : ℚ) / 4096)	1	0	3
segment	918	((-5895 : ℚ) / 4096)	((-2947 : ℚ) / 2048)	1	0	3
segment	919	((-2947 : ℚ) / 2048)	((-5893 : ℚ) / 4096)	1	0	3
segment	920	((-5893 : ℚ) / 4096)	((-1473 : ℚ) / 1024)	1	0	3
segment	921	((-1473 : ℚ) / 1024)	((-5891 : ℚ) / 4096)	1	0	3
segment	922	((-5891 : ℚ) / 4096)	((-2945 : ℚ) / 2048)	1	0	3
segment	923	((-2945 : ℚ) / 2048)	((-5889 : ℚ) / 4096)	1	0	3
segment	924	((-5889 : ℚ) / 4096)	((-23 : ℚ) / 16)	1	0	3
segment	925	((-23 : ℚ) / 16)	((-5887 : ℚ) / 4096)	1	0	3
segment	926	((-5887 : ℚ) / 4096)	((-2943 : ℚ) / 2048)	1	0	3
segment	927	((-2943 : ℚ) / 2048)	((-5885 : ℚ) / 4096)	1	0	3
segment	928	((-5885 : ℚ) / 4096)	((-1471 : ℚ) / 1024)	1	0	3
segment	929	((-1471 : ℚ) / 1024)	((-5883 : ℚ) / 4096)	1	0	3
segment	930	((-5883 : ℚ) / 4096)	((-2941 : ℚ) / 2048)	1	0	3
segment	931	((-2941 : ℚ) / 2048)	((-5881 : ℚ) / 4096)	1	0	3
segment	932	((-5881 : ℚ) / 4096)	((-735 : ℚ) / 512)	1	0	3
segment	933	((-735 : ℚ) / 512)	((-5879 : ℚ) / 4096)	1	0	3
segment	934	((-5879 : ℚ) / 4096)	((-2939 : ℚ) / 2048)	1	0	3
segment	935	((-2939 : ℚ) / 2048)	((-5877 : ℚ) / 4096)	1	0	3
segment	936	((-5877 : ℚ) / 4096)	((-1469 : ℚ) / 1024)	1	0	3
segment	937	((-1469 : ℚ) / 1024)	((-5875 : ℚ) / 4096)	1	0	3
segment	938	((-5875 : ℚ) / 4096)	((-2937 : ℚ) / 2048)	1	0	3
segment	939	((-2937 : ℚ) / 2048)	((-5873 : ℚ) / 4096)	1	0	3
segment	940	((-5873 : ℚ) / 4096)	((-367 : ℚ) / 256)	1	0	3
segment	941	((-367 : ℚ) / 256)	((-5871 : ℚ) / 4096)	1	0	3
segment	942	((-5871 : ℚ) / 4096)	((-2935 : ℚ) / 2048)	1	0	3
segment	943	((-2935 : ℚ) / 2048)	((-5869 : ℚ) / 4096)	1	0	3
segment	944	((-5869 : ℚ) / 4096)	((-1467 : ℚ) / 1024)	1	0	3
segment	945	((-1467 : ℚ) / 1024)	((-5867 : ℚ) / 4096)	1	0	3
segment	946	((-5867 : ℚ) / 4096)	((-2933 : ℚ) / 2048)	1	0	3
segment	947	((-2933 : ℚ) / 2048)	((-5865 : ℚ) / 4096)	1	0	3
segment	948	((-5865 : ℚ) / 4096)	((-733 : ℚ) / 512)	1	0	3
segment	949	((-733 : ℚ) / 512)	((-5863 : ℚ) / 4096)	1	0	3
segment	950	((-5863 : ℚ) / 4096)	((-2931 : ℚ) / 2048)	1	0	3
segment	951	((-2931 : ℚ) / 2048)	((-5861 : ℚ) / 4096)	1	0	3
segment	952	((-5861 : ℚ) / 4096)	((-1465 : ℚ) / 1024)	1	0	3
segment	953	((-1465 : ℚ) / 1024)	((-5859 : ℚ) / 4096)	1	0	3
segment	954	((-5859 : ℚ) / 4096)	((-2929 : ℚ) / 2048)	1	0	3
segment	955	((-2929 : ℚ) / 2048)	((-5857 : ℚ) / 4096)	1	0	3
segment	956	((-5857 : ℚ) / 4096)	((-183 : ℚ) / 128)	1	0	3
segment	957	((-183 : ℚ) / 128)	((-5855 : ℚ) / 4096)	1	0	3
segment	958	((-5855 : ℚ) / 4096)	((-2927 : ℚ) / 2048)	1	0	3
segment	959	((-2927 : ℚ) / 2048)	((-5853 : ℚ) / 4096)	1	0	3
segment	960	((-5853 : ℚ) / 4096)	((-1463 : ℚ) / 1024)	1	0	3
segment	961	((-1463 : ℚ) / 1024)	((-5851 : ℚ) / 4096)	1	0	3
segment	962	((-5851 : ℚ) / 4096)	((-2925 : ℚ) / 2048)	1	0	3
segment	963	((-2925 : ℚ) / 2048)	((-5849 : ℚ) / 4096)	1	0	3
segment	964	((-5849 : ℚ) / 4096)	((-731 : ℚ) / 512)	1	0	3
segment	965	((-731 : ℚ) / 512)	((-5847 : ℚ) / 4096)	1	0	3
segment	966	((-5847 : ℚ) / 4096)	((-2923 : ℚ) / 2048)	1	0	3
segment	967	((-2923 : ℚ) / 2048)	((-5845 : ℚ) / 4096)	1	0	3
segment	968	((-5845 : ℚ) / 4096)	((-1461 : ℚ) / 1024)	1	0	3
segment	969	((-1461 : ℚ) / 1024)	((-5843 : ℚ) / 4096)	1	0	3
segment	970	((-5843 : ℚ) / 4096)	((-2921 : ℚ) / 2048)	1	0	3
segment	971	((-2921 : ℚ) / 2048)	((-5841 : ℚ) / 4096)	1	0	3
segment	972	((-5841 : ℚ) / 4096)	((-365 : ℚ) / 256)	1	0	3
segment	973	((-365 : ℚ) / 256)	((-5839 : ℚ) / 4096)	1	0	3
segment	974	((-5839 : ℚ) / 4096)	((-2919 : ℚ) / 2048)	1	0	3
segment	975	((-2919 : ℚ) / 2048)	((-5837 : ℚ) / 4096)	1	0	3
segment	976	((-5837 : ℚ) / 4096)	((-1459 : ℚ) / 1024)	1	0	3
segment	977	((-1459 : ℚ) / 1024)	((-5835 : ℚ) / 4096)	1	0	3
segment	978	((-5835 : ℚ) / 4096)	((-2917 : ℚ) / 2048)	1	0	3
segment	979	((-2917 : ℚ) / 2048)	((-5833 : ℚ) / 4096)	1	0	3
segment	980	((-5833 : ℚ) / 4096)	((-729 : ℚ) / 512)	1	0	3
segment	981	((-729 : ℚ) / 512)	((-5831 : ℚ) / 4096)	1	0	3
segment	982	((-5831 : ℚ) / 4096)	((-2915 : ℚ) / 2048)	1	0	3
segment	983	((-2915 : ℚ) / 2048)	((-5829 : ℚ) / 4096)	1	0	3
segment	984	((-5829 : ℚ) / 4096)	((-1457 : ℚ) / 1024)	1	0	3
segment	985	((-1457 : ℚ) / 1024)	((-5827 : ℚ) / 4096)	1	0	3
segment	986	((-5827 : ℚ) / 4096)	((-2913 : ℚ) / 2048)	1	0	3
segment	987	((-2913 : ℚ) / 2048)	((-5825 : ℚ) / 4096)	1	0	3
segment	988	((-5825 : ℚ) / 4096)	((-91 : ℚ) / 64)	1	0	3
segment	989	((-91 : ℚ) / 64)	((-5823 : ℚ) / 4096)	1	0	3
segment	990	((-5823 : ℚ) / 4096)	((-2911 : ℚ) / 2048)	1	0	3
segment	991	((-2911 : ℚ) / 2048)	((-5821 : ℚ) / 4096)	1	0	3
segment	992	((-5821 : ℚ) / 4096)	((-1455 : ℚ) / 1024)	1	0	3
segment	993	((-1455 : ℚ) / 1024)	((-5819 : ℚ) / 4096)	1	0	3
segment	994	((-5819 : ℚ) / 4096)	((-2909 : ℚ) / 2048)	1	0	3
segment	995	((-2909 : ℚ) / 2048)	((-5817 : ℚ) / 4096)	1	0	3
segment	996	((-5817 : ℚ) / 4096)	((-727 : ℚ) / 512)	1	0	3
segment	997	((-727 : ℚ) / 512)	((-5815 : ℚ) / 4096)	1	0	3
segment	998	((-5815 : ℚ) / 4096)	((-2907 : ℚ) / 2048)	1	0	3
segment	999	((-2907 : ℚ) / 2048)	((-5813 : ℚ) / 4096)	1	0	3
segment	1000	((-5813 : ℚ) / 4096)	((-1453 : ℚ) / 1024)	1	0	3
segment	1001	((-1453 : ℚ) / 1024)	((-5811 : ℚ) / 4096)	1	0	3
segment	1002	((-5811 : ℚ) / 4096)	((-2905 : ℚ) / 2048)	1	0	3
segment	1003	((-2905 : ℚ) / 2048)	((-5809 : ℚ) / 4096)	1	0	3
segment	1004	((-5809 : ℚ) / 4096)	((-363 : ℚ) / 256)	1	0	3
segment	1005	((-363 : ℚ) / 256)	((-5807 : ℚ) / 4096)	1	0	3
segment	1006	((-5807 : ℚ) / 4096)	((-2903 : ℚ) / 2048)	1	0	3
segment	1007	((-2903 : ℚ) / 2048)	((-5805 : ℚ) / 4096)	1	0	3
segment	1008	((-5805 : ℚ) / 4096)	((-1451 : ℚ) / 1024)	1	0	3
segment	1009	((-1451 : ℚ) / 1024)	((-5803 : ℚ) / 4096)	1	0	3
segment	1010	((-5803 : ℚ) / 4096)	((-2901 : ℚ) / 2048)	1	0	3
segment	1011	((-2901 : ℚ) / 2048)	((-5801 : ℚ) / 4096)	1	0	3
segment	1012	((-5801 : ℚ) / 4096)	((-725 : ℚ) / 512)	1	0	3
segment	1013	((-725 : ℚ) / 512)	((-5799 : ℚ) / 4096)	1	0	3
segment	1014	((-5799 : ℚ) / 4096)	((-2899 : ℚ) / 2048)	1	0	3
segment	1015	((-2899 : ℚ) / 2048)	((-5797 : ℚ) / 4096)	1	0	3
segment	1016	((-5797 : ℚ) / 4096)	((-1449 : ℚ) / 1024)	1	0	3
segment	1017	((-1449 : ℚ) / 1024)	((-5795 : ℚ) / 4096)	1	0	3
segment	1018	((-5795 : ℚ) / 4096)	((-2897 : ℚ) / 2048)	1	0	3
segment	1019	((-2897 : ℚ) / 2048)	((-5793 : ℚ) / 4096)	1	0	3
segment	1020	((-5793 : ℚ) / 4096)	((-181 : ℚ) / 128)	1	0	3
segment	1021	((-181 : ℚ) / 128)	((-5791 : ℚ) / 4096)	1	0	3
segment	1022	((-5791 : ℚ) / 4096)	((-2895 : ℚ) / 2048)	1	0	3
segment	1023	((-2895 : ℚ) / 2048)	((-5789 : ℚ) / 4096)	1	0	3
segment	1024	((-5789 : ℚ) / 4096)	((-1447 : ℚ) / 1024)	1	0	3
segment	1025	((-1447 : ℚ) / 1024)	((-5787 : ℚ) / 4096)	1	0	3
segment	1026	((-5787 : ℚ) / 4096)	((-2893 : ℚ) / 2048)	1	0	3
segment	1027	((-2893 : ℚ) / 2048)	((-5785 : ℚ) / 4096)	1	0	3
segment	1028	((-5785 : ℚ) / 4096)	((-723 : ℚ) / 512)	1	0	3
segment	1029	((-723 : ℚ) / 512)	((-5783 : ℚ) / 4096)	1	0	3
segment	1030	((-5783 : ℚ) / 4096)	((-2891 : ℚ) / 2048)	1	0	3
segment	1031	((-2891 : ℚ) / 2048)	((-5781 : ℚ) / 4096)	1	0	3
segment	1032	((-5781 : ℚ) / 4096)	((-1445 : ℚ) / 1024)	1	0	3
segment	1033	((-1445 : ℚ) / 1024)	((-5779 : ℚ) / 4096)	1	0	3
segment	1034	((-5779 : ℚ) / 4096)	((-2889 : ℚ) / 2048)	1	0	3
segment	1035	((-2889 : ℚ) / 2048)	((-5777 : ℚ) / 4096)	1	0	3
segment	1036	((-5777 : ℚ) / 4096)	((-361 : ℚ) / 256)	1	0	3
segment	1037	((-361 : ℚ) / 256)	((-5775 : ℚ) / 4096)	1	0	3
segment	1038	((-5775 : ℚ) / 4096)	((-2887 : ℚ) / 2048)	1	0	3
segment	1039	((-2887 : ℚ) / 2048)	((-5773 : ℚ) / 4096)	1	0	3
segment	1040	((-5773 : ℚ) / 4096)	((-1443 : ℚ) / 1024)	1	0	3
segment	1041	((-1443 : ℚ) / 1024)	((-5771 : ℚ) / 4096)	1	0	3
segment	1042	((-5771 : ℚ) / 4096)	((-2885 : ℚ) / 2048)	1	0	3
segment	1043	((-2885 : ℚ) / 2048)	((-5769 : ℚ) / 4096)	1	0	3
segment	1044	((-5769 : ℚ) / 4096)	((-721 : ℚ) / 512)	1	0	3
segment	1045	((-721 : ℚ) / 512)	((-5767 : ℚ) / 4096)	1	0	3
segment	1046	((-5767 : ℚ) / 4096)	((-2883 : ℚ) / 2048)	1	0	3
segment	1047	((-2883 : ℚ) / 2048)	((-5765 : ℚ) / 4096)	1	0	3
segment	1048	((-5765 : ℚ) / 4096)	((-1441 : ℚ) / 1024)	1	0	3
segment	1049	((-1441 : ℚ) / 1024)	((-5763 : ℚ) / 4096)	1	0	3
segment	1050	((-5763 : ℚ) / 4096)	((-2881 : ℚ) / 2048)	1	0	3
segment	1051	((-2881 : ℚ) / 2048)	((-5761 : ℚ) / 4096)	1	0	3
segment	1052	((-5761 : ℚ) / 4096)	((-45 : ℚ) / 32)	1	0	3
segment	1053	((-45 : ℚ) / 32)	((-5759 : ℚ) / 4096)	1	0	3
segment	1054	((-5759 : ℚ) / 4096)	((-2879 : ℚ) / 2048)	1	0	3
segment	1055	((-2879 : ℚ) / 2048)	((-5757 : ℚ) / 4096)	1	0	3
segment	1056	((-5757 : ℚ) / 4096)	((-1439 : ℚ) / 1024)	1	0	3
segment	1057	((-1439 : ℚ) / 1024)	((-5755 : ℚ) / 4096)	1	0	3
segment	1058	((-5755 : ℚ) / 4096)	((-2877 : ℚ) / 2048)	1	0	3
segment	1059	((-2877 : ℚ) / 2048)	((-5753 : ℚ) / 4096)	1	0	3
segment	1060	((-5753 : ℚ) / 4096)	((-719 : ℚ) / 512)	1	0	3
segment	1061	((-719 : ℚ) / 512)	((-5751 : ℚ) / 4096)	1	0	3
segment	1062	((-5751 : ℚ) / 4096)	((-2875 : ℚ) / 2048)	1	0	3
segment	1063	((-2875 : ℚ) / 2048)	((-5749 : ℚ) / 4096)	1	0	3
segment	1064	((-5749 : ℚ) / 4096)	((-1437 : ℚ) / 1024)	1	0	3
segment	1065	((-1437 : ℚ) / 1024)	((-5747 : ℚ) / 4096)	1	0	3
segment	1066	((-5747 : ℚ) / 4096)	((-2873 : ℚ) / 2048)	1	0	3
segment	1067	((-2873 : ℚ) / 2048)	((-5745 : ℚ) / 4096)	1	0	3
segment	1068	((-5745 : ℚ) / 4096)	((-359 : ℚ) / 256)	1	0	3
segment	1069	((-359 : ℚ) / 256)	((-5743 : ℚ) / 4096)	1	0	3
segment	1070	((-5743 : ℚ) / 4096)	((-2871 : ℚ) / 2048)	1	0	3
segment	1071	((-2871 : ℚ) / 2048)	((-5741 : ℚ) / 4096)	1	0	3
segment	1072	((-5741 : ℚ) / 4096)	((-1435 : ℚ) / 1024)	1	0	3
segment	1073	((-1435 : ℚ) / 1024)	((-5739 : ℚ) / 4096)	1	0	3
segment	1074	((-5739 : ℚ) / 4096)	((-2869 : ℚ) / 2048)	1	0	3
segment	1075	((-2869 : ℚ) / 2048)	((-5737 : ℚ) / 4096)	1	0	3
segment	1076	((-5737 : ℚ) / 4096)	((-717 : ℚ) / 512)	1	0	3
segment	1077	((-717 : ℚ) / 512)	((-5735 : ℚ) / 4096)	1	0	3
segment	1078	((-5735 : ℚ) / 4096)	((-2867 : ℚ) / 2048)	1	0	3
segment	1079	((-2867 : ℚ) / 2048)	((-5733 : ℚ) / 4096)	1	0	3
segment	1080	((-5733 : ℚ) / 4096)	((-1433 : ℚ) / 1024)	1	0	3
segment	1081	((-1433 : ℚ) / 1024)	((-5731 : ℚ) / 4096)	1	0	3
segment	1082	((-5731 : ℚ) / 4096)	((-2865 : ℚ) / 2048)	1	0	3
segment	1083	((-2865 : ℚ) / 2048)	((-5729 : ℚ) / 4096)	1	0	3
segment	1084	((-5729 : ℚ) / 4096)	((-179 : ℚ) / 128)	1	0	3
segment	1085	((-179 : ℚ) / 128)	((-5727 : ℚ) / 4096)	1	0	3
segment	1086	((-5727 : ℚ) / 4096)	((-2863 : ℚ) / 2048)	1	0	3
segment	1087	((-2863 : ℚ) / 2048)	((-5725 : ℚ) / 4096)	1	0	3
segment	1088	((-5725 : ℚ) / 4096)	((-1431 : ℚ) / 1024)	1	0	3
segment	1089	((-1431 : ℚ) / 1024)	((-5723 : ℚ) / 4096)	1	0	3
segment	1090	((-5723 : ℚ) / 4096)	((-2861 : ℚ) / 2048)	1	0	3
segment	1091	((-2861 : ℚ) / 2048)	((-5721 : ℚ) / 4096)	1	0	3
segment	1092	((-5721 : ℚ) / 4096)	((-715 : ℚ) / 512)	1	0	3
segment	1093	((-715 : ℚ) / 512)	((-5719 : ℚ) / 4096)	1	0	3
segment	1094	((-5719 : ℚ) / 4096)	((-2859 : ℚ) / 2048)	1	0	3
segment	1095	((-2859 : ℚ) / 2048)	((-5717 : ℚ) / 4096)	1	0	3
segment	1096	((-5717 : ℚ) / 4096)	((-1429 : ℚ) / 1024)	1	0	3
segment	1097	((-1429 : ℚ) / 1024)	((-5715 : ℚ) / 4096)	1	0	3
segment	1098	((-5715 : ℚ) / 4096)	((-2857 : ℚ) / 2048)	1	0	3
segment	1099	((-2857 : ℚ) / 2048)	((-5713 : ℚ) / 4096)	1	0	3
segment	1100	((-5713 : ℚ) / 4096)	((-357 : ℚ) / 256)	1	0	3
segment	1101	((-357 : ℚ) / 256)	((-5711 : ℚ) / 4096)	1	0	3
segment	1102	((-5711 : ℚ) / 4096)	((-2855 : ℚ) / 2048)	1	0	3
segment	1103	((-2855 : ℚ) / 2048)	((-5709 : ℚ) / 4096)	1	0	3
segment	1104	((-5709 : ℚ) / 4096)	((-1427 : ℚ) / 1024)	1	0	3
segment	1105	((-1427 : ℚ) / 1024)	((-5707 : ℚ) / 4096)	1	0	3
segment	1106	((-5707 : ℚ) / 4096)	((-2853 : ℚ) / 2048)	1	0	3
segment	1107	((-2853 : ℚ) / 2048)	((-5705 : ℚ) / 4096)	1	0	3
segment	1108	((-5705 : ℚ) / 4096)	((-713 : ℚ) / 512)	1	0	3
segment	1109	((-713 : ℚ) / 512)	((-5703 : ℚ) / 4096)	1	0	3
segment	1110	((-5703 : ℚ) / 4096)	((-2851 : ℚ) / 2048)	1	0	3
segment	1111	((-2851 : ℚ) / 2048)	((-5701 : ℚ) / 4096)	1	0	3
segment	1112	((-5701 : ℚ) / 4096)	((-1425 : ℚ) / 1024)	1	0	3
segment	1113	((-1425 : ℚ) / 1024)	((-5699 : ℚ) / 4096)	1	0	3
segment	1114	((-5699 : ℚ) / 4096)	((-2849 : ℚ) / 2048)	1	0	3
segment	1115	((-2849 : ℚ) / 2048)	((-5697 : ℚ) / 4096)	1	0	3
segment	1116	((-5697 : ℚ) / 4096)	((-89 : ℚ) / 64)	1	0	3
segment	1117	((-89 : ℚ) / 64)	((-5695 : ℚ) / 4096)	1	0	3
segment	1118	((-5695 : ℚ) / 4096)	((-2847 : ℚ) / 2048)	1	0	3
segment	1119	((-2847 : ℚ) / 2048)	((-5693 : ℚ) / 4096)	1	0	3
segment	1120	((-5693 : ℚ) / 4096)	((-1423 : ℚ) / 1024)	1	0	3
segment	1121	((-1423 : ℚ) / 1024)	((-5691 : ℚ) / 4096)	1	0	3
segment	1122	((-5691 : ℚ) / 4096)	((-2845 : ℚ) / 2048)	1	0	3
segment	1123	((-2845 : ℚ) / 2048)	((-5689 : ℚ) / 4096)	1	0	3
segment	1124	((-5689 : ℚ) / 4096)	((-711 : ℚ) / 512)	1	0	3
segment	1125	((-711 : ℚ) / 512)	((-5687 : ℚ) / 4096)	1	0	3
segment	1126	((-5687 : ℚ) / 4096)	((-2843 : ℚ) / 2048)	1	0	3
segment	1127	((-2843 : ℚ) / 2048)	((-5685 : ℚ) / 4096)	1	0	3
segment	1128	((-5685 : ℚ) / 4096)	((-1421 : ℚ) / 1024)	1	0	3
segment	1129	((-1421 : ℚ) / 1024)	((-5683 : ℚ) / 4096)	1	0	3
segment	1130	((-5683 : ℚ) / 4096)	((-2841 : ℚ) / 2048)	1	0	3
segment	1131	((-2841 : ℚ) / 2048)	((-5681 : ℚ) / 4096)	1	0	3
segment	1132	((-5681 : ℚ) / 4096)	((-355 : ℚ) / 256)	1	0	3
segment	1133	((-355 : ℚ) / 256)	((-5679 : ℚ) / 4096)	1	0	3
segment	1134	((-5679 : ℚ) / 4096)	((-2839 : ℚ) / 2048)	1	0	3
segment	1135	((-2839 : ℚ) / 2048)	((-5677 : ℚ) / 4096)	1	0	3
segment	1136	((-5677 : ℚ) / 4096)	((-1419 : ℚ) / 1024)	1	0	3
segment	1137	((-1419 : ℚ) / 1024)	((-5675 : ℚ) / 4096)	1	0	3
segment	1138	((-5675 : ℚ) / 4096)	((-2837 : ℚ) / 2048)	1	0	3
segment	1139	((-2837 : ℚ) / 2048)	((-5673 : ℚ) / 4096)	1	0	3
segment	1140	((-5673 : ℚ) / 4096)	((-709 : ℚ) / 512)	1	0	3
segment	1141	((-709 : ℚ) / 512)	((-5671 : ℚ) / 4096)	1	0	3
segment	1142	((-5671 : ℚ) / 4096)	((-2835 : ℚ) / 2048)	1	0	3
segment	1143	((-2835 : ℚ) / 2048)	((-5669 : ℚ) / 4096)	1	0	3
segment	1144	((-5669 : ℚ) / 4096)	((-1417 : ℚ) / 1024)	1	0	3
segment	1145	((-1417 : ℚ) / 1024)	((-5667 : ℚ) / 4096)	1	0	3
segment	1146	((-5667 : ℚ) / 4096)	((-2833 : ℚ) / 2048)	1	0	3
segment	1147	((-2833 : ℚ) / 2048)	((-5665 : ℚ) / 4096)	1	0	3
segment	1148	((-5665 : ℚ) / 4096)	((-177 : ℚ) / 128)	1	0	3
segment	1149	((-177 : ℚ) / 128)	((-5663 : ℚ) / 4096)	1	0	3
segment	1150	((-5663 : ℚ) / 4096)	((-2831 : ℚ) / 2048)	1	0	3
segment	1151	((-2831 : ℚ) / 2048)	((-5661 : ℚ) / 4096)	1	0	3
segment	1152	((-5661 : ℚ) / 4096)	((-1415 : ℚ) / 1024)	1	0	3
segment	1153	((-1415 : ℚ) / 1024)	((-5659 : ℚ) / 4096)	1	0	3
segment	1154	((-5659 : ℚ) / 4096)	((-2829 : ℚ) / 2048)	1	0	3
segment	1155	((-2829 : ℚ) / 2048)	((-5657 : ℚ) / 4096)	1	0	3
segment	1156	((-5657 : ℚ) / 4096)	((-707 : ℚ) / 512)	1	0	3
segment	1157	((-707 : ℚ) / 512)	((-5655 : ℚ) / 4096)	1	0	3
segment	1158	((-5655 : ℚ) / 4096)	((-2827 : ℚ) / 2048)	1	0	3
segment	1159	((-2827 : ℚ) / 2048)	((-5653 : ℚ) / 4096)	1	0	3
segment	1160	((-5653 : ℚ) / 4096)	((-1413 : ℚ) / 1024)	1	0	3
segment	1161	((-1413 : ℚ) / 1024)	((-5651 : ℚ) / 4096)	1	0	3
segment	1162	((-5651 : ℚ) / 4096)	((-2825 : ℚ) / 2048)	1	0	3
segment	1163	((-2825 : ℚ) / 2048)	((-5649 : ℚ) / 4096)	1	0	3
segment	1164	((-5649 : ℚ) / 4096)	((-353 : ℚ) / 256)	1	0	3
segment	1165	((-353 : ℚ) / 256)	((-5647 : ℚ) / 4096)	1	0	3
segment	1166	((-5647 : ℚ) / 4096)	((-2823 : ℚ) / 2048)	1	0	3
segment	1167	((-2823 : ℚ) / 2048)	((-5645 : ℚ) / 4096)	1	0	3
segment	1168	((-5645 : ℚ) / 4096)	((-1411 : ℚ) / 1024)	1	0	3
segment	1169	((-1411 : ℚ) / 1024)	((-5643 : ℚ) / 4096)	1	0	3
segment	1170	((-5643 : ℚ) / 4096)	((-2821 : ℚ) / 2048)	1	0	3
segment	1171	((-2821 : ℚ) / 2048)	((-5641 : ℚ) / 4096)	1	0	3
segment	1172	((-5641 : ℚ) / 4096)	((-705 : ℚ) / 512)	1	0	3
segment	1173	((-705 : ℚ) / 512)	((-5639 : ℚ) / 4096)	1	0	3
segment	1174	((-5639 : ℚ) / 4096)	((-2819 : ℚ) / 2048)	1	0	3
segment	1175	((-2819 : ℚ) / 2048)	((-5637 : ℚ) / 4096)	1	0	3
segment	1176	((-5637 : ℚ) / 4096)	((-1409 : ℚ) / 1024)	1	0	3
segment	1177	((-1409 : ℚ) / 1024)	((-5635 : ℚ) / 4096)	1	0	3
segment	1178	((-5635 : ℚ) / 4096)	((-2817 : ℚ) / 2048)	1	0	3
segment	1179	((-2817 : ℚ) / 2048)	((-5633 : ℚ) / 4096)	1	0	3
segment	1180	((-5633 : ℚ) / 4096)	((-11 : ℚ) / 8)	1	0	3
segment	1181	((-11 : ℚ) / 8)	((-5631 : ℚ) / 4096)	1	0	3
segment	1182	((-5631 : ℚ) / 4096)	((-2815 : ℚ) / 2048)	1	0	3
segment	1183	((-2815 : ℚ) / 2048)	((-5629 : ℚ) / 4096)	1	0	3
segment	1184	((-5629 : ℚ) / 4096)	((-1407 : ℚ) / 1024)	1	0	3
segment	1185	((-1407 : ℚ) / 1024)	((-5627 : ℚ) / 4096)	1	0	3
segment	1186	((-5627 : ℚ) / 4096)	((-2813 : ℚ) / 2048)	1	0	3
segment	1187	((-2813 : ℚ) / 2048)	((-5625 : ℚ) / 4096)	1	0	3
segment	1188	((-5625 : ℚ) / 4096)	((-703 : ℚ) / 512)	1	0	3
segment	1189	((-703 : ℚ) / 512)	((-5623 : ℚ) / 4096)	1	0	3
segment	1190	((-5623 : ℚ) / 4096)	((-2811 : ℚ) / 2048)	1	0	3
segment	1191	((-2811 : ℚ) / 2048)	((-5621 : ℚ) / 4096)	1	0	3
segment	1192	((-5621 : ℚ) / 4096)	((-1405 : ℚ) / 1024)	1	0	3
segment	1193	((-1405 : ℚ) / 1024)	((-5619 : ℚ) / 4096)	1	0	3
segment	1194	((-5619 : ℚ) / 4096)	((-2809 : ℚ) / 2048)	1	0	3
segment	1195	((-2809 : ℚ) / 2048)	((-5617 : ℚ) / 4096)	1	0	3
segment	1196	((-5617 : ℚ) / 4096)	((-351 : ℚ) / 256)	1	0	3
segment	1197	((-351 : ℚ) / 256)	((-5615 : ℚ) / 4096)	1	0	3
segment	1198	((-5615 : ℚ) / 4096)	((-2807 : ℚ) / 2048)	1	0	3
segment	1199	((-2807 : ℚ) / 2048)	((-5613 : ℚ) / 4096)	1	0	3
segment	1200	((-5613 : ℚ) / 4096)	((-1403 : ℚ) / 1024)	1	0	3
segment	1201	((-1403 : ℚ) / 1024)	((-5611 : ℚ) / 4096)	1	0	3
segment	1202	((-5611 : ℚ) / 4096)	((-2805 : ℚ) / 2048)	1	0	3
segment	1203	((-2805 : ℚ) / 2048)	((-5609 : ℚ) / 4096)	1	0	3
segment	1204	((-5609 : ℚ) / 4096)	((-701 : ℚ) / 512)	1	0	3
segment	1205	((-701 : ℚ) / 512)	((-5607 : ℚ) / 4096)	1	0	3
segment	1206	((-5607 : ℚ) / 4096)	((-2803 : ℚ) / 2048)	1	0	3
segment	1207	((-2803 : ℚ) / 2048)	((-5605 : ℚ) / 4096)	1	0	3
segment	1208	((-5605 : ℚ) / 4096)	((-1401 : ℚ) / 1024)	1	0	3
segment	1209	((-1401 : ℚ) / 1024)	((-5603 : ℚ) / 4096)	1	0	3
segment	1210	((-5603 : ℚ) / 4096)	((-2801 : ℚ) / 2048)	1	0	3
segment	1211	((-2801 : ℚ) / 2048)	((-5601 : ℚ) / 4096)	1	0	3
segment	1212	((-5601 : ℚ) / 4096)	((-175 : ℚ) / 128)	1	0	3
segment	1213	((-175 : ℚ) / 128)	((-5599 : ℚ) / 4096)	1	0	3
segment	1214	((-5599 : ℚ) / 4096)	((-2799 : ℚ) / 2048)	1	0	3
segment	1215	((-2799 : ℚ) / 2048)	((-5597 : ℚ) / 4096)	1	0	3
segment	1216	((-5597 : ℚ) / 4096)	((-1399 : ℚ) / 1024)	1	0	3
segment	1217	((-1399 : ℚ) / 1024)	((-5595 : ℚ) / 4096)	1	0	3
segment	1218	((-5595 : ℚ) / 4096)	((-2797 : ℚ) / 2048)	1	0	3
segment	1219	((-2797 : ℚ) / 2048)	((-5593 : ℚ) / 4096)	1	0	3
segment	1220	((-5593 : ℚ) / 4096)	((-699 : ℚ) / 512)	1	0	3
segment	1221	((-699 : ℚ) / 512)	((-5591 : ℚ) / 4096)	1	0	3
segment	1222	((-5591 : ℚ) / 4096)	((-2795 : ℚ) / 2048)	1	0	3
segment	1223	((-2795 : ℚ) / 2048)	((-5589 : ℚ) / 4096)	1	0	3
segment	1224	((-5589 : ℚ) / 4096)	((-1397 : ℚ) / 1024)	1	0	3
segment	1225	((-1397 : ℚ) / 1024)	((-5587 : ℚ) / 4096)	1	0	3
segment	1226	((-5587 : ℚ) / 4096)	((-2793 : ℚ) / 2048)	1	0	3
segment	1227	((-2793 : ℚ) / 2048)	((-5585 : ℚ) / 4096)	1	0	3
segment	1228	((-5585 : ℚ) / 4096)	((-349 : ℚ) / 256)	1	0	3
segment	1229	((-349 : ℚ) / 256)	((-5583 : ℚ) / 4096)	1	0	3
segment	1230	((-5583 : ℚ) / 4096)	((-2791 : ℚ) / 2048)	1	0	3
segment	1231	((-2791 : ℚ) / 2048)	((-5581 : ℚ) / 4096)	1	0	3
segment	1232	((-5581 : ℚ) / 4096)	((-1395 : ℚ) / 1024)	1	0	3
segment	1233	((-1395 : ℚ) / 1024)	((-5579 : ℚ) / 4096)	1	0	3
segment	1234	((-5579 : ℚ) / 4096)	((-2789 : ℚ) / 2048)	1	0	3
segment	1235	((-2789 : ℚ) / 2048)	((-5577 : ℚ) / 4096)	1	0	3
segment	1236	((-5577 : ℚ) / 4096)	((-697 : ℚ) / 512)	1	0	3
segment	1237	((-697 : ℚ) / 512)	((-5575 : ℚ) / 4096)	1	0	3
segment	1238	((-5575 : ℚ) / 4096)	((-2787 : ℚ) / 2048)	1	0	3
segment	1239	((-2787 : ℚ) / 2048)	((-5573 : ℚ) / 4096)	1	0	3
segment	1240	((-5573 : ℚ) / 4096)	((-1393 : ℚ) / 1024)	1	0	3
segment	1241	((-1393 : ℚ) / 1024)	((-5571 : ℚ) / 4096)	1	0	3
segment	1242	((-5571 : ℚ) / 4096)	((-2785 : ℚ) / 2048)	1	0	3
segment	1243	((-2785 : ℚ) / 2048)	((-5569 : ℚ) / 4096)	1	0	3
segment	1244	((-5569 : ℚ) / 4096)	((-87 : ℚ) / 64)	1	0	3
segment	1245	((-87 : ℚ) / 64)	((-5567 : ℚ) / 4096)	1	0	3
segment	1246	((-5567 : ℚ) / 4096)	((-2783 : ℚ) / 2048)	1	0	3
segment	1247	((-2783 : ℚ) / 2048)	((-5565 : ℚ) / 4096)	1	0	3
segment	1248	((-5565 : ℚ) / 4096)	((-1391 : ℚ) / 1024)	1	0	3
segment	1249	((-1391 : ℚ) / 1024)	((-5563 : ℚ) / 4096)	1	0	3
segment	1250	((-5563 : ℚ) / 4096)	((-2781 : ℚ) / 2048)	1	0	3
segment	1251	((-2781 : ℚ) / 2048)	((-5561 : ℚ) / 4096)	1	0	3
segment	1252	((-5561 : ℚ) / 4096)	((-695 : ℚ) / 512)	1	0	3
segment	1253	((-695 : ℚ) / 512)	((-5559 : ℚ) / 4096)	1	0	3
segment	1254	((-5559 : ℚ) / 4096)	((-2779 : ℚ) / 2048)	1	0	3
segment	1255	((-2779 : ℚ) / 2048)	((-5557 : ℚ) / 4096)	1	0	3
segment	1256	((-5557 : ℚ) / 4096)	((-1389 : ℚ) / 1024)	1	0	3
segment	1257	((-1389 : ℚ) / 1024)	((-5555 : ℚ) / 4096)	1	0	3
segment	1258	((-5555 : ℚ) / 4096)	((-2777 : ℚ) / 2048)	1	0	3
segment	1259	((-2777 : ℚ) / 2048)	((-5553 : ℚ) / 4096)	1	0	3
segment	1260	((-5553 : ℚ) / 4096)	((-347 : ℚ) / 256)	1	0	3
segment	1261	((-347 : ℚ) / 256)	((-5551 : ℚ) / 4096)	1	0	3
segment	1262	((-5551 : ℚ) / 4096)	((-2775 : ℚ) / 2048)	1	0	3
segment	1263	((-2775 : ℚ) / 2048)	((-5549 : ℚ) / 4096)	1	0	3
segment	1264	((-5549 : ℚ) / 4096)	((-1387 : ℚ) / 1024)	1	0	3
segment	1265	((-1387 : ℚ) / 1024)	((-5547 : ℚ) / 4096)	1	0	3
segment	1266	((-5547 : ℚ) / 4096)	((-2773 : ℚ) / 2048)	1	0	3
segment	1267	((-2773 : ℚ) / 2048)	((-5545 : ℚ) / 4096)	1	0	3
segment	1268	((-5545 : ℚ) / 4096)	((-693 : ℚ) / 512)	1	0	3
segment	1269	((-693 : ℚ) / 512)	((-5543 : ℚ) / 4096)	1	0	3
segment	1270	((-5543 : ℚ) / 4096)	((-2771 : ℚ) / 2048)	1	0	3
segment	1271	((-2771 : ℚ) / 2048)	((-5541 : ℚ) / 4096)	1	0	3
segment	1272	((-5541 : ℚ) / 4096)	((-1385 : ℚ) / 1024)	1	0	3
segment	1273	((-1385 : ℚ) / 1024)	((-5539 : ℚ) / 4096)	1	0	3
segment	1274	((-5539 : ℚ) / 4096)	((-2769 : ℚ) / 2048)	1	0	3
segment	1275	((-2769 : ℚ) / 2048)	((-5537 : ℚ) / 4096)	1	0	3
segment	1276	((-5537 : ℚ) / 4096)	((-173 : ℚ) / 128)	1	0	3
segment	1277	((-173 : ℚ) / 128)	((-5535 : ℚ) / 4096)	1	0	3
segment	1278	((-5535 : ℚ) / 4096)	((-2767 : ℚ) / 2048)	1	0	3
segment	1279	((-2767 : ℚ) / 2048)	((-5533 : ℚ) / 4096)	1	0	3
segment	1280	((-5533 : ℚ) / 4096)	((-1383 : ℚ) / 1024)	1	0	3
segment	1281	((-1383 : ℚ) / 1024)	((-5531 : ℚ) / 4096)	1	0	3
segment	1282	((-5531 : ℚ) / 4096)	((-2765 : ℚ) / 2048)	1	0	3
segment	1283	((-2765 : ℚ) / 2048)	((-5529 : ℚ) / 4096)	1	0	3
segment	1284	((-5529 : ℚ) / 4096)	((-691 : ℚ) / 512)	1	0	3
segment	1285	((-691 : ℚ) / 512)	((-5527 : ℚ) / 4096)	1	0	3
segment	1286	((-5527 : ℚ) / 4096)	((-2763 : ℚ) / 2048)	1	0	3
segment	1287	((-2763 : ℚ) / 2048)	((-5525 : ℚ) / 4096)	1	0	3
segment	1288	((-5525 : ℚ) / 4096)	((-1381 : ℚ) / 1024)	1	0	3
segment	1289	((-1381 : ℚ) / 1024)	((-5523 : ℚ) / 4096)	1	0	3
segment	1290	((-5523 : ℚ) / 4096)	((-2761 : ℚ) / 2048)	1	0	3
segment	1291	((-2761 : ℚ) / 2048)	((-5521 : ℚ) / 4096)	1	0	3
segment	1292	((-5521 : ℚ) / 4096)	((-345 : ℚ) / 256)	1	0	3
segment	1293	((-345 : ℚ) / 256)	((-5519 : ℚ) / 4096)	1	0	3
segment	1294	((-5519 : ℚ) / 4096)	((-2759 : ℚ) / 2048)	1	0	3
segment	1295	((-2759 : ℚ) / 2048)	((-5517 : ℚ) / 4096)	1	0	3
segment	1296	((-5517 : ℚ) / 4096)	((-1379 : ℚ) / 1024)	1	0	3
segment	1297	((-1379 : ℚ) / 1024)	((-5515 : ℚ) / 4096)	1	0	3
segment	1298	((-5515 : ℚ) / 4096)	((-2757 : ℚ) / 2048)	1	0	3
segment	1299	((-2757 : ℚ) / 2048)	((-5513 : ℚ) / 4096)	1	0	3
segment	1300	((-5513 : ℚ) / 4096)	((-689 : ℚ) / 512)	1	0	3
segment	1301	((-689 : ℚ) / 512)	((-5511 : ℚ) / 4096)	1	0	3
segment	1302	((-5511 : ℚ) / 4096)	((-2755 : ℚ) / 2048)	1	0	3
segment	1303	((-2755 : ℚ) / 2048)	((-5509 : ℚ) / 4096)	1	0	3
segment	1304	((-5509 : ℚ) / 4096)	((-1377 : ℚ) / 1024)	1	0	3
segment	1305	((-1377 : ℚ) / 1024)	((-5507 : ℚ) / 4096)	1	0	3
segment	1306	((-5507 : ℚ) / 4096)	((-2753 : ℚ) / 2048)	1	0	3
segment	1307	((-2753 : ℚ) / 2048)	((-5505 : ℚ) / 4096)	1	0	3
segment	1308	((-5505 : ℚ) / 4096)	((-43 : ℚ) / 32)	1	0	3
segment	1309	((-43 : ℚ) / 32)	((-5503 : ℚ) / 4096)	1	0	3
segment	1310	((-5503 : ℚ) / 4096)	((-2751 : ℚ) / 2048)	1	0	3
segment	1311	((-2751 : ℚ) / 2048)	((-5501 : ℚ) / 4096)	1	0	3
segment	1312	((-5501 : ℚ) / 4096)	((-1375 : ℚ) / 1024)	1	0	3
segment	1313	((-1375 : ℚ) / 1024)	((-5499 : ℚ) / 4096)	1	0	3
segment	1314	((-5499 : ℚ) / 4096)	((-2749 : ℚ) / 2048)	1	0	3
segment	1315	((-2749 : ℚ) / 2048)	((-5497 : ℚ) / 4096)	1	0	3
segment	1316	((-5497 : ℚ) / 4096)	((-687 : ℚ) / 512)	1	0	3
segment	1317	((-687 : ℚ) / 512)	((-5495 : ℚ) / 4096)	1	0	3
segment	1318	((-5495 : ℚ) / 4096)	((-2747 : ℚ) / 2048)	1	0	3
segment	1319	((-2747 : ℚ) / 2048)	((-5493 : ℚ) / 4096)	1	0	3
segment	1320	((-5493 : ℚ) / 4096)	((-1373 : ℚ) / 1024)	1	0	3
segment	1321	((-1373 : ℚ) / 1024)	((-5491 : ℚ) / 4096)	1	0	3
segment	1322	((-5491 : ℚ) / 4096)	((-2745 : ℚ) / 2048)	1	0	3
segment	1323	((-2745 : ℚ) / 2048)	((-5489 : ℚ) / 4096)	1	0	3
segment	1324	((-5489 : ℚ) / 4096)	((-343 : ℚ) / 256)	1	0	3
segment	1325	((-343 : ℚ) / 256)	((-5487 : ℚ) / 4096)	1	0	3
segment	1326	((-5487 : ℚ) / 4096)	((-2743 : ℚ) / 2048)	1	0	3
segment	1327	((-2743 : ℚ) / 2048)	((-5485 : ℚ) / 4096)	1	0	3
segment	1328	((-5485 : ℚ) / 4096)	((-1371 : ℚ) / 1024)	1	0	3
segment	1329	((-1371 : ℚ) / 1024)	((-5483 : ℚ) / 4096)	1	0	3
segment	1330	((-5483 : ℚ) / 4096)	((-2741 : ℚ) / 2048)	1	0	3
segment	1331	((-2741 : ℚ) / 2048)	((-5481 : ℚ) / 4096)	1	0	3
segment	1332	((-5481 : ℚ) / 4096)	((-685 : ℚ) / 512)	1	0	3
segment	1333	((-685 : ℚ) / 512)	((-5479 : ℚ) / 4096)	1	0	3
segment	1334	((-5479 : ℚ) / 4096)	((-2739 : ℚ) / 2048)	1	0	3
segment	1335	((-2739 : ℚ) / 2048)	((-5477 : ℚ) / 4096)	1	0	3
segment	1336	((-5477 : ℚ) / 4096)	((-1369 : ℚ) / 1024)	1	0	3
segment	1337	((-1369 : ℚ) / 1024)	((-5475 : ℚ) / 4096)	1	0	3
segment	1338	((-5475 : ℚ) / 4096)	((-2737 : ℚ) / 2048)	1	0	3
segment	1339	((-2737 : ℚ) / 2048)	((-5473 : ℚ) / 4096)	1	0	3
segment	1340	((-5473 : ℚ) / 4096)	((-171 : ℚ) / 128)	1	0	3
segment	1341	((-171 : ℚ) / 128)	((-5471 : ℚ) / 4096)	1	0	3
segment	1342	((-5471 : ℚ) / 4096)	((-2735 : ℚ) / 2048)	1	0	3
segment	1343	((-2735 : ℚ) / 2048)	((-5469 : ℚ) / 4096)	1	0	3
segment	1344	((-5469 : ℚ) / 4096)	((-1367 : ℚ) / 1024)	1	0	3
segment	1345	((-1367 : ℚ) / 1024)	((-5467 : ℚ) / 4096)	1	0	3
segment	1346	((-5467 : ℚ) / 4096)	((-2733 : ℚ) / 2048)	1	0	3
segment	1347	((-2733 : ℚ) / 2048)	((-5465 : ℚ) / 4096)	1	0	3
segment	1348	((-5465 : ℚ) / 4096)	((-683 : ℚ) / 512)	1	0	3
segment	1349	((-683 : ℚ) / 512)	((-5463 : ℚ) / 4096)	1	0	3
segment	1350	((-5463 : ℚ) / 4096)	((-2731 : ℚ) / 2048)	1	0	3
segment	1351	((-2731 : ℚ) / 2048)	((-5461 : ℚ) / 4096)	1	0	3
segment	1352	((-5461 : ℚ) / 4096)	((-1365 : ℚ) / 1024)	1	0	3
segment	1353	((-1365 : ℚ) / 1024)	((-5459 : ℚ) / 4096)	1	0	3
segment	1354	((-5459 : ℚ) / 4096)	((-2729 : ℚ) / 2048)	1	0	3
segment	1355	((-2729 : ℚ) / 2048)	((-5457 : ℚ) / 4096)	1	0	3
segment	1356	((-5457 : ℚ) / 4096)	((-341 : ℚ) / 256)	1	0	3
segment	1357	((-341 : ℚ) / 256)	((-5455 : ℚ) / 4096)	1	0	3
segment	1358	((-5455 : ℚ) / 4096)	((-2727 : ℚ) / 2048)	1	0	3
segment	1359	((-2727 : ℚ) / 2048)	((-5453 : ℚ) / 4096)	1	0	3
segment	1360	((-5453 : ℚ) / 4096)	((-1363 : ℚ) / 1024)	1	0	3
segment	1361	((-1363 : ℚ) / 1024)	((-5451 : ℚ) / 4096)	1	0	3
segment	1362	((-5451 : ℚ) / 4096)	((-2725 : ℚ) / 2048)	1	0	3
segment	1363	((-2725 : ℚ) / 2048)	((-5449 : ℚ) / 4096)	1	0	3
segment	1364	((-5449 : ℚ) / 4096)	((-681 : ℚ) / 512)	1	0	3
segment	1365	((-681 : ℚ) / 512)	((-5447 : ℚ) / 4096)	1	0	3
segment	1366	((-5447 : ℚ) / 4096)	((-2723 : ℚ) / 2048)	1	0	3
segment	1367	((-2723 : ℚ) / 2048)	((-5445 : ℚ) / 4096)	1	0	3
segment	1368	((-5445 : ℚ) / 4096)	((-1361 : ℚ) / 1024)	1	0	3
segment	1369	((-1361 : ℚ) / 1024)	((-5443 : ℚ) / 4096)	1	0	3
segment	1370	((-5443 : ℚ) / 4096)	((-2721 : ℚ) / 2048)	1	0	3
segment	1371	((-2721 : ℚ) / 2048)	((-5441 : ℚ) / 4096)	1	0	3
segment	1372	((-5441 : ℚ) / 4096)	((-85 : ℚ) / 64)	1	0	3
segment	1373	((-85 : ℚ) / 64)	((-5439 : ℚ) / 4096)	1	0	3
segment	1374	((-5439 : ℚ) / 4096)	((-2719 : ℚ) / 2048)	1	0	3
segment	1375	((-2719 : ℚ) / 2048)	((-5437 : ℚ) / 4096)	1	0	3
segment	1376	((-5437 : ℚ) / 4096)	((-1359 : ℚ) / 1024)	1	0	3
segment	1377	((-1359 : ℚ) / 1024)	((-5435 : ℚ) / 4096)	1	0	3
segment	1378	((-5435 : ℚ) / 4096)	((-2717 : ℚ) / 2048)	1	0	3
segment	1379	((-2717 : ℚ) / 2048)	((-5433 : ℚ) / 4096)	1	0	3
segment	1380	((-5433 : ℚ) / 4096)	((-679 : ℚ) / 512)	1	0	3
segment	1381	((-679 : ℚ) / 512)	((-5431 : ℚ) / 4096)	1	0	3
segment	1382	((-5431 : ℚ) / 4096)	((-2715 : ℚ) / 2048)	1	0	3
segment	1383	((-2715 : ℚ) / 2048)	((-5429 : ℚ) / 4096)	1	0	3
segment	1384	((-5429 : ℚ) / 4096)	((-1357 : ℚ) / 1024)	1	0	3
segment	1385	((-1357 : ℚ) / 1024)	((-5427 : ℚ) / 4096)	1	0	3
segment	1386	((-5427 : ℚ) / 4096)	((-2713 : ℚ) / 2048)	1	0	3
segment	1387	((-2713 : ℚ) / 2048)	((-5425 : ℚ) / 4096)	1	0	3
segment	1388	((-5425 : ℚ) / 4096)	((-339 : ℚ) / 256)	1	0	3
segment	1389	((-339 : ℚ) / 256)	((-5423 : ℚ) / 4096)	1	0	3
segment	1390	((-5423 : ℚ) / 4096)	((-2711 : ℚ) / 2048)	1	0	3
segment	1391	((-2711 : ℚ) / 2048)	((-5421 : ℚ) / 4096)	1	0	3
segment	1392	((-5421 : ℚ) / 4096)	((-1355 : ℚ) / 1024)	1	0	3
segment	1393	((-1355 : ℚ) / 1024)	((-5419 : ℚ) / 4096)	1	0	3
segment	1394	((-5419 : ℚ) / 4096)	((-2709 : ℚ) / 2048)	1	0	3
segment	1395	((-2709 : ℚ) / 2048)	((-5417 : ℚ) / 4096)	1	0	3
segment	1396	((-5417 : ℚ) / 4096)	((-677 : ℚ) / 512)	1	0	3
segment	1397	((-677 : ℚ) / 512)	((-5415 : ℚ) / 4096)	1	0	3
segment	1398	((-5415 : ℚ) / 4096)	((-2707 : ℚ) / 2048)	1	0	3
segment	1399	((-2707 : ℚ) / 2048)	((-5413 : ℚ) / 4096)	1	0	3
segment	1400	((-5413 : ℚ) / 4096)	((-1353 : ℚ) / 1024)	1	0	3
segment	1401	((-1353 : ℚ) / 1024)	((-5411 : ℚ) / 4096)	1	0	3
segment	1402	((-5411 : ℚ) / 4096)	((-2705 : ℚ) / 2048)	1	0	3
segment	1403	((-2705 : ℚ) / 2048)	((-5409 : ℚ) / 4096)	1	0	3
segment	1404	((-5409 : ℚ) / 4096)	((-169 : ℚ) / 128)	1	0	3
segment	1405	((-169 : ℚ) / 128)	((-5407 : ℚ) / 4096)	1	0	3
segment	1406	((-5407 : ℚ) / 4096)	((-2703 : ℚ) / 2048)	1	0	3
segment	1407	((-2703 : ℚ) / 2048)	((-5405 : ℚ) / 4096)	1	0	3
segment	1408	((-5405 : ℚ) / 4096)	((-1351 : ℚ) / 1024)	1	0	3
segment	1409	((-1351 : ℚ) / 1024)	((-5403 : ℚ) / 4096)	1	0	3
segment	1410	((-5403 : ℚ) / 4096)	((-2701 : ℚ) / 2048)	1	0	3
segment	1411	((-2701 : ℚ) / 2048)	((-5401 : ℚ) / 4096)	1	0	3
segment	1412	((-5401 : ℚ) / 4096)	((-675 : ℚ) / 512)	1	0	3
segment	1413	((-675 : ℚ) / 512)	((-5399 : ℚ) / 4096)	1	0	3
segment	1414	((-5399 : ℚ) / 4096)	((-2699 : ℚ) / 2048)	1	0	3
segment	1415	((-2699 : ℚ) / 2048)	((-5397 : ℚ) / 4096)	1	0	3
segment	1416	((-5397 : ℚ) / 4096)	((-1349 : ℚ) / 1024)	1	0	3
segment	1417	((-1349 : ℚ) / 1024)	((-5395 : ℚ) / 4096)	1	0	3
segment	1418	((-5395 : ℚ) / 4096)	((-2697 : ℚ) / 2048)	1	0	3
segment	1419	((-2697 : ℚ) / 2048)	((-5393 : ℚ) / 4096)	1	0	3
segment	1420	((-5393 : ℚ) / 4096)	((-337 : ℚ) / 256)	1	0	3
segment	1421	((-337 : ℚ) / 256)	((-5391 : ℚ) / 4096)	1	0	3
segment	1422	((-5391 : ℚ) / 4096)	((-2695 : ℚ) / 2048)	1	0	3
segment	1423	((-2695 : ℚ) / 2048)	((-5389 : ℚ) / 4096)	1	0	3
segment	1424	((-5389 : ℚ) / 4096)	((-1347 : ℚ) / 1024)	1	0	3
segment	1425	((-1347 : ℚ) / 1024)	((-5387 : ℚ) / 4096)	1	0	3
segment	1426	((-5387 : ℚ) / 4096)	((-2693 : ℚ) / 2048)	1	0	3
segment	1427	((-2693 : ℚ) / 2048)	((-5385 : ℚ) / 4096)	1	0	3
segment	1428	((-5385 : ℚ) / 4096)	((-673 : ℚ) / 512)	1	0	3
segment	1429	((-673 : ℚ) / 512)	((-5383 : ℚ) / 4096)	1	0	3
segment	1430	((-5383 : ℚ) / 4096)	((-2691 : ℚ) / 2048)	1	0	3
segment	1431	((-2691 : ℚ) / 2048)	((-5381 : ℚ) / 4096)	1	0	3
segment	1432	((-5381 : ℚ) / 4096)	((-1345 : ℚ) / 1024)	1	0	3
segment	1433	((-1345 : ℚ) / 1024)	((-5379 : ℚ) / 4096)	1	0	3
segment	1434	((-5379 : ℚ) / 4096)	((-2689 : ℚ) / 2048)	1	0	3
segment	1435	((-2689 : ℚ) / 2048)	((-5377 : ℚ) / 4096)	1	0	3
segment	1436	((-5377 : ℚ) / 4096)	((-21 : ℚ) / 16)	1	0	3
segment	1437	((-21 : ℚ) / 16)	((-5375 : ℚ) / 4096)	1	0	3
segment	1438	((-5375 : ℚ) / 4096)	((-2687 : ℚ) / 2048)	1	0	3
segment	1439	((-2687 : ℚ) / 2048)	((-5373 : ℚ) / 4096)	1	0	3
segment	1440	((-5373 : ℚ) / 4096)	((-1343 : ℚ) / 1024)	1	0	3
segment	1441	((-1343 : ℚ) / 1024)	((-5371 : ℚ) / 4096)	1	0	3
segment	1442	((-5371 : ℚ) / 4096)	((-2685 : ℚ) / 2048)	1	0	3
segment	1443	((-2685 : ℚ) / 2048)	((-5369 : ℚ) / 4096)	1	0	3
segment	1444	((-5369 : ℚ) / 4096)	((-671 : ℚ) / 512)	1	0	3
segment	1445	((-671 : ℚ) / 512)	((-5367 : ℚ) / 4096)	1	0	3
segment	1446	((-5367 : ℚ) / 4096)	((-2683 : ℚ) / 2048)	1	0	3
segment	1447	((-2683 : ℚ) / 2048)	((-5365 : ℚ) / 4096)	1	0	3
segment	1448	((-5365 : ℚ) / 4096)	((-1341 : ℚ) / 1024)	1	0	3
segment	1449	((-1341 : ℚ) / 1024)	((-5363 : ℚ) / 4096)	1	0	3
segment	1450	((-5363 : ℚ) / 4096)	((-2681 : ℚ) / 2048)	1	0	3
segment	1451	((-2681 : ℚ) / 2048)	((-5361 : ℚ) / 4096)	1	0	3
segment	1452	((-5361 : ℚ) / 4096)	((-335 : ℚ) / 256)	1	0	3
segment	1453	((-335 : ℚ) / 256)	((-5359 : ℚ) / 4096)	1	0	3
segment	1454	((-5359 : ℚ) / 4096)	((-2679 : ℚ) / 2048)	1	0	3
segment	1455	((-2679 : ℚ) / 2048)	((-5357 : ℚ) / 4096)	1	0	3
segment	1456	((-5357 : ℚ) / 4096)	((-1339 : ℚ) / 1024)	1	0	3
segment	1457	((-1339 : ℚ) / 1024)	((-5355 : ℚ) / 4096)	1	0	3
segment	1458	((-5355 : ℚ) / 4096)	((-2677 : ℚ) / 2048)	1	0	3
segment	1459	((-2677 : ℚ) / 2048)	((-5353 : ℚ) / 4096)	1	0	3
segment	1460	((-5353 : ℚ) / 4096)	((-669 : ℚ) / 512)	1	0	3
segment	1461	((-669 : ℚ) / 512)	((-5351 : ℚ) / 4096)	1	0	3
segment	1462	((-5351 : ℚ) / 4096)	((-2675 : ℚ) / 2048)	1	0	3
segment	1463	((-2675 : ℚ) / 2048)	((-5349 : ℚ) / 4096)	1	0	3
segment	1464	((-5349 : ℚ) / 4096)	((-1337 : ℚ) / 1024)	1	0	3
segment	1465	((-1337 : ℚ) / 1024)	((-5347 : ℚ) / 4096)	1	0	3
segment	1466	((-5347 : ℚ) / 4096)	((-2673 : ℚ) / 2048)	1	0	3
segment	1467	((-2673 : ℚ) / 2048)	((-5345 : ℚ) / 4096)	1	0	3
segment	1468	((-5345 : ℚ) / 4096)	((-167 : ℚ) / 128)	1	0	3
segment	1469	((-167 : ℚ) / 128)	((-5343 : ℚ) / 4096)	1	0	3
segment	1470	((-5343 : ℚ) / 4096)	((-2671 : ℚ) / 2048)	1	0	3
segment	1471	((-2671 : ℚ) / 2048)	((-5341 : ℚ) / 4096)	1	0	3
segment	1472	((-5341 : ℚ) / 4096)	((-1335 : ℚ) / 1024)	1	0	3
segment	1473	((-1335 : ℚ) / 1024)	((-5339 : ℚ) / 4096)	1	0	3
segment	1474	((-5339 : ℚ) / 4096)	((-2669 : ℚ) / 2048)	1	0	3
segment	1475	((-2669 : ℚ) / 2048)	((-5337 : ℚ) / 4096)	1	0	3
segment	1476	((-5337 : ℚ) / 4096)	((-667 : ℚ) / 512)	1	0	3
segment	1477	((-667 : ℚ) / 512)	((-5335 : ℚ) / 4096)	1	0	3
segment	1478	((-5335 : ℚ) / 4096)	((-2667 : ℚ) / 2048)	1	0	3
segment	1479	((-2667 : ℚ) / 2048)	((-5333 : ℚ) / 4096)	1	0	3
segment	1480	((-5333 : ℚ) / 4096)	((-1333 : ℚ) / 1024)	1	0	3
segment	1481	((-1333 : ℚ) / 1024)	((-5331 : ℚ) / 4096)	1	0	3
segment	1482	((-5331 : ℚ) / 4096)	((-2665 : ℚ) / 2048)	1	0	3
segment	1483	((-2665 : ℚ) / 2048)	((-5329 : ℚ) / 4096)	1	0	3
segment	1484	((-5329 : ℚ) / 4096)	((-333 : ℚ) / 256)	1	0	3
segment	1485	((-333 : ℚ) / 256)	((-5327 : ℚ) / 4096)	1	0	3
segment	1486	((-5327 : ℚ) / 4096)	((-2663 : ℚ) / 2048)	1	0	3
segment	1487	((-2663 : ℚ) / 2048)	((-5325 : ℚ) / 4096)	1	0	3
segment	1488	((-5325 : ℚ) / 4096)	((-1331 : ℚ) / 1024)	1	0	3
segment	1489	((-1331 : ℚ) / 1024)	((-5323 : ℚ) / 4096)	1	0	3
segment	1490	((-5323 : ℚ) / 4096)	((-2661 : ℚ) / 2048)	1	0	3
segment	1491	((-2661 : ℚ) / 2048)	((-5321 : ℚ) / 4096)	1	0	3
segment	1492	((-5321 : ℚ) / 4096)	((-665 : ℚ) / 512)	1	0	3
segment	1493	((-665 : ℚ) / 512)	((-5319 : ℚ) / 4096)	1	0	3
segment	1494	((-5319 : ℚ) / 4096)	((-2659 : ℚ) / 2048)	1	0	3
segment	1495	((-2659 : ℚ) / 2048)	((-5317 : ℚ) / 4096)	1	0	3
segment	1496	((-5317 : ℚ) / 4096)	((-1329 : ℚ) / 1024)	1	0	3
segment	1497	((-1329 : ℚ) / 1024)	((-5315 : ℚ) / 4096)	1	0	3
segment	1498	((-5315 : ℚ) / 4096)	((-2657 : ℚ) / 2048)	1	0	3
segment	1499	((-2657 : ℚ) / 2048)	((-5313 : ℚ) / 4096)	1	0	3
segment	1500	((-5313 : ℚ) / 4096)	((-83 : ℚ) / 64)	1	0	3
segment	1501	((-83 : ℚ) / 64)	((-5311 : ℚ) / 4096)	1	0	3
segment	1502	((-5311 : ℚ) / 4096)	((-2655 : ℚ) / 2048)	1	0	3
segment	1503	((-2655 : ℚ) / 2048)	((-5309 : ℚ) / 4096)	1	0	3
segment	1504	((-5309 : ℚ) / 4096)	((-1327 : ℚ) / 1024)	1	0	3
segment	1505	((-1327 : ℚ) / 1024)	((-5307 : ℚ) / 4096)	1	0	3
segment	1506	((-5307 : ℚ) / 4096)	((-2653 : ℚ) / 2048)	1	0	3
segment	1507	((-2653 : ℚ) / 2048)	((-5305 : ℚ) / 4096)	1	0	3
segment	1508	((-5305 : ℚ) / 4096)	((-663 : ℚ) / 512)	1	0	3
segment	1509	((-663 : ℚ) / 512)	((-5303 : ℚ) / 4096)	1	0	3
segment	1510	((-5303 : ℚ) / 4096)	((-2651 : ℚ) / 2048)	1	0	3
segment	1511	((-2651 : ℚ) / 2048)	((-5301 : ℚ) / 4096)	1	0	3
segment	1512	((-5301 : ℚ) / 4096)	((-1325 : ℚ) / 1024)	1	0	3
segment	1513	((-1325 : ℚ) / 1024)	((-5299 : ℚ) / 4096)	1	0	3
segment	1514	((-5299 : ℚ) / 4096)	((-2649 : ℚ) / 2048)	1	0	3
segment	1515	((-2649 : ℚ) / 2048)	((-5297 : ℚ) / 4096)	1	0	3
segment	1516	((-5297 : ℚ) / 4096)	((-331 : ℚ) / 256)	1	0	3
segment	1517	((-331 : ℚ) / 256)	((-5295 : ℚ) / 4096)	1	0	3
segment	1518	((-5295 : ℚ) / 4096)	((-2647 : ℚ) / 2048)	1	0	3
segment	1519	((-2647 : ℚ) / 2048)	((-5293 : ℚ) / 4096)	1	0	3
segment	1520	((-5293 : ℚ) / 4096)	((-1323 : ℚ) / 1024)	1	0	3
segment	1521	((-1323 : ℚ) / 1024)	((-5291 : ℚ) / 4096)	1	0	3
segment	1522	((-5291 : ℚ) / 4096)	((-2645 : ℚ) / 2048)	1	0	3
segment	1523	((-2645 : ℚ) / 2048)	((-5289 : ℚ) / 4096)	1	0	3
segment	1524	((-5289 : ℚ) / 4096)	((-661 : ℚ) / 512)	1	0	3
segment	1525	((-661 : ℚ) / 512)	((-5287 : ℚ) / 4096)	1	0	3
segment	1526	((-5287 : ℚ) / 4096)	((-2643 : ℚ) / 2048)	1	0	3
segment	1527	((-2643 : ℚ) / 2048)	((-5285 : ℚ) / 4096)	1	0	3
segment	1528	((-5285 : ℚ) / 4096)	((-1321 : ℚ) / 1024)	1	0	3
segment	1529	((-1321 : ℚ) / 1024)	((-5283 : ℚ) / 4096)	1	0	3
segment	1530	((-5283 : ℚ) / 4096)	((-2641 : ℚ) / 2048)	1	0	3
segment	1531	((-2641 : ℚ) / 2048)	((-5281 : ℚ) / 4096)	1	0	3
segment	1532	((-5281 : ℚ) / 4096)	((-165 : ℚ) / 128)	1	0	3
segment	1533	((-165 : ℚ) / 128)	((-5279 : ℚ) / 4096)	1	0	3
segment	1534	((-5279 : ℚ) / 4096)	((-2639 : ℚ) / 2048)	1	0	3
segment	1535	((-2639 : ℚ) / 2048)	((-5277 : ℚ) / 4096)	1	0	3
segment	1536	((-5277 : ℚ) / 4096)	((-1319 : ℚ) / 1024)	1	0	3
segment	1537	((-1319 : ℚ) / 1024)	((-5275 : ℚ) / 4096)	1	0	3
segment	1538	((-5275 : ℚ) / 4096)	((-2637 : ℚ) / 2048)	1	0	3
segment	1539	((-2637 : ℚ) / 2048)	((-5273 : ℚ) / 4096)	1	0	3
segment	1540	((-5273 : ℚ) / 4096)	((-659 : ℚ) / 512)	1	0	3
segment	1541	((-659 : ℚ) / 512)	((-5271 : ℚ) / 4096)	1	0	3
segment	1542	((-5271 : ℚ) / 4096)	((-2635 : ℚ) / 2048)	1	0	3
segment	1543	((-2635 : ℚ) / 2048)	((-5269 : ℚ) / 4096)	1	0	3
segment	1544	((-5269 : ℚ) / 4096)	((-1317 : ℚ) / 1024)	1	0	3
segment	1545	((-1317 : ℚ) / 1024)	((-5267 : ℚ) / 4096)	1	0	3
segment	1546	((-5267 : ℚ) / 4096)	((-2633 : ℚ) / 2048)	1	0	3
segment	1547	((-2633 : ℚ) / 2048)	((-5265 : ℚ) / 4096)	1	0	3
segment	1548	((-5265 : ℚ) / 4096)	((-329 : ℚ) / 256)	1	0	3
segment	1549	((-329 : ℚ) / 256)	((-5263 : ℚ) / 4096)	1	0	3
segment	1550	((-5263 : ℚ) / 4096)	((-2631 : ℚ) / 2048)	1	0	3
segment	1551	((-2631 : ℚ) / 2048)	((-5261 : ℚ) / 4096)	1	0	3
segment	1552	((-5261 : ℚ) / 4096)	((-1315 : ℚ) / 1024)	1	0	3
segment	1553	((-1315 : ℚ) / 1024)	((-5259 : ℚ) / 4096)	1	0	3
segment	1554	((-5259 : ℚ) / 4096)	((-2629 : ℚ) / 2048)	1	0	3
segment	1555	((-2629 : ℚ) / 2048)	((-5257 : ℚ) / 4096)	1	0	3
segment	1556	((-5257 : ℚ) / 4096)	((-657 : ℚ) / 512)	1	0	3
segment	1557	((-657 : ℚ) / 512)	((-5255 : ℚ) / 4096)	1	0	3
segment	1558	((-5255 : ℚ) / 4096)	((-2627 : ℚ) / 2048)	1	0	3
segment	1559	((-2627 : ℚ) / 2048)	((-5253 : ℚ) / 4096)	1	0	3
segment	1560	((-5253 : ℚ) / 4096)	((-1313 : ℚ) / 1024)	1	0	3
segment	1561	((-1313 : ℚ) / 1024)	((-5251 : ℚ) / 4096)	1	0	3
segment	1562	((-5251 : ℚ) / 4096)	((-2625 : ℚ) / 2048)	1	0	3
segment	1563	((-2625 : ℚ) / 2048)	((-5249 : ℚ) / 4096)	1	0	3
segment	1564	((-5249 : ℚ) / 4096)	((-41 : ℚ) / 32)	1	0	3
segment	1565	((-41 : ℚ) / 32)	((-5247 : ℚ) / 4096)	1	0	3
segment	1566	((-5247 : ℚ) / 4096)	((-2623 : ℚ) / 2048)	1	0	3
segment	1567	((-2623 : ℚ) / 2048)	((-5245 : ℚ) / 4096)	1	0	3
segment	1568	((-5245 : ℚ) / 4096)	((-1311 : ℚ) / 1024)	1	0	3
segment	1569	((-1311 : ℚ) / 1024)	((-5243 : ℚ) / 4096)	1	0	3
segment	1570	((-5243 : ℚ) / 4096)	((-2621 : ℚ) / 2048)	1	0	3
segment	1571	((-2621 : ℚ) / 2048)	((-5241 : ℚ) / 4096)	1	0	3
segment	1572	((-5241 : ℚ) / 4096)	((-655 : ℚ) / 512)	1	0	3
segment	1573	((-655 : ℚ) / 512)	((-5239 : ℚ) / 4096)	1	0	3
segment	1574	((-5239 : ℚ) / 4096)	((-2619 : ℚ) / 2048)	1	0	3
segment	1575	((-2619 : ℚ) / 2048)	((-5237 : ℚ) / 4096)	1	0	3
segment	1576	((-5237 : ℚ) / 4096)	((-1309 : ℚ) / 1024)	1	0	3
segment	1577	((-1309 : ℚ) / 1024)	((-5235 : ℚ) / 4096)	1	0	3
segment	1578	((-5235 : ℚ) / 4096)	((-2617 : ℚ) / 2048)	1	0	3
segment	1579	((-2617 : ℚ) / 2048)	((-5233 : ℚ) / 4096)	1	0	3
segment	1580	((-5233 : ℚ) / 4096)	((-327 : ℚ) / 256)	1	0	3
segment	1581	((-327 : ℚ) / 256)	((-5231 : ℚ) / 4096)	1	0	3
segment	1582	((-5231 : ℚ) / 4096)	((-2615 : ℚ) / 2048)	1	0	3
segment	1583	((-2615 : ℚ) / 2048)	((-5229 : ℚ) / 4096)	1	0	3
segment	1584	((-5229 : ℚ) / 4096)	((-1307 : ℚ) / 1024)	1	0	3
segment	1585	((-1307 : ℚ) / 1024)	((-5227 : ℚ) / 4096)	1	0	3
segment	1586	((-5227 : ℚ) / 4096)	((-2613 : ℚ) / 2048)	1	0	3
segment	1587	((-2613 : ℚ) / 2048)	((-5225 : ℚ) / 4096)	1	0	3
segment	1588	((-5225 : ℚ) / 4096)	((-653 : ℚ) / 512)	1	0	3
segment	1589	((-653 : ℚ) / 512)	((-5223 : ℚ) / 4096)	1	0	3
segment	1590	((-5223 : ℚ) / 4096)	((-2611 : ℚ) / 2048)	1	0	3
segment	1591	((-2611 : ℚ) / 2048)	((-5221 : ℚ) / 4096)	1	0	3
segment	1592	((-5221 : ℚ) / 4096)	((-1305 : ℚ) / 1024)	1	0	3
segment	1593	((-1305 : ℚ) / 1024)	((-5219 : ℚ) / 4096)	1	0	3
segment	1594	((-5219 : ℚ) / 4096)	((-2609 : ℚ) / 2048)	1	0	3
segment	1595	((-2609 : ℚ) / 2048)	((-5217 : ℚ) / 4096)	1	0	3
segment	1596	((-5217 : ℚ) / 4096)	((-163 : ℚ) / 128)	1	0	3
segment	1597	((-163 : ℚ) / 128)	((-5215 : ℚ) / 4096)	1	0	3
segment	1598	((-5215 : ℚ) / 4096)	((-2607 : ℚ) / 2048)	1	0	3
segment	1599	((-2607 : ℚ) / 2048)	((-5213 : ℚ) / 4096)	1	0	3
segment	1600	((-5213 : ℚ) / 4096)	((-1303 : ℚ) / 1024)	1	0	3
segment	1601	((-1303 : ℚ) / 1024)	((-5211 : ℚ) / 4096)	1	0	3
segment	1602	((-5211 : ℚ) / 4096)	((-2605 : ℚ) / 2048)	1	0	3
segment	1603	((-2605 : ℚ) / 2048)	((-5209 : ℚ) / 4096)	1	0	3
segment	1604	((-5209 : ℚ) / 4096)	((-651 : ℚ) / 512)	1	0	3
segment	1605	((-651 : ℚ) / 512)	((-5207 : ℚ) / 4096)	1	0	3
segment	1606	((-5207 : ℚ) / 4096)	((-2603 : ℚ) / 2048)	1	0	3
segment	1607	((-2603 : ℚ) / 2048)	((-5205 : ℚ) / 4096)	1	0	3
segment	1608	((-5205 : ℚ) / 4096)	((-1301 : ℚ) / 1024)	1	0	3
segment	1609	((-1301 : ℚ) / 1024)	((-5203 : ℚ) / 4096)	1	0	3
segment	1610	((-5203 : ℚ) / 4096)	((-2601 : ℚ) / 2048)	1	0	3
segment	1611	((-2601 : ℚ) / 2048)	((-5201 : ℚ) / 4096)	1	0	3
segment	1612	((-5201 : ℚ) / 4096)	((-325 : ℚ) / 256)	1	0	3
segment	1613	((-325 : ℚ) / 256)	((-5199 : ℚ) / 4096)	1	0	3
segment	1614	((-5199 : ℚ) / 4096)	((-2599 : ℚ) / 2048)	1	0	3
segment	1615	((-2599 : ℚ) / 2048)	((-5197 : ℚ) / 4096)	1	0	3
segment	1616	((-5197 : ℚ) / 4096)	((-1299 : ℚ) / 1024)	1	0	3
segment	1617	((-1299 : ℚ) / 1024)	((-5195 : ℚ) / 4096)	1	0	3
segment	1618	((-5195 : ℚ) / 4096)	((-2597 : ℚ) / 2048)	1	0	3
segment	1619	((-2597 : ℚ) / 2048)	((-5193 : ℚ) / 4096)	1	0	3
segment	1620	((-5193 : ℚ) / 4096)	((-649 : ℚ) / 512)	1	0	3
segment	1621	((-649 : ℚ) / 512)	((-5191 : ℚ) / 4096)	1	0	3
segment	1622	((-5191 : ℚ) / 4096)	((-2595 : ℚ) / 2048)	1	0	3
segment	1623	((-2595 : ℚ) / 2048)	((-5189 : ℚ) / 4096)	1	0	3
segment	1624	((-5189 : ℚ) / 4096)	((-1297 : ℚ) / 1024)	1	0	3
segment	1625	((-1297 : ℚ) / 1024)	((-5187 : ℚ) / 4096)	1	0	3
segment	1626	((-5187 : ℚ) / 4096)	((-2593 : ℚ) / 2048)	1	0	3
segment	1627	((-2593 : ℚ) / 2048)	((-5185 : ℚ) / 4096)	1	0	3
segment	1628	((-5185 : ℚ) / 4096)	((-81 : ℚ) / 64)	1	0	3
segment	1629	((-81 : ℚ) / 64)	((-5183 : ℚ) / 4096)	1	0	3
segment	1630	((-5183 : ℚ) / 4096)	((-2591 : ℚ) / 2048)	1	0	3
segment	1631	((-2591 : ℚ) / 2048)	((-5181 : ℚ) / 4096)	1	0	3
segment	1632	((-5181 : ℚ) / 4096)	((-1295 : ℚ) / 1024)	1	0	3
segment	1633	((-1295 : ℚ) / 1024)	((-5179 : ℚ) / 4096)	1	0	3
segment	1634	((-5179 : ℚ) / 4096)	((-2589 : ℚ) / 2048)	1	0	3
segment	1635	((-2589 : ℚ) / 2048)	((-5177 : ℚ) / 4096)	1	0	3
segment	1636	((-5177 : ℚ) / 4096)	((-647 : ℚ) / 512)	1	0	3
segment	1637	((-647 : ℚ) / 512)	((-5175 : ℚ) / 4096)	1	0	3
segment	1638	((-5175 : ℚ) / 4096)	((-2587 : ℚ) / 2048)	1	0	3
segment	1639	((-2587 : ℚ) / 2048)	((-5173 : ℚ) / 4096)	1	0	3
segment	1640	((-5173 : ℚ) / 4096)	((-1293 : ℚ) / 1024)	1	0	3
segment	1641	((-1293 : ℚ) / 1024)	((-5171 : ℚ) / 4096)	1	0	3
segment	1642	((-5171 : ℚ) / 4096)	((-2585 : ℚ) / 2048)	1	0	3
segment	1643	((-2585 : ℚ) / 2048)	((-5169 : ℚ) / 4096)	1	0	3
segment	1644	((-5169 : ℚ) / 4096)	((-323 : ℚ) / 256)	1	0	3
segment	1645	((-323 : ℚ) / 256)	((-5167 : ℚ) / 4096)	1	0	3
segment	1646	((-5167 : ℚ) / 4096)	((-2583 : ℚ) / 2048)	1	0	3
segment	1647	((-2583 : ℚ) / 2048)	((-5165 : ℚ) / 4096)	1	0	3
segment	1648	((-5165 : ℚ) / 4096)	((-1291 : ℚ) / 1024)	1	0	3
segment	1649	((-1291 : ℚ) / 1024)	((-5163 : ℚ) / 4096)	1	0	3
segment	1650	((-5163 : ℚ) / 4096)	((-2581 : ℚ) / 2048)	1	0	3
segment	1651	((-2581 : ℚ) / 2048)	((-5161 : ℚ) / 4096)	1	0	3
segment	1652	((-5161 : ℚ) / 4096)	((-645 : ℚ) / 512)	1	0	3
segment	1653	((-645 : ℚ) / 512)	((-5159 : ℚ) / 4096)	1	0	3
segment	1654	((-5159 : ℚ) / 4096)	((-2579 : ℚ) / 2048)	1	0	3
segment	1655	((-2579 : ℚ) / 2048)	((-5157 : ℚ) / 4096)	1	0	3
segment	1656	((-5157 : ℚ) / 4096)	((-1289 : ℚ) / 1024)	1	0	3
segment	1657	((-1289 : ℚ) / 1024)	((-5155 : ℚ) / 4096)	1	0	3
segment	1658	((-5155 : ℚ) / 4096)	((-2577 : ℚ) / 2048)	1	0	3
segment	1659	((-2577 : ℚ) / 2048)	((-5153 : ℚ) / 4096)	1	0	3
segment	1660	((-5153 : ℚ) / 4096)	((-161 : ℚ) / 128)	1	0	3
segment	1661	((-161 : ℚ) / 128)	((-5151 : ℚ) / 4096)	1	0	3
segment	1662	((-5151 : ℚ) / 4096)	((-2575 : ℚ) / 2048)	1	0	3
segment	1663	((-2575 : ℚ) / 2048)	((-5149 : ℚ) / 4096)	1	0	3
segment	1664	((-5149 : ℚ) / 4096)	((-1287 : ℚ) / 1024)	1	0	3
segment	1665	((-1287 : ℚ) / 1024)	((-5147 : ℚ) / 4096)	1	0	3
segment	1666	((-5147 : ℚ) / 4096)	((-2573 : ℚ) / 2048)	1	0	3
segment	1667	((-2573 : ℚ) / 2048)	((-5145 : ℚ) / 4096)	1	0	3
segment	1668	((-5145 : ℚ) / 4096)	((-643 : ℚ) / 512)	1	0	3
segment	1669	((-643 : ℚ) / 512)	((-5143 : ℚ) / 4096)	1	0	3
segment	1670	((-5143 : ℚ) / 4096)	((-2571 : ℚ) / 2048)	1	0	3
segment	1671	((-2571 : ℚ) / 2048)	((-5141 : ℚ) / 4096)	1	0	3
segment	1672	((-5141 : ℚ) / 4096)	((-1285 : ℚ) / 1024)	1	0	3
segment	1673	((-1285 : ℚ) / 1024)	((-5139 : ℚ) / 4096)	1	0	3
segment	1674	((-5139 : ℚ) / 4096)	((-2569 : ℚ) / 2048)	1	0	3
segment	1675	((-2569 : ℚ) / 2048)	((-5137 : ℚ) / 4096)	1	0	3
segment	1676	((-5137 : ℚ) / 4096)	((-321 : ℚ) / 256)	1	0	3
segment	1677	((-321 : ℚ) / 256)	((-5135 : ℚ) / 4096)	1	0	3
segment	1678	((-5135 : ℚ) / 4096)	((-2567 : ℚ) / 2048)	1	0	3
segment	1679	((-2567 : ℚ) / 2048)	((-5133 : ℚ) / 4096)	1	0	3
segment	1680	((-5133 : ℚ) / 4096)	((-1283 : ℚ) / 1024)	1	0	3
segment	1681	((-1283 : ℚ) / 1024)	((-5131 : ℚ) / 4096)	1	0	3
segment	1682	((-5131 : ℚ) / 4096)	((-2565 : ℚ) / 2048)	1	0	3
segment	1683	((-2565 : ℚ) / 2048)	((-5129 : ℚ) / 4096)	1	0	3
segment	1684	((-5129 : ℚ) / 4096)	((-641 : ℚ) / 512)	1	0	3
segment	1685	((-641 : ℚ) / 512)	((-5127 : ℚ) / 4096)	1	0	3
segment	1686	((-5127 : ℚ) / 4096)	((-2563 : ℚ) / 2048)	1	0	3
segment	1687	((-2563 : ℚ) / 2048)	((-5125 : ℚ) / 4096)	1	0	3
segment	1688	((-5125 : ℚ) / 4096)	((-1281 : ℚ) / 1024)	1	0	3
segment	1689	((-1281 : ℚ) / 1024)	((-5123 : ℚ) / 4096)	1	0	3
segment	1690	((-5123 : ℚ) / 4096)	((-2561 : ℚ) / 2048)	1	0	3
segment	1691	((-2561 : ℚ) / 2048)	((-5121 : ℚ) / 4096)	1	0	3
segment	1692	((-5121 : ℚ) / 4096)	((-5 : ℚ) / 4)	1	0	3
segment	1693	((-5 : ℚ) / 4)	((-5119 : ℚ) / 4096)	1	0	3
segment	1694	((-5119 : ℚ) / 4096)	((-2559 : ℚ) / 2048)	1	0	3
segment	1695	((-2559 : ℚ) / 2048)	((-5117 : ℚ) / 4096)	1	0	3
segment	1696	((-5117 : ℚ) / 4096)	((-1279 : ℚ) / 1024)	1	0	3
segment	1697	((-1279 : ℚ) / 1024)	((-5115 : ℚ) / 4096)	1	0	3
segment	1698	((-5115 : ℚ) / 4096)	((-2557 : ℚ) / 2048)	1	0	3
segment	1699	((-2557 : ℚ) / 2048)	((-5113 : ℚ) / 4096)	1	0	3
segment	1700	((-5113 : ℚ) / 4096)	((-639 : ℚ) / 512)	1	0	3
segment	1701	((-639 : ℚ) / 512)	((-5111 : ℚ) / 4096)	1	0	3
segment	1702	((-5111 : ℚ) / 4096)	((-2555 : ℚ) / 2048)	1	0	3
segment	1703	((-2555 : ℚ) / 2048)	((-5109 : ℚ) / 4096)	1	0	3
segment	1704	((-5109 : ℚ) / 4096)	((-1277 : ℚ) / 1024)	1	0	3
segment	1705	((-1277 : ℚ) / 1024)	((-5107 : ℚ) / 4096)	1	0	3
segment	1706	((-5107 : ℚ) / 4096)	((-2553 : ℚ) / 2048)	1	0	3
segment	1707	((-2553 : ℚ) / 2048)	((-5105 : ℚ) / 4096)	1	0	3
segment	1708	((-5105 : ℚ) / 4096)	((-319 : ℚ) / 256)	1	0	3
segment	1709	((-319 : ℚ) / 256)	((-5103 : ℚ) / 4096)	1	0	3
segment	1710	((-5103 : ℚ) / 4096)	((-2551 : ℚ) / 2048)	1	0	3
segment	1711	((-2551 : ℚ) / 2048)	((-5101 : ℚ) / 4096)	1	0	3
segment	1712	((-5101 : ℚ) / 4096)	((-1275 : ℚ) / 1024)	1	0	3
segment	1713	((-1275 : ℚ) / 1024)	((-5099 : ℚ) / 4096)	1	0	3
segment	1714	((-5099 : ℚ) / 4096)	((-2549 : ℚ) / 2048)	1	0	3
segment	1715	((-2549 : ℚ) / 2048)	((-5097 : ℚ) / 4096)	1	0	3
segment	1716	((-5097 : ℚ) / 4096)	((-637 : ℚ) / 512)	1	0	3
segment	1717	((-637 : ℚ) / 512)	((-5095 : ℚ) / 4096)	1	0	3
segment	1718	((-5095 : ℚ) / 4096)	((-2547 : ℚ) / 2048)	1	0	3
segment	1719	((-2547 : ℚ) / 2048)	((-5093 : ℚ) / 4096)	1	0	3
segment	1720	((-5093 : ℚ) / 4096)	((-1273 : ℚ) / 1024)	1	0	3
segment	1721	((-1273 : ℚ) / 1024)	((-5091 : ℚ) / 4096)	1	0	3
segment	1722	((-5091 : ℚ) / 4096)	((-2545 : ℚ) / 2048)	1	0	3
segment	1723	((-2545 : ℚ) / 2048)	((-5089 : ℚ) / 4096)	1	0	3
segment	1724	((-5089 : ℚ) / 4096)	((-159 : ℚ) / 128)	1	0	3
segment	1725	((-159 : ℚ) / 128)	((-5087 : ℚ) / 4096)	1	0	3
segment	1726	((-5087 : ℚ) / 4096)	((-2543 : ℚ) / 2048)	1	0	3
segment	1727	((-2543 : ℚ) / 2048)	((-5085 : ℚ) / 4096)	1	0	3
segment	1728	((-5085 : ℚ) / 4096)	((-1271 : ℚ) / 1024)	1	0	3
segment	1729	((-1271 : ℚ) / 1024)	((-5083 : ℚ) / 4096)	1	0	3
segment	1730	((-5083 : ℚ) / 4096)	((-2541 : ℚ) / 2048)	1	0	3
segment	1731	((-2541 : ℚ) / 2048)	((-5081 : ℚ) / 4096)	1	0	3
segment	1732	((-5081 : ℚ) / 4096)	((-635 : ℚ) / 512)	1	0	3
segment	1733	((-635 : ℚ) / 512)	((-5079 : ℚ) / 4096)	1	0	3
segment	1734	((-5079 : ℚ) / 4096)	((-2539 : ℚ) / 2048)	1	0	3
segment	1735	((-2539 : ℚ) / 2048)	((-5077 : ℚ) / 4096)	1	0	3
segment	1736	((-5077 : ℚ) / 4096)	((-1269 : ℚ) / 1024)	1	0	3
segment	1737	((-1269 : ℚ) / 1024)	((-5075 : ℚ) / 4096)	1	0	3
segment	1738	((-5075 : ℚ) / 4096)	((-2537 : ℚ) / 2048)	1	0	3
segment	1739	((-2537 : ℚ) / 2048)	((-5073 : ℚ) / 4096)	1	0	3
segment	1740	((-5073 : ℚ) / 4096)	((-317 : ℚ) / 256)	1	0	3
segment	1741	((-317 : ℚ) / 256)	((-5071 : ℚ) / 4096)	1	0	3
segment	1742	((-5071 : ℚ) / 4096)	((-2535 : ℚ) / 2048)	1	0	3
segment	1743	((-2535 : ℚ) / 2048)	((-5069 : ℚ) / 4096)	1	0	3
segment	1744	((-5069 : ℚ) / 4096)	((-1267 : ℚ) / 1024)	1	0	3
segment	1745	((-1267 : ℚ) / 1024)	((-5067 : ℚ) / 4096)	1	0	3
segment	1746	((-5067 : ℚ) / 4096)	((-2533 : ℚ) / 2048)	1	0	3
segment	1747	((-2533 : ℚ) / 2048)	((-5065 : ℚ) / 4096)	1	0	3
segment	1748	((-5065 : ℚ) / 4096)	((-633 : ℚ) / 512)	1	0	3
segment	1749	((-633 : ℚ) / 512)	((-5063 : ℚ) / 4096)	1	0	3
segment	1750	((-5063 : ℚ) / 4096)	((-2531 : ℚ) / 2048)	1	0	3
segment	1751	((-2531 : ℚ) / 2048)	((-5061 : ℚ) / 4096)	1	0	3
segment	1752	((-5061 : ℚ) / 4096)	((-1265 : ℚ) / 1024)	1	0	3
segment	1753	((-1265 : ℚ) / 1024)	((-5059 : ℚ) / 4096)	1	0	3
segment	1754	((-5059 : ℚ) / 4096)	((-2529 : ℚ) / 2048)	1	0	3
segment	1755	((-2529 : ℚ) / 2048)	((-5057 : ℚ) / 4096)	1	0	3
segment	1756	((-5057 : ℚ) / 4096)	((-79 : ℚ) / 64)	1	0	3
segment	1757	((-79 : ℚ) / 64)	((-5055 : ℚ) / 4096)	1	0	3
segment	1758	((-5055 : ℚ) / 4096)	((-2527 : ℚ) / 2048)	1	0	3
segment	1759	((-2527 : ℚ) / 2048)	((-5053 : ℚ) / 4096)	1	0	3
segment	1760	((-5053 : ℚ) / 4096)	((-1263 : ℚ) / 1024)	1	0	3
segment	1761	((-1263 : ℚ) / 1024)	((-5051 : ℚ) / 4096)	1	0	3
segment	1762	((-5051 : ℚ) / 4096)	((-2525 : ℚ) / 2048)	1	0	3
segment	1763	((-2525 : ℚ) / 2048)	((-5049 : ℚ) / 4096)	1	0	3
segment	1764	((-5049 : ℚ) / 4096)	((-631 : ℚ) / 512)	1	0	3
segment	1765	((-631 : ℚ) / 512)	((-5047 : ℚ) / 4096)	1	0	3
segment	1766	((-5047 : ℚ) / 4096)	((-2523 : ℚ) / 2048)	1	0	3
segment	1767	((-2523 : ℚ) / 2048)	((-5045 : ℚ) / 4096)	1	0	3
segment	1768	((-5045 : ℚ) / 4096)	((-1261 : ℚ) / 1024)	1	0	3
segment	1769	((-1261 : ℚ) / 1024)	((-5043 : ℚ) / 4096)	1	0	3
segment	1770	((-5043 : ℚ) / 4096)	((-2521 : ℚ) / 2048)	1	0	3
segment	1771	((-2521 : ℚ) / 2048)	((-5041 : ℚ) / 4096)	1	0	3
segment	1772	((-5041 : ℚ) / 4096)	((-315 : ℚ) / 256)	1	0	3
segment	1773	((-315 : ℚ) / 256)	((-5039 : ℚ) / 4096)	1	0	3
segment	1774	((-5039 : ℚ) / 4096)	((-2519 : ℚ) / 2048)	1	0	3
segment	1775	((-2519 : ℚ) / 2048)	((-5037 : ℚ) / 4096)	1	0	3
segment	1776	((-5037 : ℚ) / 4096)	((-1259 : ℚ) / 1024)	1	0	3
segment	1777	((-1259 : ℚ) / 1024)	((-5035 : ℚ) / 4096)	1	0	3
segment	1778	((-5035 : ℚ) / 4096)	((-2517 : ℚ) / 2048)	1	0	3
segment	1779	((-2517 : ℚ) / 2048)	((-5033 : ℚ) / 4096)	1	0	3
segment	1780	((-5033 : ℚ) / 4096)	((-629 : ℚ) / 512)	1	0	3
segment	1781	((-629 : ℚ) / 512)	((-5031 : ℚ) / 4096)	1	0	3
segment	1782	((-5031 : ℚ) / 4096)	((-2515 : ℚ) / 2048)	1	0	3
segment	1783	((-2515 : ℚ) / 2048)	((-5029 : ℚ) / 4096)	1	0	3
segment	1784	((-5029 : ℚ) / 4096)	((-1257 : ℚ) / 1024)	1	0	3
segment	1785	((-1257 : ℚ) / 1024)	((-5027 : ℚ) / 4096)	1	0	3
segment	1786	((-5027 : ℚ) / 4096)	((-2513 : ℚ) / 2048)	1	0	3
segment	1787	((-2513 : ℚ) / 2048)	((-5025 : ℚ) / 4096)	1	0	3
segment	1788	((-5025 : ℚ) / 4096)	((-157 : ℚ) / 128)	1	0	3
segment	1789	((-157 : ℚ) / 128)	((-5023 : ℚ) / 4096)	1	0	3
segment	1790	((-5023 : ℚ) / 4096)	((-2511 : ℚ) / 2048)	1	0	3
segment	1791	((-2511 : ℚ) / 2048)	((-5021 : ℚ) / 4096)	1	0	3
segment	1792	((-5021 : ℚ) / 4096)	((-1255 : ℚ) / 1024)	1	0	3
segment	1793	((-1255 : ℚ) / 1024)	((-5019 : ℚ) / 4096)	1	0	3
segment	1794	((-5019 : ℚ) / 4096)	((-2509 : ℚ) / 2048)	1	0	3
segment	1795	((-2509 : ℚ) / 2048)	((-5017 : ℚ) / 4096)	1	0	3
segment	1796	((-5017 : ℚ) / 4096)	((-627 : ℚ) / 512)	1	0	3
segment	1797	((-627 : ℚ) / 512)	((-5015 : ℚ) / 4096)	1	0	3
segment	1798	((-5015 : ℚ) / 4096)	((-2507 : ℚ) / 2048)	1	0	3
segment	1799	((-2507 : ℚ) / 2048)	((-5013 : ℚ) / 4096)	1	0	3
segment	1800	((-5013 : ℚ) / 4096)	((-1253 : ℚ) / 1024)	1	0	3
segment	1801	((-1253 : ℚ) / 1024)	((-5011 : ℚ) / 4096)	1	0	3
segment	1802	((-5011 : ℚ) / 4096)	((-2505 : ℚ) / 2048)	1	0	3
segment	1803	((-2505 : ℚ) / 2048)	((-5009 : ℚ) / 4096)	1	0	3
segment	1804	((-5009 : ℚ) / 4096)	((-313 : ℚ) / 256)	1	0	3
segment	1805	((-313 : ℚ) / 256)	((-5007 : ℚ) / 4096)	1	0	3
segment	1806	((-5007 : ℚ) / 4096)	((-2503 : ℚ) / 2048)	1	0	3
segment	1807	((-2503 : ℚ) / 2048)	((-5005 : ℚ) / 4096)	1	0	3
segment	1808	((-5005 : ℚ) / 4096)	((-1251 : ℚ) / 1024)	1	0	3
segment	1809	((-1251 : ℚ) / 1024)	((-5003 : ℚ) / 4096)	1	0	3
segment	1810	((-5003 : ℚ) / 4096)	((-2501 : ℚ) / 2048)	1	0	3
segment	1811	((-2501 : ℚ) / 2048)	((-5001 : ℚ) / 4096)	1	0	3
segment	1812	((-5001 : ℚ) / 4096)	((-625 : ℚ) / 512)	1	0	3
segment	1813	((-625 : ℚ) / 512)	((-4999 : ℚ) / 4096)	1	0	3
segment	1814	((-4999 : ℚ) / 4096)	((-2499 : ℚ) / 2048)	1	0	3
segment	1815	((-2499 : ℚ) / 2048)	((-4997 : ℚ) / 4096)	1	0	3
segment	1816	((-4997 : ℚ) / 4096)	((-1249 : ℚ) / 1024)	1	0	3
segment	1817	((-1249 : ℚ) / 1024)	((-4995 : ℚ) / 4096)	1	0	3
segment	1818	((-4995 : ℚ) / 4096)	((-2497 : ℚ) / 2048)	1	0	3
segment	1819	((-2497 : ℚ) / 2048)	((-4993 : ℚ) / 4096)	1	0	3
segment	1820	((-4993 : ℚ) / 4096)	((-39 : ℚ) / 32)	1	0	3
segment	1821	((-39 : ℚ) / 32)	((-4991 : ℚ) / 4096)	1	0	3
segment	1822	((-4991 : ℚ) / 4096)	((-2495 : ℚ) / 2048)	1	0	3
segment	1823	((-2495 : ℚ) / 2048)	((-4989 : ℚ) / 4096)	1	0	3
segment	1824	((-4989 : ℚ) / 4096)	((-1247 : ℚ) / 1024)	1	0	3
segment	1825	((-1247 : ℚ) / 1024)	((-4987 : ℚ) / 4096)	1	0	3
segment	1826	((-4987 : ℚ) / 4096)	((-2493 : ℚ) / 2048)	1	0	3
segment	1827	((-2493 : ℚ) / 2048)	((-4985 : ℚ) / 4096)	1	0	3
segment	1828	((-4985 : ℚ) / 4096)	((-623 : ℚ) / 512)	1	0	3
segment	1829	((-623 : ℚ) / 512)	((-4983 : ℚ) / 4096)	1	0	3
segment	1830	((-4983 : ℚ) / 4096)	((-2491 : ℚ) / 2048)	1	0	3
segment	1831	((-2491 : ℚ) / 2048)	((-4981 : ℚ) / 4096)	1	0	3
segment	1832	((-4981 : ℚ) / 4096)	((-1245 : ℚ) / 1024)	1	0	3
segment	1833	((-1245 : ℚ) / 1024)	((-4979 : ℚ) / 4096)	1	0	3
segment	1834	((-4979 : ℚ) / 4096)	((-2489 : ℚ) / 2048)	1	0	3
segment	1835	((-2489 : ℚ) / 2048)	((-4977 : ℚ) / 4096)	1	0	3
segment	1836	((-4977 : ℚ) / 4096)	((-311 : ℚ) / 256)	1	0	3
segment	1837	((-311 : ℚ) / 256)	((-4975 : ℚ) / 4096)	1	0	3
segment	1838	((-4975 : ℚ) / 4096)	((-2487 : ℚ) / 2048)	1	0	3
segment	1839	((-2487 : ℚ) / 2048)	((-4973 : ℚ) / 4096)	1	0	3
segment	1840	((-4973 : ℚ) / 4096)	((-1243 : ℚ) / 1024)	1	0	3
segment	1841	((-1243 : ℚ) / 1024)	((-4971 : ℚ) / 4096)	1	0	3
segment	1842	((-4971 : ℚ) / 4096)	((-2485 : ℚ) / 2048)	1	0	3
segment	1843	((-2485 : ℚ) / 2048)	((-4969 : ℚ) / 4096)	1	0	3
segment	1844	((-4969 : ℚ) / 4096)	((-621 : ℚ) / 512)	1	0	3
segment	1845	((-621 : ℚ) / 512)	((-4967 : ℚ) / 4096)	1	0	3
segment	1846	((-4967 : ℚ) / 4096)	((-2483 : ℚ) / 2048)	1	0	3
segment	1847	((-2483 : ℚ) / 2048)	((-4965 : ℚ) / 4096)	1	0	3
segment	1848	((-4965 : ℚ) / 4096)	((-1241 : ℚ) / 1024)	1	0	3
segment	1849	((-1241 : ℚ) / 1024)	((-4963 : ℚ) / 4096)	1	0	3
segment	1850	((-4963 : ℚ) / 4096)	((-2481 : ℚ) / 2048)	1	0	3
segment	1851	((-2481 : ℚ) / 2048)	((-4961 : ℚ) / 4096)	1	0	3
segment	1852	((-4961 : ℚ) / 4096)	((-155 : ℚ) / 128)	1	0	3
segment	1853	((-155 : ℚ) / 128)	((-4959 : ℚ) / 4096)	1	0	3
segment	1854	((-4959 : ℚ) / 4096)	((-2479 : ℚ) / 2048)	1	0	3
segment	1855	((-2479 : ℚ) / 2048)	((-4957 : ℚ) / 4096)	1	0	3
segment	1856	((-4957 : ℚ) / 4096)	((-1239 : ℚ) / 1024)	1	0	3
segment	1857	((-1239 : ℚ) / 1024)	((-4955 : ℚ) / 4096)	1	0	3
segment	1858	((-4955 : ℚ) / 4096)	((-2477 : ℚ) / 2048)	1	0	3
segment	1859	((-2477 : ℚ) / 2048)	((-4953 : ℚ) / 4096)	1	0	3
segment	1860	((-4953 : ℚ) / 4096)	((-619 : ℚ) / 512)	1	0	3
segment	1861	((-619 : ℚ) / 512)	((-4951 : ℚ) / 4096)	1	0	3
segment	1862	((-4951 : ℚ) / 4096)	((-2475 : ℚ) / 2048)	1	0	3
segment	1863	((-2475 : ℚ) / 2048)	((-4949 : ℚ) / 4096)	1	0	3
segment	1864	((-4949 : ℚ) / 4096)	((-1237 : ℚ) / 1024)	1	0	3
segment	1865	((-1237 : ℚ) / 1024)	((-4947 : ℚ) / 4096)	1	0	3
segment	1866	((-4947 : ℚ) / 4096)	((-2473 : ℚ) / 2048)	1	0	3
segment	1867	((-2473 : ℚ) / 2048)	((-4945 : ℚ) / 4096)	1	0	3
segment	1868	((-4945 : ℚ) / 4096)	((-309 : ℚ) / 256)	1	0	3
segment	1869	((-309 : ℚ) / 256)	((-4943 : ℚ) / 4096)	1	0	3
segment	1870	((-4943 : ℚ) / 4096)	((-2471 : ℚ) / 2048)	1	0	3
segment	1871	((-2471 : ℚ) / 2048)	((-4941 : ℚ) / 4096)	1	0	3
segment	1872	((-4941 : ℚ) / 4096)	((-1235 : ℚ) / 1024)	1	0	3
segment	1873	((-1235 : ℚ) / 1024)	((-4939 : ℚ) / 4096)	1	0	3
segment	1874	((-4939 : ℚ) / 4096)	((-2469 : ℚ) / 2048)	1	0	3
segment	1875	((-2469 : ℚ) / 2048)	((-4937 : ℚ) / 4096)	1	0	3
segment	1876	((-4937 : ℚ) / 4096)	((-617 : ℚ) / 512)	1	0	3
segment	1877	((-617 : ℚ) / 512)	((-4935 : ℚ) / 4096)	1	0	3
segment	1878	((-4935 : ℚ) / 4096)	((-2467 : ℚ) / 2048)	1	0	3
segment	1879	((-2467 : ℚ) / 2048)	((-4933 : ℚ) / 4096)	1	0	3
segment	1880	((-4933 : ℚ) / 4096)	((-1233 : ℚ) / 1024)	1	0	3
segment	1881	((-1233 : ℚ) / 1024)	((-4931 : ℚ) / 4096)	1	0	3
segment	1882	((-4931 : ℚ) / 4096)	((-2465 : ℚ) / 2048)	1	0	3
segment	1883	((-2465 : ℚ) / 2048)	((-4929 : ℚ) / 4096)	1	0	3
segment	1884	((-4929 : ℚ) / 4096)	((-77 : ℚ) / 64)	1	0	3
segment	1885	((-77 : ℚ) / 64)	((-4927 : ℚ) / 4096)	1	0	3
segment	1886	((-4927 : ℚ) / 4096)	((-2463 : ℚ) / 2048)	1	0	3
segment	1887	((-2463 : ℚ) / 2048)	((-4925 : ℚ) / 4096)	1	0	3
segment	1888	((-4925 : ℚ) / 4096)	((-1231 : ℚ) / 1024)	1	0	3
segment	1889	((-1231 : ℚ) / 1024)	((-4923 : ℚ) / 4096)	1	0	3
segment	1890	((-4923 : ℚ) / 4096)	((-2461 : ℚ) / 2048)	1	0	3
segment	1891	((-2461 : ℚ) / 2048)	((-4921 : ℚ) / 4096)	1	0	3
segment	1892	((-4921 : ℚ) / 4096)	((-615 : ℚ) / 512)	1	0	3
segment	1893	((-615 : ℚ) / 512)	((-4919 : ℚ) / 4096)	1	0	3
segment	1894	((-4919 : ℚ) / 4096)	((-2459 : ℚ) / 2048)	1	0	3
segment	1895	((-2459 : ℚ) / 2048)	((-4917 : ℚ) / 4096)	1	0	3
segment	1896	((-4917 : ℚ) / 4096)	((-1229 : ℚ) / 1024)	1	0	3
segment	1897	((-1229 : ℚ) / 1024)	((-4915 : ℚ) / 4096)	1	0	3
segment	1898	((-4915 : ℚ) / 4096)	((-2457 : ℚ) / 2048)	1	0	3
segment	1899	((-2457 : ℚ) / 2048)	((-4913 : ℚ) / 4096)	1	0	3
segment	1900	((-4913 : ℚ) / 4096)	((-307 : ℚ) / 256)	1	0	3
segment	1901	((-307 : ℚ) / 256)	((-4911 : ℚ) / 4096)	1	0	3
segment	1902	((-4911 : ℚ) / 4096)	((-2455 : ℚ) / 2048)	1	0	3
segment	1903	((-2455 : ℚ) / 2048)	((-4909 : ℚ) / 4096)	1	0	3
segment	1904	((-4909 : ℚ) / 4096)	((-1227 : ℚ) / 1024)	1	0	3
segment	1905	((-1227 : ℚ) / 1024)	((-4907 : ℚ) / 4096)	1	0	3
segment	1906	((-4907 : ℚ) / 4096)	((-2453 : ℚ) / 2048)	1	0	3
segment	1907	((-2453 : ℚ) / 2048)	((-4905 : ℚ) / 4096)	1	0	3
segment	1908	((-4905 : ℚ) / 4096)	((-613 : ℚ) / 512)	1	0	3
segment	1909	((-613 : ℚ) / 512)	((-4903 : ℚ) / 4096)	1	0	3
segment	1910	((-4903 : ℚ) / 4096)	((-2451 : ℚ) / 2048)	1	0	3
segment	1911	((-2451 : ℚ) / 2048)	((-4901 : ℚ) / 4096)	1	0	3
segment	1912	((-4901 : ℚ) / 4096)	((-1225 : ℚ) / 1024)	1	0	3
segment	1913	((-1225 : ℚ) / 1024)	((-4899 : ℚ) / 4096)	1	0	3
segment	1914	((-4899 : ℚ) / 4096)	((-2449 : ℚ) / 2048)	1	0	3
segment	1915	((-2449 : ℚ) / 2048)	((-4897 : ℚ) / 4096)	1	0	3
segment	1916	((-4897 : ℚ) / 4096)	((-153 : ℚ) / 128)	1	0	3
segment	1917	((-153 : ℚ) / 128)	((-4895 : ℚ) / 4096)	1	0	3
segment	1918	((-4895 : ℚ) / 4096)	((-2447 : ℚ) / 2048)	1	0	3
segment	1919	((-2447 : ℚ) / 2048)	((-4893 : ℚ) / 4096)	1	0	3
segment	1920	((-4893 : ℚ) / 4096)	((-1223 : ℚ) / 1024)	1	0	3
segment	1921	((-1223 : ℚ) / 1024)	((-4891 : ℚ) / 4096)	1	0	3
segment	1922	((-4891 : ℚ) / 4096)	((-2445 : ℚ) / 2048)	1	0	3
segment	1923	((-2445 : ℚ) / 2048)	((-4889 : ℚ) / 4096)	1	0	3
segment	1924	((-4889 : ℚ) / 4096)	((-611 : ℚ) / 512)	1	0	3
segment	1925	((-611 : ℚ) / 512)	((-4887 : ℚ) / 4096)	1	0	3
segment	1926	((-4887 : ℚ) / 4096)	((-2443 : ℚ) / 2048)	1	0	3
segment	1927	((-2443 : ℚ) / 2048)	((-4885 : ℚ) / 4096)	1	0	3
segment	1928	((-4885 : ℚ) / 4096)	((-1221 : ℚ) / 1024)	1	0	3
segment	1929	((-1221 : ℚ) / 1024)	((-4883 : ℚ) / 4096)	1	0	3
segment	1930	((-4883 : ℚ) / 4096)	((-2441 : ℚ) / 2048)	1	0	3
segment	1931	((-2441 : ℚ) / 2048)	((-4881 : ℚ) / 4096)	1	0	3
segment	1932	((-4881 : ℚ) / 4096)	((-305 : ℚ) / 256)	1	0	3
segment	1933	((-305 : ℚ) / 256)	((-4879 : ℚ) / 4096)	1	0	3
segment	1934	((-4879 : ℚ) / 4096)	((-2439 : ℚ) / 2048)	1	0	3
segment	1935	((-2439 : ℚ) / 2048)	((-4877 : ℚ) / 4096)	1	0	3
segment	1936	((-4877 : ℚ) / 4096)	((-1219 : ℚ) / 1024)	1	0	3
segment	1937	((-1219 : ℚ) / 1024)	((-4875 : ℚ) / 4096)	1	0	3
segment	1938	((-4875 : ℚ) / 4096)	((-2437 : ℚ) / 2048)	1	0	3
segment	1939	((-2437 : ℚ) / 2048)	((-4873 : ℚ) / 4096)	1	0	3
segment	1940	((-4873 : ℚ) / 4096)	((-609 : ℚ) / 512)	1	0	3
segment	1941	((-609 : ℚ) / 512)	((-4871 : ℚ) / 4096)	1	0	3
segment	1942	((-4871 : ℚ) / 4096)	((-2435 : ℚ) / 2048)	1	0	3
segment	1943	((-2435 : ℚ) / 2048)	((-4869 : ℚ) / 4096)	1	0	3
segment	1944	((-4869 : ℚ) / 4096)	((-1217 : ℚ) / 1024)	1	0	3
segment	1945	((-1217 : ℚ) / 1024)	((-4867 : ℚ) / 4096)	1	0	3
segment	1946	((-4867 : ℚ) / 4096)	((-2433 : ℚ) / 2048)	1	0	3
segment	1947	((-2433 : ℚ) / 2048)	((-4865 : ℚ) / 4096)	1	0	3
segment	1948	((-4865 : ℚ) / 4096)	((-19 : ℚ) / 16)	1	0	3
segment	1949	((-19 : ℚ) / 16)	((-4863 : ℚ) / 4096)	1	0	3
segment	1950	((-4863 : ℚ) / 4096)	((-2431 : ℚ) / 2048)	1	0	3
segment	1951	((-2431 : ℚ) / 2048)	((-4861 : ℚ) / 4096)	1	0	3
segment	1952	((-4861 : ℚ) / 4096)	((-1215 : ℚ) / 1024)	1	0	3
segment	1953	((-1215 : ℚ) / 1024)	((-4859 : ℚ) / 4096)	1	0	3
segment	1954	((-4859 : ℚ) / 4096)	((-2429 : ℚ) / 2048)	1	0	3
segment	1955	((-2429 : ℚ) / 2048)	((-4857 : ℚ) / 4096)	1	0	3
segment	1956	((-4857 : ℚ) / 4096)	((-607 : ℚ) / 512)	1	0	3
segment	1957	((-607 : ℚ) / 512)	((-4855 : ℚ) / 4096)	1	0	3
segment	1958	((-4855 : ℚ) / 4096)	((-2427 : ℚ) / 2048)	1	0	3
segment	1959	((-2427 : ℚ) / 2048)	((-4853 : ℚ) / 4096)	1	0	3
segment	1960	((-4853 : ℚ) / 4096)	((-1213 : ℚ) / 1024)	1	0	3
segment	1961	((-1213 : ℚ) / 1024)	((-4851 : ℚ) / 4096)	1	0	3
segment	1962	((-4851 : ℚ) / 4096)	((-2425 : ℚ) / 2048)	1	0	3
segment	1963	((-2425 : ℚ) / 2048)	((-4849 : ℚ) / 4096)	1	0	3
segment	1964	((-4849 : ℚ) / 4096)	((-303 : ℚ) / 256)	1	0	3
segment	1965	((-303 : ℚ) / 256)	((-4847 : ℚ) / 4096)	1	0	3
segment	1966	((-4847 : ℚ) / 4096)	((-2423 : ℚ) / 2048)	1	0	3
segment	1967	((-2423 : ℚ) / 2048)	((-4845 : ℚ) / 4096)	1	0	3
segment	1968	((-4845 : ℚ) / 4096)	((-1211 : ℚ) / 1024)	1	0	3
segment	1969	((-1211 : ℚ) / 1024)	((-4843 : ℚ) / 4096)	1	0	3
segment	1970	((-4843 : ℚ) / 4096)	((-2421 : ℚ) / 2048)	1	0	3
segment	1971	((-2421 : ℚ) / 2048)	((-4841 : ℚ) / 4096)	1	0	3
segment	1972	((-4841 : ℚ) / 4096)	((-605 : ℚ) / 512)	1	0	3
segment	1973	((-605 : ℚ) / 512)	((-4839 : ℚ) / 4096)	1	0	3
segment	1974	((-4839 : ℚ) / 4096)	((-2419 : ℚ) / 2048)	1	0	3
segment	1975	((-2419 : ℚ) / 2048)	((-4837 : ℚ) / 4096)	1	0	3
segment	1976	((-4837 : ℚ) / 4096)	((-1209 : ℚ) / 1024)	1	0	3
segment	1977	((-1209 : ℚ) / 1024)	((-4835 : ℚ) / 4096)	1	0	3
segment	1978	((-4835 : ℚ) / 4096)	((-2417 : ℚ) / 2048)	1	0	3
segment	1979	((-2417 : ℚ) / 2048)	((-4833 : ℚ) / 4096)	1	0	3
segment	1980	((-4833 : ℚ) / 4096)	((-151 : ℚ) / 128)	1	0	3
segment	1981	((-151 : ℚ) / 128)	((-4831 : ℚ) / 4096)	1	0	3
segment	1982	((-4831 : ℚ) / 4096)	((-2415 : ℚ) / 2048)	1	0	3
segment	1983	((-2415 : ℚ) / 2048)	((-4829 : ℚ) / 4096)	1	0	3
segment	1984	((-4829 : ℚ) / 4096)	((-1207 : ℚ) / 1024)	1	0	3
segment	1985	((-1207 : ℚ) / 1024)	((-4827 : ℚ) / 4096)	1	0	3
segment	1986	((-4827 : ℚ) / 4096)	((-2413 : ℚ) / 2048)	1	0	3
segment	1987	((-2413 : ℚ) / 2048)	((-4825 : ℚ) / 4096)	1	0	3
segment	1988	((-4825 : ℚ) / 4096)	((-603 : ℚ) / 512)	1	0	3
segment	1989	((-603 : ℚ) / 512)	((-4823 : ℚ) / 4096)	1	0	3
segment	1990	((-4823 : ℚ) / 4096)	((-2411 : ℚ) / 2048)	1	0	3
segment	1991	((-2411 : ℚ) / 2048)	((-4821 : ℚ) / 4096)	1	0	3
segment	1992	((-4821 : ℚ) / 4096)	((-1205 : ℚ) / 1024)	1	0	3
segment	1993	((-1205 : ℚ) / 1024)	((-4819 : ℚ) / 4096)	1	0	3
segment	1994	((-4819 : ℚ) / 4096)	((-2409 : ℚ) / 2048)	1	0	3
segment	1995	((-2409 : ℚ) / 2048)	((-4817 : ℚ) / 4096)	1	0	3
segment	1996	((-4817 : ℚ) / 4096)	((-301 : ℚ) / 256)	1	0	3
segment	1997	((-301 : ℚ) / 256)	((-4815 : ℚ) / 4096)	1	0	3
segment	1998	((-4815 : ℚ) / 4096)	((-2407 : ℚ) / 2048)	1	0	3
segment	1999	((-2407 : ℚ) / 2048)	((-4813 : ℚ) / 4096)	1	0	3
segment	2000	((-4813 : ℚ) / 4096)	((-1203 : ℚ) / 1024)	1	0	3
segment	2001	((-1203 : ℚ) / 1024)	((-4811 : ℚ) / 4096)	1	0	3
segment	2002	((-4811 : ℚ) / 4096)	((-2405 : ℚ) / 2048)	1	0	3
segment	2003	((-2405 : ℚ) / 2048)	((-4809 : ℚ) / 4096)	1	0	3
segment	2004	((-4809 : ℚ) / 4096)	((-601 : ℚ) / 512)	1	0	3
segment	2005	((-601 : ℚ) / 512)	((-4807 : ℚ) / 4096)	1	0	3
segment	2006	((-4807 : ℚ) / 4096)	((-2403 : ℚ) / 2048)	1	0	3
segment	2007	((-2403 : ℚ) / 2048)	((-4805 : ℚ) / 4096)	1	0	3
segment	2008	((-4805 : ℚ) / 4096)	((-1201 : ℚ) / 1024)	1	0	3
segment	2009	((-1201 : ℚ) / 1024)	((-4803 : ℚ) / 4096)	1	0	3
segment	2010	((-4803 : ℚ) / 4096)	((-2401 : ℚ) / 2048)	1	0	3
segment	2011	((-2401 : ℚ) / 2048)	((-4801 : ℚ) / 4096)	1	0	3
segment	2012	((-4801 : ℚ) / 4096)	((-75 : ℚ) / 64)	1	0	3
segment	2013	((-75 : ℚ) / 64)	((-4799 : ℚ) / 4096)	1	0	3
segment	2014	((-4799 : ℚ) / 4096)	((-2399 : ℚ) / 2048)	1	0	3
segment	2015	((-2399 : ℚ) / 2048)	((-4797 : ℚ) / 4096)	1	0	3
segment	2016	((-4797 : ℚ) / 4096)	((-1199 : ℚ) / 1024)	1	0	3
segment	2017	((-1199 : ℚ) / 1024)	((-4795 : ℚ) / 4096)	1	0	3
segment	2018	((-4795 : ℚ) / 4096)	((-2397 : ℚ) / 2048)	1	0	3
segment	2019	((-2397 : ℚ) / 2048)	((-4793 : ℚ) / 4096)	1	0	3
segment	2020	((-4793 : ℚ) / 4096)	((-599 : ℚ) / 512)	1	0	3
segment	2021	((-599 : ℚ) / 512)	((-4791 : ℚ) / 4096)	1	0	3
segment	2022	((-4791 : ℚ) / 4096)	((-2395 : ℚ) / 2048)	1	0	3
segment	2023	((-2395 : ℚ) / 2048)	((-4789 : ℚ) / 4096)	1	0	3
segment	2024	((-4789 : ℚ) / 4096)	((-1197 : ℚ) / 1024)	1	0	3
segment	2025	((-1197 : ℚ) / 1024)	((-4787 : ℚ) / 4096)	1	0	3
segment	2026	((-4787 : ℚ) / 4096)	((-2393 : ℚ) / 2048)	1	0	3
segment	2027	((-2393 : ℚ) / 2048)	((-4785 : ℚ) / 4096)	1	0	3
segment	2028	((-4785 : ℚ) / 4096)	((-299 : ℚ) / 256)	1	0	3
segment	2029	((-299 : ℚ) / 256)	((-4783 : ℚ) / 4096)	1	0	3
segment	2030	((-4783 : ℚ) / 4096)	((-2391 : ℚ) / 2048)	1	0	3
segment	2031	((-2391 : ℚ) / 2048)	((-4781 : ℚ) / 4096)	1	0	3
segment	2032	((-4781 : ℚ) / 4096)	((-1195 : ℚ) / 1024)	1	0	3
segment	2033	((-1195 : ℚ) / 1024)	((-4779 : ℚ) / 4096)	1	0	3
segment	2034	((-4779 : ℚ) / 4096)	((-2389 : ℚ) / 2048)	1	0	3
segment	2035	((-2389 : ℚ) / 2048)	((-4777 : ℚ) / 4096)	1	0	3
segment	2036	((-4777 : ℚ) / 4096)	((-597 : ℚ) / 512)	1	0	3
segment	2037	((-597 : ℚ) / 512)	((-4775 : ℚ) / 4096)	1	0	3
segment	2038	((-4775 : ℚ) / 4096)	((-2387 : ℚ) / 2048)	1	0	3
segment	2039	((-2387 : ℚ) / 2048)	((-4773 : ℚ) / 4096)	1	0	3
segment	2040	((-4773 : ℚ) / 4096)	((-1193 : ℚ) / 1024)	1	0	3
segment	2041	((-1193 : ℚ) / 1024)	((-4771 : ℚ) / 4096)	1	0	3
segment	2042	((-4771 : ℚ) / 4096)	((-2385 : ℚ) / 2048)	1	0	3
segment	2043	((-2385 : ℚ) / 2048)	((-4769 : ℚ) / 4096)	1	0	3
segment	2044	((-4769 : ℚ) / 4096)	((-149 : ℚ) / 128)	1	0	3
segment	2045	((-149 : ℚ) / 128)	((-4767 : ℚ) / 4096)	1	0	3
segment	2046	((-4767 : ℚ) / 4096)	((-2383 : ℚ) / 2048)	1	0	3
segment	2047	((-2383 : ℚ) / 2048)	((-4765 : ℚ) / 4096)	1	0	3
segment	2048	((-4765 : ℚ) / 4096)	((-1191 : ℚ) / 1024)	1	0	3
segment	2049	((-1191 : ℚ) / 1024)	((-4763 : ℚ) / 4096)	1	0	3
segment	2050	((-4763 : ℚ) / 4096)	((-2381 : ℚ) / 2048)	1	0	3
segment	2051	((-2381 : ℚ) / 2048)	((-4761 : ℚ) / 4096)	1	0	3
segment	2052	((-4761 : ℚ) / 4096)	((-595 : ℚ) / 512)	1	0	3
segment	2053	((-595 : ℚ) / 512)	((-4759 : ℚ) / 4096)	1	0	3
segment	2054	((-4759 : ℚ) / 4096)	((-2379 : ℚ) / 2048)	1	0	3
segment	2055	((-2379 : ℚ) / 2048)	((-4757 : ℚ) / 4096)	1	0	3
segment	2056	((-4757 : ℚ) / 4096)	((-1189 : ℚ) / 1024)	1	0	3
segment	2057	((-1189 : ℚ) / 1024)	((-4755 : ℚ) / 4096)	1	0	3
segment	2058	((-4755 : ℚ) / 4096)	((-2377 : ℚ) / 2048)	1	0	3
segment	2059	((-2377 : ℚ) / 2048)	((-4753 : ℚ) / 4096)	1	0	3
segment	2060	((-4753 : ℚ) / 4096)	((-297 : ℚ) / 256)	1	0	3
segment	2061	((-297 : ℚ) / 256)	((-4751 : ℚ) / 4096)	1	0	3
segment	2062	((-4751 : ℚ) / 4096)	((-2375 : ℚ) / 2048)	1	0	3
segment	2063	((-2375 : ℚ) / 2048)	((-4749 : ℚ) / 4096)	1	0	3
segment	2064	((-4749 : ℚ) / 4096)	((-1187 : ℚ) / 1024)	1	0	3
segment	2065	((-1187 : ℚ) / 1024)	((-4747 : ℚ) / 4096)	1	0	3
segment	2066	((-4747 : ℚ) / 4096)	((-2373 : ℚ) / 2048)	1	0	3
segment	2067	((-2373 : ℚ) / 2048)	((-4745 : ℚ) / 4096)	1	0	3
segment	2068	((-4745 : ℚ) / 4096)	((-593 : ℚ) / 512)	1	0	3
segment	2069	((-593 : ℚ) / 512)	((-4743 : ℚ) / 4096)	1	0	3
segment	2070	((-4743 : ℚ) / 4096)	((-2371 : ℚ) / 2048)	1	0	3
segment	2071	((-2371 : ℚ) / 2048)	((-4741 : ℚ) / 4096)	1	0	3
segment	2072	((-4741 : ℚ) / 4096)	((-1185 : ℚ) / 1024)	1	0	3
segment	2073	((-1185 : ℚ) / 1024)	((-4739 : ℚ) / 4096)	1	0	3
segment	2074	((-4739 : ℚ) / 4096)	((-2369 : ℚ) / 2048)	1	0	3
segment	2075	((-2369 : ℚ) / 2048)	((-4737 : ℚ) / 4096)	1	0	3
segment	2076	((-4737 : ℚ) / 4096)	((-37 : ℚ) / 32)	1	0	3
segment	2077	((-37 : ℚ) / 32)	((-4735 : ℚ) / 4096)	1	0	3
segment	2078	((-4735 : ℚ) / 4096)	((-2367 : ℚ) / 2048)	1	0	3
segment	2079	((-2367 : ℚ) / 2048)	((-4733 : ℚ) / 4096)	1	0	3
segment	2080	((-4733 : ℚ) / 4096)	((-1183 : ℚ) / 1024)	1	0	3
segment	2081	((-1183 : ℚ) / 1024)	((-4731 : ℚ) / 4096)	1	0	3
segment	2082	((-4731 : ℚ) / 4096)	((-2365 : ℚ) / 2048)	1	0	3
segment	2083	((-2365 : ℚ) / 2048)	((-4729 : ℚ) / 4096)	1	0	3
segment	2084	((-4729 : ℚ) / 4096)	((-591 : ℚ) / 512)	1	0	3
segment	2085	((-591 : ℚ) / 512)	((-4727 : ℚ) / 4096)	1	0	3
segment	2086	((-4727 : ℚ) / 4096)	((-2363 : ℚ) / 2048)	1	0	3
segment	2087	((-2363 : ℚ) / 2048)	((-4725 : ℚ) / 4096)	1	0	3
segment	2088	((-4725 : ℚ) / 4096)	((-1181 : ℚ) / 1024)	1	0	3
segment	2089	((-1181 : ℚ) / 1024)	((-4723 : ℚ) / 4096)	1	0	3
segment	2090	((-4723 : ℚ) / 4096)	((-2361 : ℚ) / 2048)	1	0	3
segment	2091	((-2361 : ℚ) / 2048)	((-4721 : ℚ) / 4096)	1	0	3
segment	2092	((-4721 : ℚ) / 4096)	((-295 : ℚ) / 256)	1	0	3
segment	2093	((-295 : ℚ) / 256)	((-4719 : ℚ) / 4096)	1	0	3
segment	2094	((-4719 : ℚ) / 4096)	((-2359 : ℚ) / 2048)	1	0	3
segment	2095	((-2359 : ℚ) / 2048)	((-4717 : ℚ) / 4096)	1	0	3
segment	2096	((-4717 : ℚ) / 4096)	((-1179 : ℚ) / 1024)	1	0	3
segment	2097	((-1179 : ℚ) / 1024)	((-4715 : ℚ) / 4096)	1	0	3
segment	2098	((-4715 : ℚ) / 4096)	((-2357 : ℚ) / 2048)	1	0	3
segment	2099	((-2357 : ℚ) / 2048)	((-4713 : ℚ) / 4096)	1	0	3
segment	2100	((-4713 : ℚ) / 4096)	((-589 : ℚ) / 512)	1	0	3
segment	2101	((-589 : ℚ) / 512)	((-4711 : ℚ) / 4096)	1	0	3
segment	2102	((-4711 : ℚ) / 4096)	((-2355 : ℚ) / 2048)	1	0	3
segment	2103	((-2355 : ℚ) / 2048)	((-4709 : ℚ) / 4096)	1	0	3
segment	2104	((-4709 : ℚ) / 4096)	((-1177 : ℚ) / 1024)	1	0	3
segment	2105	((-1177 : ℚ) / 1024)	((-4707 : ℚ) / 4096)	1	0	3
segment	2106	((-4707 : ℚ) / 4096)	((-2353 : ℚ) / 2048)	1	0	3
segment	2107	((-2353 : ℚ) / 2048)	((-4705 : ℚ) / 4096)	1	0	3
segment	2108	((-4705 : ℚ) / 4096)	((-147 : ℚ) / 128)	1	0	3
segment	2109	((-147 : ℚ) / 128)	((-4703 : ℚ) / 4096)	1	0	3
segment	2110	((-4703 : ℚ) / 4096)	((-2351 : ℚ) / 2048)	1	0	3
segment	2111	((-2351 : ℚ) / 2048)	((-4701 : ℚ) / 4096)	1	0	3
segment	2112	((-4701 : ℚ) / 4096)	((-1175 : ℚ) / 1024)	1	0	3
segment	2113	((-1175 : ℚ) / 1024)	((-4699 : ℚ) / 4096)	1	0	3
segment	2114	((-4699 : ℚ) / 4096)	((-2349 : ℚ) / 2048)	1	0	3
segment	2115	((-2349 : ℚ) / 2048)	((-4697 : ℚ) / 4096)	1	0	3
segment	2116	((-4697 : ℚ) / 4096)	((-587 : ℚ) / 512)	1	0	3
segment	2117	((-587 : ℚ) / 512)	((-4695 : ℚ) / 4096)	1	0	3
segment	2118	((-4695 : ℚ) / 4096)	((-2347 : ℚ) / 2048)	1	0	3
segment	2119	((-2347 : ℚ) / 2048)	((-4693 : ℚ) / 4096)	1	0	3
segment	2120	((-4693 : ℚ) / 4096)	((-1173 : ℚ) / 1024)	1	0	3
segment	2121	((-1173 : ℚ) / 1024)	((-4691 : ℚ) / 4096)	1	0	3
segment	2122	((-4691 : ℚ) / 4096)	((-2345 : ℚ) / 2048)	1	0	3
segment	2123	((-2345 : ℚ) / 2048)	((-4689 : ℚ) / 4096)	1	0	3
segment	2124	((-4689 : ℚ) / 4096)	((-293 : ℚ) / 256)	1	0	3
segment	2125	((-293 : ℚ) / 256)	((-4687 : ℚ) / 4096)	1	0	3
segment	2126	((-4687 : ℚ) / 4096)	((-2343 : ℚ) / 2048)	1	0	3
segment	2127	((-2343 : ℚ) / 2048)	((-4685 : ℚ) / 4096)	1	0	3
segment	2128	((-4685 : ℚ) / 4096)	((-1171 : ℚ) / 1024)	1	0	3
segment	2129	((-1171 : ℚ) / 1024)	((-4683 : ℚ) / 4096)	1	0	3
segment	2130	((-4683 : ℚ) / 4096)	((-2341 : ℚ) / 2048)	1	0	3
segment	2131	((-2341 : ℚ) / 2048)	((-4681 : ℚ) / 4096)	1	0	3
segment	2132	((-4681 : ℚ) / 4096)	((-585 : ℚ) / 512)	1	0	3
segment	2133	((-585 : ℚ) / 512)	((-4679 : ℚ) / 4096)	1	0	3
segment	2134	((-4679 : ℚ) / 4096)	((-2339 : ℚ) / 2048)	1	0	3
segment	2135	((-2339 : ℚ) / 2048)	((-4677 : ℚ) / 4096)	1	0	3
segment	2136	((-4677 : ℚ) / 4096)	((-1169 : ℚ) / 1024)	1	8968117439374	3
segment	2137	((-1169 : ℚ) / 1024)	((-4675 : ℚ) / 4096)	1	82070001961124	3
segment	2138	((-4675 : ℚ) / 4096)	((-2337 : ℚ) / 2048)	1	174391273982762	3
segment	2139	((-2337 : ℚ) / 2048)	((-4673 : ℚ) / 4096)	1	274910000579864	3
segment	2140	((-4673 : ℚ) / 4096)	((-73 : ℚ) / 64)	1	383581947120946	3
segment	2141	((-73 : ℚ) / 64)	((-4671 : ℚ) / 4096)	1	500276629563663	3
segment	2142	((-4671 : ℚ) / 4096)	((-2335 : ℚ) / 2048)	1	624773658741813	3
segment	2143	((-2335 : ℚ) / 2048)	((-4669 : ℚ) / 4096)	1	756760101932026	3
segment	2144	((-4669 : ℚ) / 4096)	((-1167 : ℚ) / 1024)	1	895828946172963	3
segment	2145	((-1167 : ℚ) / 1024)	((-4667 : ℚ) / 4096)	1	1041478734010758	3
segment	2146	((-4667 : ℚ) / 4096)	((-2333 : ℚ) / 2048)	1	1193114426871502	3
segment	2147	((-2333 : ℚ) / 2048)	((-4665 : ℚ) / 4096)	1	1350049534323659	3
segment	2148	((-4665 : ℚ) / 4096)	((-583 : ℚ) / 512)	1	1511509529333041	3
segment	2149	((-583 : ℚ) / 512)	((-4663 : ℚ) / 4096)	1	1676636550502012	3
segment	2150	((-4663 : ℚ) / 4096)	((-2331 : ℚ) / 2048)	1	1844495372520269	3
segment	2151	((-2331 : ℚ) / 2048)	((-4661 : ℚ) / 4096)	1	2014080605955319	3
segment	2152	((-4661 : ℚ) / 4096)	((-1165 : ℚ) / 1024)	1	2184325067409952	3
segment	2153	((-1165 : ℚ) / 1024)	((-4659 : ℚ) / 4096)	1	2354109241314309	3
segment	2154	((-4659 : ℚ) / 4096)	((-2329 : ℚ) / 2048)	1	2522271735551345	3
segment	2155	((-2329 : ℚ) / 2048)	((-4657 : ℚ) / 4096)	1	2687620615077344	3
segment	2156	((-4657 : ℚ) / 4096)	((-291 : ℚ) / 256)	1	2848945481031838	3
segment	2157	((-291 : ℚ) / 256)	((-4655 : ℚ) / 4096)	1	3005030147854220	3
segment	2158	((-4655 : ℚ) / 4096)	((-2327 : ℚ) / 2048)	1	3154665757934141	3
segment	2159	((-2327 : ℚ) / 2048)	((-4653 : ℚ) / 4096)	1	3296664162591654	3
segment	2160	((-4653 : ℚ) / 4096)	((-1163 : ℚ) / 1024)	1	3429871389947667	3
segment	2161	((-1163 : ℚ) / 1024)	((-4651 : ℚ) / 4096)	1	3553181014704399	3
segment	2162	((-4651 : ℚ) / 4096)	((-2325 : ℚ) / 2048)	1	3665547242164510	3
segment	2163	((-2325 : ℚ) / 2048)	((-4649 : ℚ) / 4096)	1	3765997519084873	3
segment	2164	((-4649 : ℚ) / 4096)	((-581 : ℚ) / 512)	1	3853644487244644	3
segment	2165	((-581 : ℚ) / 512)	((-4647 : ℚ) / 4096)	1	2945956552091457	3
segment	2166	((-4647 : ℚ) / 4096)	((-2323 : ℚ) / 2048)	1	2026710624808001	3
segment	2167	((-2323 : ℚ) / 2048)	((-4645 : ℚ) / 4096)	1	2075374311285665	3
segment	2168	((-4645 : ℚ) / 4096)	((-1161 : ℚ) / 1024)	1	2108848545288591	3
segment	2169	((-1161 : ℚ) / 1024)	((-4643 : ℚ) / 4096)	1	2126783796644452	3
segment	2170	((-4643 : ℚ) / 4096)	((-2321 : ℚ) / 2048)	1	2128963404804517	3
segment	2171	((-2321 : ℚ) / 2048)	((-4641 : ℚ) / 4096)	1	2115307070378101	3
segment	2172	((-4641 : ℚ) / 4096)	((-145 : ℚ) / 128)	1	2085872687750283	3
segment	2173	((-145 : ℚ) / 128)	((-4639 : ℚ) / 4096)	1	2040856477479805	3
segment	2174	((-4639 : ℚ) / 4096)	((-2319 : ℚ) / 2048)	1	2962658143577458	3
segment	2175	((-2319 : ℚ) / 2048)	((-4637 : ℚ) / 4096)	1	3872388731068896	3
segment	2176	((-4637 : ℚ) / 4096)	((-1159 : ℚ) / 1024)	1	3786630814027648	3
segment	2177	((-1159 : ℚ) / 1024)	((-4635 : ℚ) / 4096)	1	3687210742462596	3
segment	2178	((-4635 : ℚ) / 4096)	((-2317 : ℚ) / 2048)	1	3574931633309615	3
segment	2179	((-2317 : ℚ) / 2048)	((-4633 : ℚ) / 4096)	1	3450703425176724	3
segment	2180	((-4633 : ℚ) / 4096)	((-579 : ℚ) / 512)	1	3315532384973989	3
segment	2181	((-579 : ℚ) / 512)	((-4631 : ℚ) / 4096)	1	3170509440371083	3
segment	2182	((-4631 : ℚ) / 4096)	((-2315 : ℚ) / 2048)	1	3016797502283792	3
segment	2183	((-2315 : ℚ) / 2048)	((-4629 : ℚ) / 4096)	1	2855617957156948	3
segment	2184	((-4629 : ℚ) / 4096)	((-1157 : ℚ) / 1024)	1	2688236521500900	3
segment	2185	((-1157 : ℚ) / 1024)	((-4627 : ℚ) / 4096)	1	2515948660717372	3
segment	2186	((-4627 : ℚ) / 4096)	((-2313 : ℚ) / 2048)	1	2340064780539883	3
segment	2187	((-2313 : ℚ) / 2048)	((-4625 : ℚ) / 4096)	1	2161895402293857	3
segment	2188	((-4625 : ℚ) / 4096)	((-289 : ℚ) / 256)	1	1982736532592854	3
segment	2189	((-289 : ℚ) / 256)	((-4623 : ℚ) / 4096)	1	1803855434033683	3
segment	2190	((-4623 : ℚ) / 4096)	((-2311 : ℚ) / 2048)	1	1626476996000901	3
segment	2191	((-2311 : ℚ) / 2048)	((-4621 : ℚ) / 4096)	1	1451770893969086	3
segment	2192	((-4621 : ℚ) / 4096)	((-1155 : ℚ) / 1024)	1	1280839711887693	3
segment	2193	((-1155 : ℚ) / 1024)	((-4619 : ℚ) / 4096)	1	1114708185593796	3
segment	2194	((-4619 : ℚ) / 4096)	((-2309 : ℚ) / 2048)	1	954313706019988	3
segment	2195	((-2309 : ℚ) / 2048)	((-4617 : ℚ) / 4096)	1	800498199592497	3
segment	2196	((-4617 : ℚ) / 4096)	((-577 : ℚ) / 512)	1	654001480033160	3
segment	2197	((-577 : ℚ) / 512)	((-4615 : ℚ) / 4096)	1	515456141205890	3
segment	2198	((-4615 : ℚ) / 4096)	((-2307 : ℚ) / 2048)	1	385384035126856	3
segment	2199	((-2307 : ℚ) / 2048)	((-4613 : ℚ) / 4096)	1	264194353247373	3
segment	2200	((-4613 : ℚ) / 4096)	((-1153 : ℚ) / 1024)	1	152183303087165	3
segment	2201	((-1153 : ℚ) / 1024)	((-4611 : ℚ) / 4096)	1	49535346709418	3
segment	2202	((-4611 : ℚ) / 4096)	((-2305 : ℚ) / 2048)	1	0	3
segment	2203	((-2305 : ℚ) / 2048)	((-4609 : ℚ) / 4096)	1	0	3
segment	2204	((-4609 : ℚ) / 4096)	((-9 : ℚ) / 8)	1	0	3
segment	2205	((-9 : ℚ) / 8)	((-4607 : ℚ) / 4096)	1	0	3
segment	2206	((-4607 : ℚ) / 4096)	((-2303 : ℚ) / 2048)	1	0	3
segment	2207	((-2303 : ℚ) / 2048)	((-4605 : ℚ) / 4096)	1	0	3
segment	2208	((-4605 : ℚ) / 4096)	((-1151 : ℚ) / 1024)	1	0	3
segment	2209	((-1151 : ℚ) / 1024)	((-4603 : ℚ) / 4096)	1	0	3
segment	2210	((-4603 : ℚ) / 4096)	((-2301 : ℚ) / 2048)	1	0	3
segment	2211	((-2301 : ℚ) / 2048)	((-4601 : ℚ) / 4096)	1	0	3
segment	2212	((-4601 : ℚ) / 4096)	((-575 : ℚ) / 512)	1	0	3
segment	2213	((-575 : ℚ) / 512)	((-4599 : ℚ) / 4096)	1	0	3
segment	2214	((-4599 : ℚ) / 4096)	((-2299 : ℚ) / 2048)	1	0	3
segment	2215	((-2299 : ℚ) / 2048)	((-4597 : ℚ) / 4096)	1	0	3
segment	2216	((-4597 : ℚ) / 4096)	((-1149 : ℚ) / 1024)	1	0	3
segment	2217	((-1149 : ℚ) / 1024)	((-4595 : ℚ) / 4096)	1	0	3
segment	2218	((-4595 : ℚ) / 4096)	((-2297 : ℚ) / 2048)	1	0	3
segment	2219	((-2297 : ℚ) / 2048)	((-4593 : ℚ) / 4096)	1	0	3
segment	2220	((-4593 : ℚ) / 4096)	((-287 : ℚ) / 256)	1	0	3
segment	2221	((-287 : ℚ) / 256)	((-4591 : ℚ) / 4096)	1	0	3
segment	2222	((-4591 : ℚ) / 4096)	((-2295 : ℚ) / 2048)	1	0	3
segment	2223	((-2295 : ℚ) / 2048)	((-4589 : ℚ) / 4096)	1	0	3
segment	2224	((-4589 : ℚ) / 4096)	((-1147 : ℚ) / 1024)	1	0	3
segment	2225	((-1147 : ℚ) / 1024)	((-4587 : ℚ) / 4096)	1	0	3
segment	2226	((-4587 : ℚ) / 4096)	((-2293 : ℚ) / 2048)	1	0	3
segment	2227	((-2293 : ℚ) / 2048)	((-4585 : ℚ) / 4096)	1	0	3
segment	2228	((-4585 : ℚ) / 4096)	((-573 : ℚ) / 512)	1	0	3
segment	2229	((-573 : ℚ) / 512)	((-4583 : ℚ) / 4096)	1	0	3
segment	2230	((-4583 : ℚ) / 4096)	((-2291 : ℚ) / 2048)	1	0	3
segment	2231	((-2291 : ℚ) / 2048)	((-4581 : ℚ) / 4096)	1	0	3
segment	2232	((-4581 : ℚ) / 4096)	((-1145 : ℚ) / 1024)	1	0	3
segment	2233	((-1145 : ℚ) / 1024)	((-4579 : ℚ) / 4096)	1	0	3
segment	2234	((-4579 : ℚ) / 4096)	((-2289 : ℚ) / 2048)	1	0	3
segment	2235	((-2289 : ℚ) / 2048)	((-4577 : ℚ) / 4096)	1	0	3
segment	2236	((-4577 : ℚ) / 4096)	((-143 : ℚ) / 128)	1	0	3
segment	2237	((-143 : ℚ) / 128)	((-4575 : ℚ) / 4096)	1	0	3
segment	2238	((-4575 : ℚ) / 4096)	((-2287 : ℚ) / 2048)	1	0	3
segment	2239	((-2287 : ℚ) / 2048)	((-4573 : ℚ) / 4096)	1	0	3
segment	2240	((-4573 : ℚ) / 4096)	((-1143 : ℚ) / 1024)	1	0	3
segment	2241	((-1143 : ℚ) / 1024)	((-4571 : ℚ) / 4096)	1	0	3
segment	2242	((-4571 : ℚ) / 4096)	((-2285 : ℚ) / 2048)	1	0	3
segment	2243	((-2285 : ℚ) / 2048)	((-4569 : ℚ) / 4096)	1	0	3
segment	2244	((-4569 : ℚ) / 4096)	((-571 : ℚ) / 512)	1	0	3
segment	2245	((-571 : ℚ) / 512)	((-4567 : ℚ) / 4096)	1	0	3
segment	2246	((-4567 : ℚ) / 4096)	((-2283 : ℚ) / 2048)	1	0	3
segment	2247	((-2283 : ℚ) / 2048)	((-4565 : ℚ) / 4096)	1	0	3
segment	2248	((-4565 : ℚ) / 4096)	((-1141 : ℚ) / 1024)	1	0	3
segment	2249	((-1141 : ℚ) / 1024)	((-4563 : ℚ) / 4096)	1	0	3
segment	2250	((-4563 : ℚ) / 4096)	((-2281 : ℚ) / 2048)	1	0	3
segment	2251	((-2281 : ℚ) / 2048)	((-4561 : ℚ) / 4096)	1	0	3
segment	2252	((-4561 : ℚ) / 4096)	((-285 : ℚ) / 256)	1	0	3
segment	2253	((-285 : ℚ) / 256)	((-4559 : ℚ) / 4096)	1	0	3
segment	2254	((-4559 : ℚ) / 4096)	((-2279 : ℚ) / 2048)	1	0	3
segment	2255	((-2279 : ℚ) / 2048)	((-4557 : ℚ) / 4096)	1	0	3
segment	2256	((-4557 : ℚ) / 4096)	((-1139 : ℚ) / 1024)	1	0	3
segment	2257	((-1139 : ℚ) / 1024)	((-4555 : ℚ) / 4096)	1	0	3
segment	2258	((-4555 : ℚ) / 4096)	((-2277 : ℚ) / 2048)	1	0	3
segment	2259	((-2277 : ℚ) / 2048)	((-4553 : ℚ) / 4096)	1	0	3
segment	2260	((-4553 : ℚ) / 4096)	((-569 : ℚ) / 512)	1	0	3
segment	2261	((-569 : ℚ) / 512)	((-4551 : ℚ) / 4096)	1	0	3
segment	2262	((-4551 : ℚ) / 4096)	((-2275 : ℚ) / 2048)	1	0	3
segment	2263	((-2275 : ℚ) / 2048)	((-4549 : ℚ) / 4096)	1	0	3
segment	2264	((-4549 : ℚ) / 4096)	((-1137 : ℚ) / 1024)	1	0	3
segment	2265	((-1137 : ℚ) / 1024)	((-4547 : ℚ) / 4096)	1	0	3
segment	2266	((-4547 : ℚ) / 4096)	((-2273 : ℚ) / 2048)	1	0	3
segment	2267	((-2273 : ℚ) / 2048)	((-4545 : ℚ) / 4096)	1	0	3
segment	2268	((-4545 : ℚ) / 4096)	((-71 : ℚ) / 64)	1	0	3
segment	2269	((-71 : ℚ) / 64)	((-4543 : ℚ) / 4096)	1	0	3
segment	2270	((-4543 : ℚ) / 4096)	((-2271 : ℚ) / 2048)	1	0	3
segment	2271	((-2271 : ℚ) / 2048)	((-4541 : ℚ) / 4096)	1	0	3
segment	2272	((-4541 : ℚ) / 4096)	((-1135 : ℚ) / 1024)	1	0	3
segment	2273	((-1135 : ℚ) / 1024)	((-4539 : ℚ) / 4096)	1	0	3
segment	2274	((-4539 : ℚ) / 4096)	((-2269 : ℚ) / 2048)	1	0	3
segment	2275	((-2269 : ℚ) / 2048)	((-4537 : ℚ) / 4096)	1	0	3
segment	2276	((-4537 : ℚ) / 4096)	((-567 : ℚ) / 512)	1	0	3
segment	2277	((-567 : ℚ) / 512)	((-4535 : ℚ) / 4096)	1	0	3
segment	2278	((-4535 : ℚ) / 4096)	((-2267 : ℚ) / 2048)	1	0	3
segment	2279	((-2267 : ℚ) / 2048)	((-4533 : ℚ) / 4096)	1	0	3
segment	2280	((-4533 : ℚ) / 4096)	((-1133 : ℚ) / 1024)	1	0	3
segment	2281	((-1133 : ℚ) / 1024)	((-4531 : ℚ) / 4096)	1	0	3
segment	2282	((-4531 : ℚ) / 4096)	((-2265 : ℚ) / 2048)	1	0	3
segment	2283	((-2265 : ℚ) / 2048)	((-4529 : ℚ) / 4096)	1	0	3
segment	2284	((-4529 : ℚ) / 4096)	((-283 : ℚ) / 256)	1	0	3
segment	2285	((-283 : ℚ) / 256)	((-4527 : ℚ) / 4096)	1	0	3
segment	2286	((-4527 : ℚ) / 4096)	((-2263 : ℚ) / 2048)	1	0	3
segment	2287	((-2263 : ℚ) / 2048)	((-4525 : ℚ) / 4096)	1	0	3
segment	2288	((-4525 : ℚ) / 4096)	((-1131 : ℚ) / 1024)	1	0	3
segment	2289	((-1131 : ℚ) / 1024)	((-4523 : ℚ) / 4096)	1	0	3
segment	2290	((-4523 : ℚ) / 4096)	((-2261 : ℚ) / 2048)	1	0	3
segment	2291	((-2261 : ℚ) / 2048)	((-4521 : ℚ) / 4096)	1	0	3
segment	2292	((-4521 : ℚ) / 4096)	((-565 : ℚ) / 512)	1	0	3
segment	2293	((-565 : ℚ) / 512)	((-4519 : ℚ) / 4096)	1	0	3
segment	2294	((-4519 : ℚ) / 4096)	((-2259 : ℚ) / 2048)	1	0	3
segment	2295	((-2259 : ℚ) / 2048)	((-4517 : ℚ) / 4096)	1	0	3
segment	2296	((-4517 : ℚ) / 4096)	((-1129 : ℚ) / 1024)	1	0	3
segment	2297	((-1129 : ℚ) / 1024)	((-4515 : ℚ) / 4096)	1	0	3
segment	2298	((-4515 : ℚ) / 4096)	((-2257 : ℚ) / 2048)	1	0	3
segment	2299	((-2257 : ℚ) / 2048)	((-4513 : ℚ) / 4096)	1	0	3
segment	2300	((-4513 : ℚ) / 4096)	((-141 : ℚ) / 128)	1	0	3
segment	2301	((-141 : ℚ) / 128)	((-4511 : ℚ) / 4096)	1	0	3
segment	2302	((-4511 : ℚ) / 4096)	((-2255 : ℚ) / 2048)	1	0	3
segment	2303	((-2255 : ℚ) / 2048)	((-4509 : ℚ) / 4096)	1	0	3
segment	2304	((-4509 : ℚ) / 4096)	((-1127 : ℚ) / 1024)	1	0	3
segment	2305	((-1127 : ℚ) / 1024)	((-4507 : ℚ) / 4096)	1	0	3
segment	2306	((-4507 : ℚ) / 4096)	((-2253 : ℚ) / 2048)	1	0	3
segment	2307	((-2253 : ℚ) / 2048)	((-4505 : ℚ) / 4096)	1	0	3
segment	2308	((-4505 : ℚ) / 4096)	((-563 : ℚ) / 512)	1	0	3
segment	2309	((-563 : ℚ) / 512)	((-4503 : ℚ) / 4096)	1	0	3
segment	2310	((-4503 : ℚ) / 4096)	((-2251 : ℚ) / 2048)	1	0	3
segment	2311	((-2251 : ℚ) / 2048)	((-4501 : ℚ) / 4096)	1	0	3
segment	2312	((-4501 : ℚ) / 4096)	((-1125 : ℚ) / 1024)	1	0	3
segment	2313	((-1125 : ℚ) / 1024)	((-4499 : ℚ) / 4096)	1	0	3
segment	2314	((-4499 : ℚ) / 4096)	((-2249 : ℚ) / 2048)	1	0	3
segment	2315	((-2249 : ℚ) / 2048)	((-4497 : ℚ) / 4096)	1	0	3
segment	2316	((-4497 : ℚ) / 4096)	((-281 : ℚ) / 256)	1	0	3
segment	2317	((-281 : ℚ) / 256)	((-4495 : ℚ) / 4096)	1	0	3
segment	2318	((-4495 : ℚ) / 4096)	((-2247 : ℚ) / 2048)	1	0	3
segment	2319	((-2247 : ℚ) / 2048)	((-4493 : ℚ) / 4096)	1	0	3
segment	2320	((-4493 : ℚ) / 4096)	((-1123 : ℚ) / 1024)	1	0	3
segment	2321	((-1123 : ℚ) / 1024)	((-4491 : ℚ) / 4096)	1	0	3
segment	2322	((-4491 : ℚ) / 4096)	((-2245 : ℚ) / 2048)	1	0	3
segment	2323	((-2245 : ℚ) / 2048)	((-4489 : ℚ) / 4096)	1	0	3
segment	2324	((-4489 : ℚ) / 4096)	((-561 : ℚ) / 512)	1	0	3
segment	2325	((-561 : ℚ) / 512)	((-4487 : ℚ) / 4096)	1	0	3
segment	2326	((-4487 : ℚ) / 4096)	((-2243 : ℚ) / 2048)	1	0	3
segment	2327	((-2243 : ℚ) / 2048)	((-4485 : ℚ) / 4096)	1	0	3
segment	2328	((-4485 : ℚ) / 4096)	((-1121 : ℚ) / 1024)	1	0	3
segment	2329	((-1121 : ℚ) / 1024)	((-4483 : ℚ) / 4096)	1	0	3
segment	2330	((-4483 : ℚ) / 4096)	((-2241 : ℚ) / 2048)	1	0	3
segment	2331	((-2241 : ℚ) / 2048)	((-4481 : ℚ) / 4096)	1	0	3
segment	2332	((-4481 : ℚ) / 4096)	((-35 : ℚ) / 32)	1	0	3
segment	2333	((-35 : ℚ) / 32)	((-4479 : ℚ) / 4096)	1	0	3
segment	2334	((-4479 : ℚ) / 4096)	((-2239 : ℚ) / 2048)	1	0	3
segment	2335	((-2239 : ℚ) / 2048)	((-4477 : ℚ) / 4096)	1	0	3
segment	2336	((-4477 : ℚ) / 4096)	((-1119 : ℚ) / 1024)	1	0	3
segment	2337	((-1119 : ℚ) / 1024)	((-4475 : ℚ) / 4096)	1	0	3
segment	2338	((-4475 : ℚ) / 4096)	((-2237 : ℚ) / 2048)	1	0	3
segment	2339	((-2237 : ℚ) / 2048)	((-4473 : ℚ) / 4096)	1	0	3
segment	2340	((-4473 : ℚ) / 4096)	((-559 : ℚ) / 512)	1	0	3
segment	2341	((-559 : ℚ) / 512)	((-4471 : ℚ) / 4096)	1	0	3
segment	2342	((-4471 : ℚ) / 4096)	((-2235 : ℚ) / 2048)	1	0	3
segment	2343	((-2235 : ℚ) / 2048)	((-4469 : ℚ) / 4096)	1	0	3
segment	2344	((-4469 : ℚ) / 4096)	((-1117 : ℚ) / 1024)	1	0	3
segment	2345	((-1117 : ℚ) / 1024)	((-4467 : ℚ) / 4096)	1	0	3
segment	2346	((-4467 : ℚ) / 4096)	((-2233 : ℚ) / 2048)	1	0	3
segment	2347	((-2233 : ℚ) / 2048)	((-4465 : ℚ) / 4096)	1	0	3
segment	2348	((-4465 : ℚ) / 4096)	((-279 : ℚ) / 256)	1	0	3
segment	2349	((-279 : ℚ) / 256)	((-4463 : ℚ) / 4096)	1	0	3
segment	2350	((-4463 : ℚ) / 4096)	((-2231 : ℚ) / 2048)	1	0	3
segment	2351	((-2231 : ℚ) / 2048)	((-4461 : ℚ) / 4096)	1	0	3
segment	2352	((-4461 : ℚ) / 4096)	((-1115 : ℚ) / 1024)	1	0	3
segment	2353	((-1115 : ℚ) / 1024)	((-4459 : ℚ) / 4096)	1	0	3
segment	2354	((-4459 : ℚ) / 4096)	((-2229 : ℚ) / 2048)	1	0	3
segment	2355	((-2229 : ℚ) / 2048)	((-4457 : ℚ) / 4096)	1	0	3
segment	2356	((-4457 : ℚ) / 4096)	((-557 : ℚ) / 512)	1	0	3
segment	2357	((-557 : ℚ) / 512)	((-4455 : ℚ) / 4096)	1	0	3
segment	2358	((-4455 : ℚ) / 4096)	((-2227 : ℚ) / 2048)	1	0	3
segment	2359	((-2227 : ℚ) / 2048)	((-4453 : ℚ) / 4096)	1	0	3
segment	2360	((-4453 : ℚ) / 4096)	((-1113 : ℚ) / 1024)	1	0	3
segment	2361	((-1113 : ℚ) / 1024)	((-4451 : ℚ) / 4096)	1	0	3
segment	2362	((-4451 : ℚ) / 4096)	((-2225 : ℚ) / 2048)	1	0	3
segment	2363	((-2225 : ℚ) / 2048)	((-4449 : ℚ) / 4096)	1	0	3
segment	2364	((-4449 : ℚ) / 4096)	((-139 : ℚ) / 128)	1	0	3
segment	2365	((-139 : ℚ) / 128)	((-4447 : ℚ) / 4096)	1	0	3
segment	2366	((-4447 : ℚ) / 4096)	((-2223 : ℚ) / 2048)	1	0	3
segment	2367	((-2223 : ℚ) / 2048)	((-4445 : ℚ) / 4096)	1	0	3
segment	2368	((-4445 : ℚ) / 4096)	((-1111 : ℚ) / 1024)	1	0	3
segment	2369	((-1111 : ℚ) / 1024)	((-4443 : ℚ) / 4096)	1	0	3
segment	2370	((-4443 : ℚ) / 4096)	((-2221 : ℚ) / 2048)	1	0	3
segment	2371	((-2221 : ℚ) / 2048)	((-4441 : ℚ) / 4096)	1	0	3
segment	2372	((-4441 : ℚ) / 4096)	((-555 : ℚ) / 512)	1	0	3
segment	2373	((-555 : ℚ) / 512)	((-4439 : ℚ) / 4096)	1	0	3
segment	2374	((-4439 : ℚ) / 4096)	((-2219 : ℚ) / 2048)	1	0	3
segment	2375	((-2219 : ℚ) / 2048)	((-4437 : ℚ) / 4096)	1	0	3
segment	2376	((-4437 : ℚ) / 4096)	((-1109 : ℚ) / 1024)	1	0	3
segment	2377	((-1109 : ℚ) / 1024)	((-4435 : ℚ) / 4096)	1	0	3
segment	2378	((-4435 : ℚ) / 4096)	((-2217 : ℚ) / 2048)	1	0	3
segment	2379	((-2217 : ℚ) / 2048)	((-4433 : ℚ) / 4096)	1	0	3
segment	2380	((-4433 : ℚ) / 4096)	((-277 : ℚ) / 256)	1	0	3
segment	2381	((-277 : ℚ) / 256)	((-4431 : ℚ) / 4096)	1	0	3
segment	2382	((-4431 : ℚ) / 4096)	((-2215 : ℚ) / 2048)	1	0	3
segment	2383	((-2215 : ℚ) / 2048)	((-4429 : ℚ) / 4096)	1	0	3
segment	2384	((-4429 : ℚ) / 4096)	((-1107 : ℚ) / 1024)	1	0	3
segment	2385	((-1107 : ℚ) / 1024)	((-4427 : ℚ) / 4096)	1	0	3
segment	2386	((-4427 : ℚ) / 4096)	((-2213 : ℚ) / 2048)	1	0	3
segment	2387	((-2213 : ℚ) / 2048)	((-4425 : ℚ) / 4096)	1	0	3
segment	2388	((-4425 : ℚ) / 4096)	((-553 : ℚ) / 512)	1	0	3
segment	2389	((-553 : ℚ) / 512)	((-4423 : ℚ) / 4096)	1	0	3
segment	2390	((-4423 : ℚ) / 4096)	((-2211 : ℚ) / 2048)	1	0	3
segment	2391	((-2211 : ℚ) / 2048)	((-4421 : ℚ) / 4096)	1	0	3
segment	2392	((-4421 : ℚ) / 4096)	((-1105 : ℚ) / 1024)	1	0	3
segment	2393	((-1105 : ℚ) / 1024)	((-4419 : ℚ) / 4096)	1	0	3
segment	2394	((-4419 : ℚ) / 4096)	((-2209 : ℚ) / 2048)	1	0	3
segment	2395	((-2209 : ℚ) / 2048)	((-4417 : ℚ) / 4096)	1	0	3
segment	2396	((-4417 : ℚ) / 4096)	((-69 : ℚ) / 64)	1	0	3
segment	2397	((-69 : ℚ) / 64)	((-4415 : ℚ) / 4096)	1	0	3
segment	2398	((-4415 : ℚ) / 4096)	((-2207 : ℚ) / 2048)	1	0	3
segment	2399	((-2207 : ℚ) / 2048)	((-4413 : ℚ) / 4096)	1	0	3
segment	2400	((-4413 : ℚ) / 4096)	((-1103 : ℚ) / 1024)	1	0	3
segment	2401	((-1103 : ℚ) / 1024)	((-4411 : ℚ) / 4096)	1	0	3
segment	2402	((-4411 : ℚ) / 4096)	((-2205 : ℚ) / 2048)	1	0	3
segment	2403	((-2205 : ℚ) / 2048)	((-4409 : ℚ) / 4096)	1	0	3
segment	2404	((-4409 : ℚ) / 4096)	((-551 : ℚ) / 512)	1	0	3
segment	2405	((-551 : ℚ) / 512)	((-4407 : ℚ) / 4096)	1	0	3
segment	2406	((-4407 : ℚ) / 4096)	((-2203 : ℚ) / 2048)	1	0	3
segment	2407	((-2203 : ℚ) / 2048)	((-4405 : ℚ) / 4096)	1	0	3
segment	2408	((-4405 : ℚ) / 4096)	((-1101 : ℚ) / 1024)	1	0	3
segment	2409	((-1101 : ℚ) / 1024)	((-4403 : ℚ) / 4096)	1	0	3
segment	2410	((-4403 : ℚ) / 4096)	((-2201 : ℚ) / 2048)	1	0	3
segment	2411	((-2201 : ℚ) / 2048)	((-4401 : ℚ) / 4096)	1	0	3
segment	2412	((-4401 : ℚ) / 4096)	((-275 : ℚ) / 256)	1	0	3
segment	2413	((-275 : ℚ) / 256)	((-4399 : ℚ) / 4096)	1	0	3
segment	2414	((-4399 : ℚ) / 4096)	((-2199 : ℚ) / 2048)	1	0	3
segment	2415	((-2199 : ℚ) / 2048)	((-4397 : ℚ) / 4096)	1	0	3
segment	2416	((-4397 : ℚ) / 4096)	((-1099 : ℚ) / 1024)	1	0	3
segment	2417	((-1099 : ℚ) / 1024)	((-4395 : ℚ) / 4096)	1	0	3
segment	2418	((-4395 : ℚ) / 4096)	((-2197 : ℚ) / 2048)	1	0	3
segment	2419	((-2197 : ℚ) / 2048)	((-4393 : ℚ) / 4096)	1	0	3
segment	2420	((-4393 : ℚ) / 4096)	((-549 : ℚ) / 512)	1	0	3
segment	2421	((-549 : ℚ) / 512)	((-4391 : ℚ) / 4096)	1	0	3
segment	2422	((-4391 : ℚ) / 4096)	((-2195 : ℚ) / 2048)	1	0	3
segment	2423	((-2195 : ℚ) / 2048)	((-4389 : ℚ) / 4096)	1	0	3
segment	2424	((-4389 : ℚ) / 4096)	((-1097 : ℚ) / 1024)	1	0	3
segment	2425	((-1097 : ℚ) / 1024)	((-4387 : ℚ) / 4096)	1	0	3
segment	2426	((-4387 : ℚ) / 4096)	((-2193 : ℚ) / 2048)	1	0	3
segment	2427	((-2193 : ℚ) / 2048)	((-4385 : ℚ) / 4096)	1	0	3
segment	2428	((-4385 : ℚ) / 4096)	((-137 : ℚ) / 128)	1	0	3
segment	2429	((-137 : ℚ) / 128)	((-4383 : ℚ) / 4096)	1	0	3
segment	2430	((-4383 : ℚ) / 4096)	((-2191 : ℚ) / 2048)	1	0	3
segment	2431	((-2191 : ℚ) / 2048)	((-4381 : ℚ) / 4096)	1	0	3
segment	2432	((-4381 : ℚ) / 4096)	((-1095 : ℚ) / 1024)	1	0	3
segment	2433	((-1095 : ℚ) / 1024)	((-4379 : ℚ) / 4096)	1	0	3
segment	2434	((-4379 : ℚ) / 4096)	((-2189 : ℚ) / 2048)	1	0	3
segment	2435	((-2189 : ℚ) / 2048)	((-4377 : ℚ) / 4096)	1	0	3
segment	2436	((-4377 : ℚ) / 4096)	((-547 : ℚ) / 512)	1	0	3
segment	2437	((-547 : ℚ) / 512)	((-4375 : ℚ) / 4096)	1	0	3
segment	2438	((-4375 : ℚ) / 4096)	((-2187 : ℚ) / 2048)	1	0	3
segment	2439	((-2187 : ℚ) / 2048)	((-4373 : ℚ) / 4096)	1	0	3
segment	2440	((-4373 : ℚ) / 4096)	((-1093 : ℚ) / 1024)	1	0	3
segment	2441	((-1093 : ℚ) / 1024)	((-4371 : ℚ) / 4096)	1	0	3
segment	2442	((-4371 : ℚ) / 4096)	((-2185 : ℚ) / 2048)	1	0	3
segment	2443	((-2185 : ℚ) / 2048)	((-4369 : ℚ) / 4096)	1	0	3
segment	2444	((-4369 : ℚ) / 4096)	((-273 : ℚ) / 256)	1	0	3
segment	2445	((-273 : ℚ) / 256)	((-4367 : ℚ) / 4096)	1	0	3
segment	2446	((-4367 : ℚ) / 4096)	((-2183 : ℚ) / 2048)	1	0	3
segment	2447	((-2183 : ℚ) / 2048)	((-4365 : ℚ) / 4096)	1	0	3
segment	2448	((-4365 : ℚ) / 4096)	((-1091 : ℚ) / 1024)	1	0	3
segment	2449	((-1091 : ℚ) / 1024)	((-4363 : ℚ) / 4096)	1	0	3
segment	2450	((-4363 : ℚ) / 4096)	((-2181 : ℚ) / 2048)	1	0	3
segment	2451	((-2181 : ℚ) / 2048)	((-4361 : ℚ) / 4096)	1	0	3
segment	2452	((-4361 : ℚ) / 4096)	((-545 : ℚ) / 512)	1	0	3
segment	2453	((-545 : ℚ) / 512)	((-4359 : ℚ) / 4096)	1	0	3
segment	2454	((-4359 : ℚ) / 4096)	((-2179 : ℚ) / 2048)	1	0	3
segment	2455	((-2179 : ℚ) / 2048)	((-4357 : ℚ) / 4096)	1	0	3
segment	2456	((-4357 : ℚ) / 4096)	((-1089 : ℚ) / 1024)	1	0	3
segment	2457	((-1089 : ℚ) / 1024)	((-4355 : ℚ) / 4096)	1	0	3
segment	2458	((-4355 : ℚ) / 4096)	((-2177 : ℚ) / 2048)	1	0	3
segment	2459	((-2177 : ℚ) / 2048)	((-4353 : ℚ) / 4096)	1	0	3
segment	2460	((-4353 : ℚ) / 4096)	((-17 : ℚ) / 16)	1	0	3
segment	2461	((-17 : ℚ) / 16)	((-4351 : ℚ) / 4096)	1	0	3
segment	2462	((-4351 : ℚ) / 4096)	((-2175 : ℚ) / 2048)	1	0	3
segment	2463	((-2175 : ℚ) / 2048)	((-4349 : ℚ) / 4096)	1	0	3
segment	2464	((-4349 : ℚ) / 4096)	((-1087 : ℚ) / 1024)	1	0	3
segment	2465	((-1087 : ℚ) / 1024)	((-4347 : ℚ) / 4096)	1	0	3
segment	2466	((-4347 : ℚ) / 4096)	((-2173 : ℚ) / 2048)	1	0	3
segment	2467	((-2173 : ℚ) / 2048)	((-4345 : ℚ) / 4096)	1	0	3
segment	2468	((-4345 : ℚ) / 4096)	((-543 : ℚ) / 512)	1	0	3
segment	2469	((-543 : ℚ) / 512)	((-4343 : ℚ) / 4096)	1	0	3
segment	2470	((-4343 : ℚ) / 4096)	((-2171 : ℚ) / 2048)	1	0	3
segment	2471	((-2171 : ℚ) / 2048)	((-4341 : ℚ) / 4096)	1	0	3
segment	2472	((-4341 : ℚ) / 4096)	((-1085 : ℚ) / 1024)	1	0	3
segment	2473	((-1085 : ℚ) / 1024)	((-4339 : ℚ) / 4096)	1	0	3
segment	2474	((-4339 : ℚ) / 4096)	((-2169 : ℚ) / 2048)	1	0	3
segment	2475	((-2169 : ℚ) / 2048)	((-4337 : ℚ) / 4096)	1	0	3
segment	2476	((-4337 : ℚ) / 4096)	((-271 : ℚ) / 256)	1	0	3
segment	2477	((-271 : ℚ) / 256)	((-4335 : ℚ) / 4096)	1	0	3
segment	2478	((-4335 : ℚ) / 4096)	((-2167 : ℚ) / 2048)	1	0	3
segment	2479	((-2167 : ℚ) / 2048)	((-4333 : ℚ) / 4096)	1	0	3
segment	2480	((-4333 : ℚ) / 4096)	((-1083 : ℚ) / 1024)	1	0	3
segment	2481	((-1083 : ℚ) / 1024)	((-4331 : ℚ) / 4096)	1	0	3
segment	2482	((-4331 : ℚ) / 4096)	((-2165 : ℚ) / 2048)	1	0	3
segment	2483	((-2165 : ℚ) / 2048)	((-4329 : ℚ) / 4096)	1	0	3
segment	2484	((-4329 : ℚ) / 4096)	((-541 : ℚ) / 512)	1	0	3
segment	2485	((-541 : ℚ) / 512)	((-4327 : ℚ) / 4096)	1	0	3
segment	2486	((-4327 : ℚ) / 4096)	((-2163 : ℚ) / 2048)	1	0	3
segment	2487	((-2163 : ℚ) / 2048)	((-4325 : ℚ) / 4096)	1	0	3
segment	2488	((-4325 : ℚ) / 4096)	((-1081 : ℚ) / 1024)	1	93419566896455	3
segment	2489	((-1081 : ℚ) / 1024)	((-4323 : ℚ) / 4096)	1	624811918498324	3
segment	2490	((-4323 : ℚ) / 4096)	((-2161 : ℚ) / 2048)	1	1316667787541902	3
segment	2491	((-2161 : ℚ) / 2048)	((-4321 : ℚ) / 4096)	1	2148803035496284	3
segment	2492	((-4321 : ℚ) / 4096)	((-135 : ℚ) / 128)	1	3133279401821630	3
segment	2493	((-135 : ℚ) / 128)	((-4319 : ℚ) / 4096)	1	3155025688668914	3
segment	2494	((-4319 : ℚ) / 4096)	((-2159 : ℚ) / 2048)	1	3318031915369705	3
segment	2495	((-2159 : ℚ) / 2048)	((-4317 : ℚ) / 4096)	1	4779206027422019	3
segment	2496	((-4317 : ℚ) / 4096)	((-1079 : ℚ) / 1024)	1	6431771983011951	3
segment	2497	((-1079 : ℚ) / 1024)	((-4315 : ℚ) / 4096)	1	8283581082687970	3
segment	2498	((-4315 : ℚ) / 4096)	((-2157 : ℚ) / 2048)	1	10341013647877060	1
segment	2499	((-2157 : ℚ) / 2048)	((-539 : ℚ) / 512)	2	27698552899523570	3
segment	2500	((-539 : ℚ) / 512)	((-2155 : ℚ) / 2048)	2	38477436569170905	3
segment	2501	((-2155 : ℚ) / 2048)	((-1077 : ℚ) / 1024)	2	50939338571252113	3
segment	2502	((-1077 : ℚ) / 1024)	((-2153 : ℚ) / 2048)	2	64987850871385992	3
segment	2503	((-2153 : ℚ) / 2048)	((-269 : ℚ) / 256)	2	80447343868138625	1
segment	2504	((-269 : ℚ) / 256)	((-1075 : ℚ) / 1024)	3	211562236758507547	3
segment	2505	((-1075 : ℚ) / 1024)	((-537 : ℚ) / 512)	3	282546683929623569	3
segment	2506	((-537 : ℚ) / 512)	((-1073 : ℚ) / 1024)	3	351208651391805641	3
segment	2507	((-1073 : ℚ) / 1024)	((-67 : ℚ) / 64)	3	409454091331615484	3
segment	2508	((-67 : ℚ) / 64)	((-1071 : ℚ) / 1024)	3	449630745237354251	3
segment	2509	((-1071 : ℚ) / 1024)	((-535 : ℚ) / 512)	3	465951395227398675	3
segment	2510	((-535 : ℚ) / 512)	((-1069 : ℚ) / 1024)	3	455664695935121727	3
segment	2511	((-1069 : ℚ) / 1024)	((-267 : ℚ) / 256)	3	419688957828264994	3
segment	2512	((-267 : ℚ) / 256)	((-1067 : ℚ) / 1024)	3	362536817100940640	3
segment	2513	((-1067 : ℚ) / 1024)	((-533 : ℚ) / 512)	3	291522868848284478	3
segment	2514	((-533 : ℚ) / 512)	((-1065 : ℚ) / 1024)	3	215419680508405754	3
segment	2515	((-1065 : ℚ) / 1024)	((-2129 : ℚ) / 2048)	2	79977844829144637	1
segment	2516	((-2129 : ℚ) / 2048)	((-133 : ℚ) / 128)	2	62885165468357160	3
segment	2517	((-133 : ℚ) / 128)	((-2127 : ℚ) / 2048)	2	47317385136295341	3
segment	2518	((-2127 : ℚ) / 2048)	((-1063 : ℚ) / 1024)	2	33549093086995486	3
segment	2519	((-1063 : ℚ) / 1024)	((-2125 : ℚ) / 2048)	2	21756310441937300	3
segment	2520	((-2125 : ℚ) / 2048)	((-4249 : ℚ) / 4096)	1	7096826125057465	3
segment	2521	((-4249 : ℚ) / 4096)	((-531 : ℚ) / 512)	1	4918928111512512	3
segment	2522	((-531 : ℚ) / 512)	((-4247 : ℚ) / 4096)	1	2994021129495956	3
segment	2523	((-4247 : ℚ) / 4096)	((-2123 : ℚ) / 2048)	1	3656607223422573	3
segment	2524	((-2123 : ℚ) / 2048)	((-4245 : ℚ) / 4096)	1	2157416344606279	3
segment	2525	((-4245 : ℚ) / 4096)	((-1061 : ℚ) / 1024)	1	887770812035342	3
segment	2526	((-1061 : ℚ) / 1024)	((-4243 : ℚ) / 4096)	1	36156252628847	3
segment	2527	((-4243 : ℚ) / 4096)	((-2121 : ℚ) / 2048)	1	0	3
segment	2528	((-2121 : ℚ) / 2048)	((-4241 : ℚ) / 4096)	1	0	3
segment	2529	((-4241 : ℚ) / 4096)	((-265 : ℚ) / 256)	1	0	3
segment	2530	((-265 : ℚ) / 256)	((-4239 : ℚ) / 4096)	1	0	3
segment	2531	((-4239 : ℚ) / 4096)	((-2119 : ℚ) / 2048)	1	0	3
segment	2532	((-2119 : ℚ) / 2048)	((-4237 : ℚ) / 4096)	1	0	3
segment	2533	((-4237 : ℚ) / 4096)	((-1059 : ℚ) / 1024)	1	0	3
segment	2534	((-1059 : ℚ) / 1024)	((-4235 : ℚ) / 4096)	1	0	3
segment	2535	((-4235 : ℚ) / 4096)	((-2117 : ℚ) / 2048)	1	0	3
segment	2536	((-2117 : ℚ) / 2048)	((-4233 : ℚ) / 4096)	1	0	3
segment	2537	((-4233 : ℚ) / 4096)	((-529 : ℚ) / 512)	1	0	3
segment	2538	((-529 : ℚ) / 512)	((-4231 : ℚ) / 4096)	1	0	3
segment	2539	((-4231 : ℚ) / 4096)	((-2115 : ℚ) / 2048)	1	0	3
segment	2540	((-2115 : ℚ) / 2048)	((-4229 : ℚ) / 4096)	1	0	3
segment	2541	((-4229 : ℚ) / 4096)	((-1057 : ℚ) / 1024)	1	0	3
segment	2542	((-1057 : ℚ) / 1024)	((-4227 : ℚ) / 4096)	1	0	3
segment	2543	((-4227 : ℚ) / 4096)	((-2113 : ℚ) / 2048)	1	0	3
segment	2544	((-2113 : ℚ) / 2048)	((-4225 : ℚ) / 4096)	1	0	3
segment	2545	((-4225 : ℚ) / 4096)	((-33 : ℚ) / 32)	1	86659862638212	3
segment	2546	((-33 : ℚ) / 32)	((-4223 : ℚ) / 4096)	1	208078252544821	3
segment	2547	((-4223 : ℚ) / 4096)	((-2111 : ℚ) / 2048)	1	293551339419143	3
segment	2548	((-2111 : ℚ) / 2048)	((-4221 : ℚ) / 4096)	1	343968145618601	3
segment	2549	((-4221 : ℚ) / 4096)	((-1055 : ℚ) / 1024)	1	361492866525761	3
segment	2550	((-1055 : ℚ) / 1024)	((-4219 : ℚ) / 4096)	1	357241037510410	3
segment	2551	((-4219 : ℚ) / 4096)	((-2109 : ℚ) / 2048)	1	330032080467563	3
segment	2552	((-2109 : ℚ) / 2048)	((-4217 : ℚ) / 4096)	1	277569920746647	3
segment	2553	((-4217 : ℚ) / 4096)	((-527 : ℚ) / 512)	1	203926333950501	3
segment	2554	((-527 : ℚ) / 512)	((-4215 : ℚ) / 4096)	1	113459266800333	3
segment	2555	((-4215 : ℚ) / 4096)	((-2107 : ℚ) / 2048)	1	18775674937579	3
segment	2556	((-2107 : ℚ) / 2048)	((-4213 : ℚ) / 4096)	1	0	3
segment	2557	((-4213 : ℚ) / 4096)	((-1053 : ℚ) / 1024)	1	0	3
segment	2558	((-1053 : ℚ) / 1024)	((-4211 : ℚ) / 4096)	1	0	3
segment	2559	((-4211 : ℚ) / 4096)	((-2105 : ℚ) / 2048)	1	0	3
segment	2560	((-2105 : ℚ) / 2048)	((-4209 : ℚ) / 4096)	1	0	3
segment	2561	((-4209 : ℚ) / 4096)	((-263 : ℚ) / 256)	1	0	3
segment	2562	((-263 : ℚ) / 256)	((-4207 : ℚ) / 4096)	1	0	3
segment	2563	((-4207 : ℚ) / 4096)	((-2103 : ℚ) / 2048)	1	0	3
segment	2564	((-2103 : ℚ) / 2048)	((-4205 : ℚ) / 4096)	1	0	3
segment	2565	((-4205 : ℚ) / 4096)	((-1051 : ℚ) / 1024)	1	0	3
segment	2566	((-1051 : ℚ) / 1024)	((-4203 : ℚ) / 4096)	1	0	3
segment	2567	((-4203 : ℚ) / 4096)	((-2101 : ℚ) / 2048)	1	0	3
segment	2568	((-2101 : ℚ) / 2048)	((-4201 : ℚ) / 4096)	1	0	3
segment	2569	((-4201 : ℚ) / 4096)	((-525 : ℚ) / 512)	1	0	3
segment	2570	((-525 : ℚ) / 512)	((-4199 : ℚ) / 4096)	1	0	3
segment	2571	((-4199 : ℚ) / 4096)	((-2099 : ℚ) / 2048)	1	0	3
segment	2572	((-2099 : ℚ) / 2048)	((-4197 : ℚ) / 4096)	1	0	3
segment	2573	((-4197 : ℚ) / 4096)	((-1049 : ℚ) / 1024)	1	0	3
segment	2574	((-1049 : ℚ) / 1024)	((-4195 : ℚ) / 4096)	1	0	3
segment	2575	((-4195 : ℚ) / 4096)	((-2097 : ℚ) / 2048)	1	0	3
segment	2576	((-2097 : ℚ) / 2048)	((-4193 : ℚ) / 4096)	1	0	3
segment	2577	((-4193 : ℚ) / 4096)	((-131 : ℚ) / 128)	1	0	3
segment	2578	((-131 : ℚ) / 128)	((-4191 : ℚ) / 4096)	1	0	3
segment	2579	((-4191 : ℚ) / 4096)	((-2095 : ℚ) / 2048)	1	0	3
segment	2580	((-2095 : ℚ) / 2048)	((-4189 : ℚ) / 4096)	1	0	3
segment	2581	((-4189 : ℚ) / 4096)	((-1047 : ℚ) / 1024)	1	0	3
segment	2582	((-1047 : ℚ) / 1024)	((-4187 : ℚ) / 4096)	1	0	3
segment	2583	((-4187 : ℚ) / 4096)	((-2093 : ℚ) / 2048)	1	0	3
segment	2584	((-2093 : ℚ) / 2048)	((-4185 : ℚ) / 4096)	1	0	3
segment	2585	((-4185 : ℚ) / 4096)	((-523 : ℚ) / 512)	1	0	3
segment	2586	((-523 : ℚ) / 512)	((-4183 : ℚ) / 4096)	1	0	3
segment	2587	((-4183 : ℚ) / 4096)	((-2091 : ℚ) / 2048)	1	0	3
segment	2588	((-2091 : ℚ) / 2048)	((-4181 : ℚ) / 4096)	1	0	3
segment	2589	((-4181 : ℚ) / 4096)	((-1045 : ℚ) / 1024)	1	0	3
segment	2590	((-1045 : ℚ) / 1024)	((-4179 : ℚ) / 4096)	1	0	3
segment	2591	((-4179 : ℚ) / 4096)	((-2089 : ℚ) / 2048)	1	0	3
segment	2592	((-2089 : ℚ) / 2048)	((-4177 : ℚ) / 4096)	1	0	3
segment	2593	((-4177 : ℚ) / 4096)	((-261 : ℚ) / 256)	1	0	3
segment	2594	((-261 : ℚ) / 256)	((-4175 : ℚ) / 4096)	1	0	3
segment	2595	((-4175 : ℚ) / 4096)	((-2087 : ℚ) / 2048)	1	0	3
segment	2596	((-2087 : ℚ) / 2048)	((-4173 : ℚ) / 4096)	1	0	3
segment	2597	((-4173 : ℚ) / 4096)	((-1043 : ℚ) / 1024)	1	0	3
segment	2598	((-1043 : ℚ) / 1024)	((-4171 : ℚ) / 4096)	1	0	3
segment	2599	((-4171 : ℚ) / 4096)	((-2085 : ℚ) / 2048)	1	0	3
segment	2600	((-2085 : ℚ) / 2048)	((-4169 : ℚ) / 4096)	1	0	3
segment	2601	((-4169 : ℚ) / 4096)	((-521 : ℚ) / 512)	1	0	3
segment	2602	((-521 : ℚ) / 512)	((-4167 : ℚ) / 4096)	1	0	3
segment	2603	((-4167 : ℚ) / 4096)	((-2083 : ℚ) / 2048)	1	0	3
segment	2604	((-2083 : ℚ) / 2048)	((-4165 : ℚ) / 4096)	1	0	3
segment	2605	((-4165 : ℚ) / 4096)	((-1041 : ℚ) / 1024)	1	0	3
segment	2606	((-1041 : ℚ) / 1024)	((-4163 : ℚ) / 4096)	1	0	3
segment	2607	((-4163 : ℚ) / 4096)	((-2081 : ℚ) / 2048)	1	0	3
segment	2608	((-2081 : ℚ) / 2048)	((-4161 : ℚ) / 4096)	1	0	3
segment	2609	((-4161 : ℚ) / 4096)	((-65 : ℚ) / 64)	1	0	3
segment	2610	((-65 : ℚ) / 64)	((-4159 : ℚ) / 4096)	1	0	3
segment	2611	((-4159 : ℚ) / 4096)	((-2079 : ℚ) / 2048)	1	0	3
segment	2612	((-2079 : ℚ) / 2048)	((-4157 : ℚ) / 4096)	1	0	3
segment	2613	((-4157 : ℚ) / 4096)	((-1039 : ℚ) / 1024)	1	0	3
segment	2614	((-1039 : ℚ) / 1024)	((-4155 : ℚ) / 4096)	1	0	3
segment	2615	((-4155 : ℚ) / 4096)	((-2077 : ℚ) / 2048)	1	0	3
segment	2616	((-2077 : ℚ) / 2048)	((-4153 : ℚ) / 4096)	1	0	3
segment	2617	((-4153 : ℚ) / 4096)	((-519 : ℚ) / 512)	1	0	3
segment	2618	((-519 : ℚ) / 512)	((-4151 : ℚ) / 4096)	1	0	3
segment	2619	((-4151 : ℚ) / 4096)	((-2075 : ℚ) / 2048)	1	0	3
segment	2620	((-2075 : ℚ) / 2048)	((-4149 : ℚ) / 4096)	1	0	3
segment	2621	((-4149 : ℚ) / 4096)	((-1037 : ℚ) / 1024)	1	0	3
segment	2622	((-1037 : ℚ) / 1024)	((-4147 : ℚ) / 4096)	1	0	3
segment	2623	((-4147 : ℚ) / 4096)	((-2073 : ℚ) / 2048)	1	0	3
segment	2624	((-2073 : ℚ) / 2048)	((-4145 : ℚ) / 4096)	1	0	3
segment	2625	((-4145 : ℚ) / 4096)	((-259 : ℚ) / 256)	1	0	3
segment	2626	((-259 : ℚ) / 256)	((-4143 : ℚ) / 4096)	1	0	3
segment	2627	((-4143 : ℚ) / 4096)	((-2071 : ℚ) / 2048)	1	0	3
segment	2628	((-2071 : ℚ) / 2048)	((-4141 : ℚ) / 4096)	1	0	3
segment	2629	((-4141 : ℚ) / 4096)	((-1035 : ℚ) / 1024)	1	0	3
segment	2630	((-1035 : ℚ) / 1024)	((-4139 : ℚ) / 4096)	1	0	3
segment	2631	((-4139 : ℚ) / 4096)	((-2069 : ℚ) / 2048)	1	0	3
segment	2632	((-2069 : ℚ) / 2048)	((-4137 : ℚ) / 4096)	1	0	3
segment	2633	((-4137 : ℚ) / 4096)	((-517 : ℚ) / 512)	1	0	3
segment	2634	((-517 : ℚ) / 512)	((-4135 : ℚ) / 4096)	1	0	3
segment	2635	((-4135 : ℚ) / 4096)	((-2067 : ℚ) / 2048)	1	0	3
segment	2636	((-2067 : ℚ) / 2048)	((-4133 : ℚ) / 4096)	1	0	3
segment	2637	((-4133 : ℚ) / 4096)	((-1033 : ℚ) / 1024)	1	0	3
segment	2638	((-1033 : ℚ) / 1024)	((-4131 : ℚ) / 4096)	1	0	3
segment	2639	((-4131 : ℚ) / 4096)	((-2065 : ℚ) / 2048)	1	0	3
segment	2640	((-2065 : ℚ) / 2048)	((-4129 : ℚ) / 4096)	1	0	3
segment	2641	((-4129 : ℚ) / 4096)	((-129 : ℚ) / 128)	1	0	3
segment	2642	((-129 : ℚ) / 128)	((-4127 : ℚ) / 4096)	1	0	3
segment	2643	((-4127 : ℚ) / 4096)	((-2063 : ℚ) / 2048)	1	0	3
segment	2644	((-2063 : ℚ) / 2048)	((-4125 : ℚ) / 4096)	1	0	3
segment	2645	((-4125 : ℚ) / 4096)	((-1031 : ℚ) / 1024)	1	0	3
segment	2646	((-1031 : ℚ) / 1024)	((-4123 : ℚ) / 4096)	1	0	3
segment	2647	((-4123 : ℚ) / 4096)	((-2061 : ℚ) / 2048)	1	0	3
segment	2648	((-2061 : ℚ) / 2048)	((-4121 : ℚ) / 4096)	1	0	3
segment	2649	((-4121 : ℚ) / 4096)	((-515 : ℚ) / 512)	1	0	3
segment	2650	((-515 : ℚ) / 512)	((-4119 : ℚ) / 4096)	1	0	3
segment	2651	((-4119 : ℚ) / 4096)	((-2059 : ℚ) / 2048)	1	0	3
segment	2652	((-2059 : ℚ) / 2048)	((-4117 : ℚ) / 4096)	1	0	3
segment	2653	((-4117 : ℚ) / 4096)	((-1029 : ℚ) / 1024)	1	0	3
segment	2654	((-1029 : ℚ) / 1024)	((-4115 : ℚ) / 4096)	1	0	3
segment	2655	((-4115 : ℚ) / 4096)	((-2057 : ℚ) / 2048)	1	0	3
segment	2656	((-2057 : ℚ) / 2048)	((-4113 : ℚ) / 4096)	1	0	3
segment	2657	((-4113 : ℚ) / 4096)	((-257 : ℚ) / 256)	1	0	3
segment	2658	((-257 : ℚ) / 256)	((-4111 : ℚ) / 4096)	1	0	3
segment	2659	((-4111 : ℚ) / 4096)	((-2055 : ℚ) / 2048)	1	0	3
segment	2660	((-2055 : ℚ) / 2048)	((-4109 : ℚ) / 4096)	1	0	3
segment	2661	((-4109 : ℚ) / 4096)	((-1027 : ℚ) / 1024)	1	0	3
segment	2662	((-1027 : ℚ) / 1024)	((-4107 : ℚ) / 4096)	1	0	3
segment	2663	((-4107 : ℚ) / 4096)	((-2053 : ℚ) / 2048)	1	0	3
segment	2664	((-2053 : ℚ) / 2048)	((-4105 : ℚ) / 4096)	1	0	3
segment	2665	((-4105 : ℚ) / 4096)	((-513 : ℚ) / 512)	1	0	3
segment	2666	((-513 : ℚ) / 512)	((-4103 : ℚ) / 4096)	1	0	3
segment	2667	((-4103 : ℚ) / 4096)	((-2051 : ℚ) / 2048)	1	0	3
segment	2668	((-2051 : ℚ) / 2048)	((-4101 : ℚ) / 4096)	1	0	3
segment	2669	((-4101 : ℚ) / 4096)	((-1025 : ℚ) / 1024)	1	0	3
segment	2670	((-1025 : ℚ) / 1024)	((-4099 : ℚ) / 4096)	1	0	3
segment	2671	((-4099 : ℚ) / 4096)	((-2049 : ℚ) / 2048)	1	0	3
segment	2672	((-2049 : ℚ) / 2048)	((-4097 : ℚ) / 4096)	1	0	3
segment	2673	((-4097 : ℚ) / 4096)	((-1 : ℚ) / 1)	1	0	3
segment	2674	((-1 : ℚ) / 1)	((-4095 : ℚ) / 4096)	1	0	3
segment	2675	((-4095 : ℚ) / 4096)	((-2047 : ℚ) / 2048)	1	0	3
segment	2676	((-2047 : ℚ) / 2048)	((-4093 : ℚ) / 4096)	1	0	3
segment	2677	((-4093 : ℚ) / 4096)	((-1023 : ℚ) / 1024)	1	52771674559598	3
segment	2678	((-1023 : ℚ) / 1024)	((-4091 : ℚ) / 4096)	1	196557500526080	3
segment	2679	((-4091 : ℚ) / 4096)	((-2045 : ℚ) / 2048)	1	339055057518167	3
segment	2680	((-2045 : ℚ) / 2048)	((-4089 : ℚ) / 4096)	1	476928106845827	3
segment	2681	((-4089 : ℚ) / 4096)	((-511 : ℚ) / 512)	1	606869908031134	3
segment	2682	((-511 : ℚ) / 512)	((-4087 : ℚ) / 4096)	1	725698362099773	3
segment	2683	((-4087 : ℚ) / 4096)	((-2043 : ℚ) / 2048)	1	830450520139026	3
segment	2684	((-2043 : ℚ) / 2048)	((-4085 : ℚ) / 4096)	1	918473648908310	3
segment	2685	((-4085 : ℚ) / 4096)	((-1021 : ℚ) / 1024)	1	987510042456178	3
segment	2686	((-1021 : ℚ) / 1024)	((-4083 : ℚ) / 4096)	1	1035772845926274	3
segment	2687	((-4083 : ℚ) / 4096)	((-2041 : ℚ) / 2048)	1	1062010315812452	3
segment	2688	((-2041 : ℚ) / 2048)	((-4081 : ℚ) / 4096)	1	1067167645597667	3
segment	2689	((-4081 : ℚ) / 4096)	((-255 : ℚ) / 256)	1	1058072822857075	3
segment	2690	((-255 : ℚ) / 256)	((-4079 : ℚ) / 4096)	1	1027718280889235	3
segment	2691	((-4079 : ℚ) / 4096)	((-2039 : ℚ) / 2048)	1	975770017730755	3
segment	2692	((-2039 : ℚ) / 2048)	((-4077 : ℚ) / 4096)	1	903763077005124	3
segment	2693	((-4077 : ℚ) / 4096)	((-1019 : ℚ) / 1024)	1	813827352464436	3
segment	2694	((-1019 : ℚ) / 1024)	((-4075 : ℚ) / 4096)	1	708636939844459	3
segment	2695	((-4075 : ℚ) / 4096)	((-2037 : ℚ) / 2048)	1	591340721178767	3
segment	2696	((-2037 : ℚ) / 2048)	((-4073 : ℚ) / 4096)	1	465475461946237	3
segment	2697	((-4073 : ℚ) / 4096)	((-509 : ℚ) / 512)	1	334863272908471	3
segment	2698	((-509 : ℚ) / 512)	((-4071 : ℚ) / 4096)	1	203495834453867	3
segment	2699	((-4071 : ℚ) / 4096)	((-2035 : ℚ) / 2048)	1	75408285875246	3
segment	2700	((-2035 : ℚ) / 2048)	((-4069 : ℚ) / 4096)	1	0	3
segment	2701	((-4069 : ℚ) / 4096)	((-1017 : ℚ) / 1024)	1	0	3
segment	2702	((-1017 : ℚ) / 1024)	((-4067 : ℚ) / 4096)	1	0	3
segment	2703	((-4067 : ℚ) / 4096)	((-2033 : ℚ) / 2048)	1	0	3
segment	2704	((-2033 : ℚ) / 2048)	((-4065 : ℚ) / 4096)	1	0	3
segment	2705	((-4065 : ℚ) / 4096)	((-127 : ℚ) / 128)	1	0	3
segment	2706	((-127 : ℚ) / 128)	((-4063 : ℚ) / 4096)	1	0	3
segment	2707	((-4063 : ℚ) / 4096)	((-2031 : ℚ) / 2048)	1	0	3
segment	2708	((-2031 : ℚ) / 2048)	((-4061 : ℚ) / 4096)	1	0	3
segment	2709	((-4061 : ℚ) / 4096)	((-1015 : ℚ) / 1024)	1	0	3
segment	2710	((-1015 : ℚ) / 1024)	((-4059 : ℚ) / 4096)	1	0	3
segment	2711	((-4059 : ℚ) / 4096)	((-2029 : ℚ) / 2048)	1	0	3
segment	2712	((-2029 : ℚ) / 2048)	((-4057 : ℚ) / 4096)	1	0	3
segment	2713	((-4057 : ℚ) / 4096)	((-507 : ℚ) / 512)	1	0	3
segment	2714	((-507 : ℚ) / 512)	((-4055 : ℚ) / 4096)	1	30532750438052	3
segment	2715	((-4055 : ℚ) / 4096)	((-2027 : ℚ) / 2048)	1	88689347317061	3
segment	2716	((-2027 : ℚ) / 2048)	((-4053 : ℚ) / 4096)	1	127102991882650	3
segment	2717	((-4053 : ℚ) / 4096)	((-1013 : ℚ) / 1024)	1	140428311455691	3
segment	2718	((-1013 : ℚ) / 1024)	((-4051 : ℚ) / 4096)	1	133414594703042	3
segment	2719	((-4051 : ℚ) / 4096)	((-2025 : ℚ) / 2048)	1	96684245951751	3
segment	2720	((-2025 : ℚ) / 2048)	((-4049 : ℚ) / 4096)	1	22695450712984	3
segment	2721	((-4049 : ℚ) / 4096)	((-253 : ℚ) / 256)	1	0	3
segment	2722	((-253 : ℚ) / 256)	((-4047 : ℚ) / 4096)	1	0	3
segment	2723	((-4047 : ℚ) / 4096)	((-2023 : ℚ) / 2048)	1	0	3
segment	2724	((-2023 : ℚ) / 2048)	((-4045 : ℚ) / 4096)	1	0	3
segment	2725	((-4045 : ℚ) / 4096)	((-1011 : ℚ) / 1024)	1	0	3
segment	2726	((-1011 : ℚ) / 1024)	((-4043 : ℚ) / 4096)	1	0	3
segment	2727	((-4043 : ℚ) / 4096)	((-2021 : ℚ) / 2048)	1	0	3
segment	2728	((-2021 : ℚ) / 2048)	((-4041 : ℚ) / 4096)	1	0	3
segment	2729	((-4041 : ℚ) / 4096)	((-505 : ℚ) / 512)	1	0	3
segment	2730	((-505 : ℚ) / 512)	((-4039 : ℚ) / 4096)	1	0	3
segment	2731	((-4039 : ℚ) / 4096)	((-2019 : ℚ) / 2048)	1	0	3
segment	2732	((-2019 : ℚ) / 2048)	((-4037 : ℚ) / 4096)	1	0	3
segment	2733	((-4037 : ℚ) / 4096)	((-1009 : ℚ) / 1024)	1	0	3
segment	2734	((-1009 : ℚ) / 1024)	((-4035 : ℚ) / 4096)	1	0	3
segment	2735	((-4035 : ℚ) / 4096)	((-2017 : ℚ) / 2048)	1	0	3
segment	2736	((-2017 : ℚ) / 2048)	((-4033 : ℚ) / 4096)	1	0	3
segment	2737	((-4033 : ℚ) / 4096)	((-63 : ℚ) / 64)	1	0	3
segment	2738	((-63 : ℚ) / 64)	((-4031 : ℚ) / 4096)	1	0	3
segment	2739	((-4031 : ℚ) / 4096)	((-2015 : ℚ) / 2048)	1	68540542619345	3
segment	2740	((-2015 : ℚ) / 2048)	((-4029 : ℚ) / 4096)	1	1240360744111433	3
segment	2741	((-4029 : ℚ) / 4096)	((-1007 : ℚ) / 1024)	1	2991202207798334	3
segment	2742	((-1007 : ℚ) / 1024)	((-4027 : ℚ) / 4096)	1	3841740060788825	3
segment	2743	((-4027 : ℚ) / 4096)	((-2013 : ℚ) / 2048)	1	5000235915463027	3
segment	2744	((-2013 : ℚ) / 2048)	((-4025 : ℚ) / 4096)	1	7789342986177084	3
segment	2745	((-4025 : ℚ) / 4096)	((-503 : ℚ) / 512)	1	10991032435098922	1
segment	2746	((-503 : ℚ) / 512)	((-2011 : ℚ) / 2048)	2	33296146858490739	3
segment	2747	((-2011 : ℚ) / 2048)	((-1005 : ℚ) / 1024)	2	51280334058747683	3
segment	2748	((-1005 : ℚ) / 1024)	((-2009 : ℚ) / 2048)	2	72696019520230725	3
segment	2749	((-2009 : ℚ) / 2048)	((-251 : ℚ) / 256)	2	97330210071271670	1
segment	2750	((-251 : ℚ) / 256)	((-1003 : ℚ) / 1024)	3	279323631839525037	3
segment	2751	((-1003 : ℚ) / 1024)	((-501 : ℚ) / 512)	3	403820821813692943	3
segment	2752	((-501 : ℚ) / 512)	((-1001 : ℚ) / 1024)	3	531309331672454108	3
segment	2753	((-1001 : ℚ) / 1024)	((-125 : ℚ) / 128)	3	649124384631520852	1
segment	2754	((-125 : ℚ) / 128)	((-499 : ℚ) / 512)	4	1572954139009480274	3
segment	2755	((-499 : ℚ) / 512)	((-249 : ℚ) / 256)	4	1831560225757249770	3
segment	2756	((-249 : ℚ) / 256)	((-497 : ℚ) / 512)	4	2152493241142787187	3
segment	2757	((-497 : ℚ) / 512)	((-31 : ℚ) / 32)	4	2793382118907024568	3
segment	2758	((-31 : ℚ) / 32)	((-495 : ℚ) / 512)	4	3796476017074018624	3
segment	2759	((-495 : ℚ) / 512)	((-247 : ℚ) / 256)	4	4898107552982542583	1
segment	2760	((-247 : ℚ) / 256)	((-123 : ℚ) / 128)	5	12098705768301332796	3
segment	2761	((-123 : ℚ) / 128)	((-245 : ℚ) / 256)	5	14839516269725956128	3
segment	2762	((-245 : ℚ) / 256)	((-61 : ℚ) / 64)	5	20460108219934843853	3
segment	2763	((-61 : ℚ) / 64)	((-243 : ℚ) / 256)	5	25734527317679147020	3
segment	2764	((-243 : ℚ) / 256)	((-121 : ℚ) / 128)	5	28255103463557382115	3
segment	2765	((-121 : ℚ) / 128)	((-241 : ℚ) / 256)	5	32557195188281455744	3
segment	2766	((-241 : ℚ) / 256)	((-15 : ℚ) / 16)	5	42761893104212406522	1
segment	2767	((-15 : ℚ) / 16)	((-119 : ℚ) / 128)	6	119417940312612900930	3
segment	2768	((-119 : ℚ) / 128)	((-59 : ℚ) / 64)	6	155406864573201641385	3
segment	2769	((-59 : ℚ) / 64)	((-117 : ℚ) / 128)	6	199380636311508001095	3
segment	2770	((-117 : ℚ) / 128)	((-29 : ℚ) / 32)	6	264967408665064235191	3
segment	2771	((-29 : ℚ) / 32)	((-57 : ℚ) / 64)	7	728648558816962269552	3
segment	2772	((-57 : ℚ) / 64)	((-7 : ℚ) / 8)	7	1079355747647341552385	3
segment	2773	((-7 : ℚ) / 8)	((-55 : ℚ) / 64)	7	1489410091167187990787	3
segment	2774	((-55 : ℚ) / 64)	((-27 : ℚ) / 32)	7	1990477239368706094366	3
segment	2775	((-27 : ℚ) / 32)	((-13 : ℚ) / 16)	8	5707453268887494857781	3
segment	2776	((-13 : ℚ) / 16)	((-25 : ℚ) / 32)	8	8263443314429684615199	3
segment	2777	((-25 : ℚ) / 32)	((-3 : ℚ) / 4)	8	10997597028150555199277	3
segment	2778	((-3 : ℚ) / 4)	((-23 : ℚ) / 32)	8	13975483765144026729546	3
segment	2779	((-23 : ℚ) / 32)	((-11 : ℚ) / 16)	8	17287396212551498960192	3
segment	2780	((-11 : ℚ) / 16)	((-21 : ℚ) / 32)	8	20841965119742711728091	1
segment	2781	((-21 : ℚ) / 32)	((-5 : ℚ) / 8)	8	24460037718539437734191	1
segment	2782	((-5 : ℚ) / 8)	((-19 : ℚ) / 32)	8	27948127048444768115344	1
segment	2783	((-19 : ℚ) / 32)	((-9 : ℚ) / 16)	8	31083647922265875865506	1
segment	2784	((-9 : ℚ) / 16)	((-17 : ℚ) / 32)	8	33680850576268537547946	1
segment	2785	((-17 : ℚ) / 32)	((-1 : ℚ) / 2)	8	35663312152181279289044	1
segment	2786	((-1 : ℚ) / 2)	((-15 : ℚ) / 32)	8	36983314559511410254564	1
segment	2787	((-15 : ℚ) / 32)	((-7 : ℚ) / 16)	8	37587524897780673280352	1
segment	2788	((-7 : ℚ) / 16)	((-13 : ℚ) / 32)	8	37527698064445403961661	1
segment	2789	((-13 : ℚ) / 32)	((-3 : ℚ) / 8)	8	36875490637170244549491	1
segment	2790	((-3 : ℚ) / 8)	((-11 : ℚ) / 32)	8	35534829973104570555233	1
segment	2791	((-11 : ℚ) / 32)	((-5 : ℚ) / 16)	8	33496132201012179517135	1
segment	2792	((-5 : ℚ) / 16)	((-9 : ℚ) / 32)	8	31042795033909695653608	1
segment	2793	((-9 : ℚ) / 32)	((-1 : ℚ) / 4)	8	28312392637745081739032	1
segment	2794	((-1 : ℚ) / 4)	((-7 : ℚ) / 32)	8	24945371918267988916038	1
segment	2795	((-7 : ℚ) / 32)	((-3 : ℚ) / 16)	8	20793597052394973637979	1
segment	2796	((-3 : ℚ) / 16)	((-5 : ℚ) / 32)	8	16539260523278231722848	3
segment	2797	((-5 : ℚ) / 32)	((-1 : ℚ) / 8)	8	12829548270318366639505	3
segment	2798	((-1 : ℚ) / 8)	((-3 : ℚ) / 32)	8	9326394369283968045948	3
segment	2799	((-3 : ℚ) / 32)	((-5 : ℚ) / 64)	7	3292681160602841094899	1
segment	2800	((-5 : ℚ) / 64)	((-1 : ℚ) / 16)	7	2247076350744725918076	3
segment	2801	((-1 : ℚ) / 16)	((-3 : ℚ) / 64)	7	1384616314672408368269	3
segment	2802	((-3 : ℚ) / 64)	((-5 : ℚ) / 128)	6	352516537400322318977	3
segment	2803	((-5 : ℚ) / 128)	((-1 : ℚ) / 32)	6	322382256159320940092	1
segment	2804	((-1 : ℚ) / 32)	((-15 : ℚ) / 512)	4	37874949859204974500	1
segment	2805	((-15 : ℚ) / 512)	((-7 : ℚ) / 256)	4	12085423616251492638	3
segment	2806	((-7 : ℚ) / 256)	((-55 : ℚ) / 2048)	2	578916620111199649	1
segment	2807	((-55 : ℚ) / 2048)	((-109 : ℚ) / 4096)	1	89369897599357005	1
segment	2808	((-109 : ℚ) / 4096)	((-27 : ℚ) / 1024)	1	19263706617491568	3
segment	2809	((-27 : ℚ) / 1024)	((-13 : ℚ) / 512)	3	0	3
segment	2810	((-13 : ℚ) / 512)	((-25 : ℚ) / 1024)	3	0	3
segment	2811	((-25 : ℚ) / 1024)	((-99 : ℚ) / 4096)	1	0	1
segment	2812	((-99 : ℚ) / 4096)	((-49 : ℚ) / 2048)	1	5951586824810667	3
segment	2813	((-49 : ℚ) / 2048)	((-3 : ℚ) / 128)	2	98398578080422101	3
segment	2814	((-3 : ℚ) / 128)	((-23 : ℚ) / 1024)	3	572445328896907265	3
segment	2815	((-23 : ℚ) / 1024)	((-11 : ℚ) / 512)	3	743287317833716865	1
segment	2816	((-11 : ℚ) / 512)	((-21 : ℚ) / 1024)	3	495080515726879041	3
segment	2817	((-21 : ℚ) / 1024)	((-83 : ℚ) / 4096)	1	50440210847447989	1
segment	2818	((-83 : ℚ) / 4096)	((-41 : ℚ) / 2048)	1	22231237872349780	3
segment	2819	((-41 : ℚ) / 2048)	((-81 : ℚ) / 4096)	1	1115051388717811	3
segment	2820	((-81 : ℚ) / 4096)	((-5 : ℚ) / 256)	1	0	1
segment	2821	((-5 : ℚ) / 256)	((-19 : ℚ) / 1024)	3	0	3
segment	2822	((-19 : ℚ) / 1024)	((-9 : ℚ) / 512)	3	0	1
segment	2823	((-9 : ℚ) / 512)	((-17 : ℚ) / 1024)	3	0	3
segment	2824	((-17 : ℚ) / 1024)	((-33 : ℚ) / 2048)	2	0	3
segment	2825	((-33 : ℚ) / 2048)	((-65 : ℚ) / 4096)	1	8336134196074851	3
segment	2826	((-65 : ℚ) / 4096)	((-1 : ℚ) / 64)	1	29231033282882738	1
segment	2827	((-1 : ℚ) / 64)	((-15 : ℚ) / 1024)	3	386478532077866279	3
segment	2828	((-15 : ℚ) / 1024)	((-7 : ℚ) / 512)	3	629266771123368143	1
segment	2829	((-7 : ℚ) / 512)	((-13 : ℚ) / 1024)	3	522664607650678862	3
segment	2830	((-13 : ℚ) / 1024)	((-25 : ℚ) / 2048)	2	116452447759560480	3
segment	2831	((-25 : ℚ) / 2048)	((-49 : ℚ) / 4096)	1	14795227996963301	3
segment	2832	((-49 : ℚ) / 4096)	((-3 : ℚ) / 256)	1	0	3
segment	2833	((-3 : ℚ) / 256)	((-11 : ℚ) / 1024)	3	0	3
segment	2834	((-11 : ℚ) / 1024)	((-5 : ℚ) / 512)	3	0	1
segment	2835	((-5 : ℚ) / 512)	((-9 : ℚ) / 1024)	3	0	1
segment	2836	((-9 : ℚ) / 1024)	((-17 : ℚ) / 2048)	2	0	1
segment	2837	((-17 : ℚ) / 2048)	((-33 : ℚ) / 4096)	1	0	1
segment	2838	((-33 : ℚ) / 4096)	((-1 : ℚ) / 128)	1	17291889478008700	3
segment	2839	((-1 : ℚ) / 128)	((-7 : ℚ) / 1024)	3	508113497761437631	3
segment	2840	((-7 : ℚ) / 1024)	((-3 : ℚ) / 512)	3	988931558771079252	1
segment	2841	((-3 : ℚ) / 512)	((-11 : ℚ) / 2048)	2	432285427614645893	1
segment	2842	((-11 : ℚ) / 2048)	((-21 : ℚ) / 4096)	1	135902643096520280	1
segment	2843	((-21 : ℚ) / 4096)	((-5 : ℚ) / 1024)	1	52572192906070860	3
segment	2844	((-5 : ℚ) / 1024)	((-19 : ℚ) / 4096)	1	2441671430282549	3
segment	2845	((-19 : ℚ) / 4096)	((-9 : ℚ) / 2048)	1	0	1
segment	2846	((-9 : ℚ) / 2048)	((-1 : ℚ) / 256)	2	0	1
segment	2847	((-1 : ℚ) / 256)	((0 : ℚ) / 1)	5	0	3
segment	2848	((0 : ℚ) / 1)	((1 : ℚ) / 256)	5	0	1
segment	2849	((1 : ℚ) / 256)	((3 : ℚ) / 512)	4	0	1
segment	2850	((3 : ℚ) / 512)	((7 : ℚ) / 1024)	3	0	1
segment	2851	((7 : ℚ) / 1024)	((1 : ℚ) / 128)	3	0	3
segment	2852	((1 : ℚ) / 128)	((33 : ℚ) / 4096)	1	19132744560502762	3
segment	2853	((33 : ℚ) / 4096)	((17 : ℚ) / 2048)	1	110565923457104514	1
segment	2854	((17 : ℚ) / 2048)	((9 : ℚ) / 1024)	2	588020681059165797	1
segment	2855	((9 : ℚ) / 1024)	((5 : ℚ) / 512)	3	1914229643249749953	1
segment	2856	((5 : ℚ) / 512)	((11 : ℚ) / 1024)	3	1779628056587186745	1
segment	2857	((11 : ℚ) / 1024)	((3 : ℚ) / 256)	3	854514577601909897	3
segment	2858	((3 : ℚ) / 256)	((49 : ℚ) / 4096)	1	40647237913606093	3
segment	2859	((49 : ℚ) / 4096)	((25 : ℚ) / 2048)	1	4690281651491903	3
segment	2860	((25 : ℚ) / 2048)	((13 : ℚ) / 1024)	2	0	1
segment	2861	((13 : ℚ) / 1024)	((7 : ℚ) / 512)	3	0	1
segment	2862	((7 : ℚ) / 512)	((15 : ℚ) / 1024)	3	0	1
segment	2863	((15 : ℚ) / 1024)	((1 : ℚ) / 64)	3	0	3
segment	2864	((1 : ℚ) / 64)	((65 : ℚ) / 4096)	1	0	1
segment	2865	((65 : ℚ) / 4096)	((33 : ℚ) / 2048)	1	9280462987429675	3
segment	2866	((33 : ℚ) / 2048)	((17 : ℚ) / 1024)	2	110415269408397044	3
segment	2867	((17 : ℚ) / 1024)	((9 : ℚ) / 512)	3	582369259550467658	3
segment	2868	((9 : ℚ) / 512)	((19 : ℚ) / 1024)	3	743261873590332815	1
segment	2869	((19 : ℚ) / 1024)	((5 : ℚ) / 256)	3	492412317283345636	3
segment	2870	((5 : ℚ) / 256)	((81 : ℚ) / 4096)	1	47661619350602173	1
segment	2871	((81 : ℚ) / 4096)	((41 : ℚ) / 2048)	1	17982837081594034	3
segment	2872	((41 : ℚ) / 2048)	((83 : ℚ) / 4096)	1	0	3
segment	2873	((83 : ℚ) / 4096)	((21 : ℚ) / 1024)	1	0	1
segment	2874	((21 : ℚ) / 1024)	((11 : ℚ) / 512)	3	0	3
segment	2875	((11 : ℚ) / 512)	((23 : ℚ) / 1024)	3	0	1
segment	2876	((23 : ℚ) / 1024)	((3 : ℚ) / 128)	3	0	3
segment	2877	((3 : ℚ) / 128)	((49 : ℚ) / 2048)	2	0	3
segment	2878	((49 : ℚ) / 2048)	((99 : ℚ) / 4096)	1	11440955385222505	3
segment	2879	((99 : ℚ) / 4096)	((25 : ℚ) / 1024)	1	45809561572114782	1
segment	2880	((25 : ℚ) / 1024)	((13 : ℚ) / 512)	3	557598917243612208	3
segment	2881	((13 : ℚ) / 512)	((7 : ℚ) / 256)	4	1740809998990725456	3
segment	2882	((7 : ℚ) / 256)	((57 : ℚ) / 2048)	2	181372664911117731	1
segment	2883	((57 : ℚ) / 2048)	((115 : ℚ) / 4096)	1	17176453359044456	3
segment	2884	((115 : ℚ) / 4096)	((29 : ℚ) / 1024)	1	0	1
segment	2885	((29 : ℚ) / 1024)	((15 : ℚ) / 512)	3	0	3
segment	2886	((15 : ℚ) / 512)	((1 : ℚ) / 32)	4	0	3
segment	2887	((1 : ℚ) / 32)	((65 : ℚ) / 2048)	2	0	1
segment	2888	((65 : ℚ) / 2048)	((131 : ℚ) / 4096)	1	0	1
segment	2889	((131 : ℚ) / 4096)	((33 : ℚ) / 1024)	1	86528194282354370	3
segment	2890	((33 : ℚ) / 1024)	((17 : ℚ) / 512)	3	2268355947159882829	1
segment	2891	((17 : ℚ) / 512)	((9 : ℚ) / 256)	4	18304993892389527192	1
segment	2892	((9 : ℚ) / 256)	((5 : ℚ) / 128)	5	90122986532958541514	1
segment	2893	((5 : ℚ) / 128)	((3 : ℚ) / 64)	6	160880726394938806729	3
segment	2894	((3 : ℚ) / 64)	((7 : ℚ) / 128)	6	185458507536463753966	3
segment	2895	((7 : ℚ) / 128)	((1 : ℚ) / 16)	6	296930222761850678106	3
segment	2896	((1 : ℚ) / 16)	((5 : ℚ) / 64)	7	842934813352592411982	3
segment	2897	((5 : ℚ) / 64)	((3 : ℚ) / 32)	7	1381521451884639547549	3
segment	2898	((3 : ℚ) / 32)	((7 : ℚ) / 64)	7	1980302914422380673920	3
segment	2899	((7 : ℚ) / 64)	((1 : ℚ) / 8)	7	2957193663557959657613	1
segment	2900	((1 : ℚ) / 8)	((5 : ℚ) / 32)	8	9116804290806265761387	3
segment	2901	((5 : ℚ) / 32)	((3 : ℚ) / 16)	8	13679454159218707667167	3
segment	2902	((3 : ℚ) / 16)	((7 : ℚ) / 32)	8	17817652572959551211806	3
segment	2903	((7 : ℚ) / 32)	((1 : ℚ) / 4)	8	21909653560952889751101	1
segment	2904	((1 : ℚ) / 4)	((9 : ℚ) / 32)	8	26224527583320442225611	1
segment	2905	((9 : ℚ) / 32)	((5 : ℚ) / 16)	8	30313191666919451524412	1
segment	2906	((5 : ℚ) / 16)	((11 : ℚ) / 32)	8	33545874661218939376249	1
segment	2907	((11 : ℚ) / 32)	((3 : ℚ) / 8)	8	35846835485450867465807	1
segment	2908	((3 : ℚ) / 8)	((13 : ℚ) / 32)	8	37462012866245206352935	1
segment	2909	((13 : ℚ) / 32)	((7 : ℚ) / 16)	8	38406844952258944414580	1
segment	2910	((7 : ℚ) / 16)	((15 : ℚ) / 32)	8	38529232562313286642575	1
segment	2911	((15 : ℚ) / 32)	((1 : ℚ) / 2)	8	37886083113373143241832	1
segment	2912	((1 : ℚ) / 2)	((17 : ℚ) / 32)	8	36593484856563291385747	1
segment	2913	((17 : ℚ) / 32)	((9 : ℚ) / 16)	8	34669188827472487696657	1
segment	2914	((9 : ℚ) / 16)	((19 : ℚ) / 32)	8	32203381088881451508912	1
segment	2915	((19 : ℚ) / 32)	((5 : ℚ) / 8)	8	29314177993174109995243	1
segment	2916	((5 : ℚ) / 8)	((21 : ℚ) / 32)	8	26024434275964959575836	1
segment	2917	((21 : ℚ) / 32)	((11 : ℚ) / 16)	8	22435331535641996841775	1
segment	2918	((11 : ℚ) / 16)	((23 : ℚ) / 32)	8	18833903348948373544499	1
segment	2919	((23 : ℚ) / 32)	((3 : ℚ) / 4)	8	15459336316074001017678	3
segment	2920	((3 : ℚ) / 4)	((25 : ℚ) / 32)	8	12366848546466081337944	3
segment	2921	((25 : ℚ) / 32)	((13 : ℚ) / 16)	8	9590114122128077840516	3
segment	2922	((13 : ℚ) / 16)	((27 : ℚ) / 32)	8	7156561382946178459827	3
segment	2923	((27 : ℚ) / 32)	((55 : ℚ) / 64)	7	2751414487926431971122	1
segment	2924	((55 : ℚ) / 64)	((7 : ℚ) / 8)	7	2237378301989409909010	3
segment	2925	((7 : ℚ) / 8)	((57 : ℚ) / 64)	7	1751135005674551554066	3
segment	2926	((57 : ℚ) / 64)	((29 : ℚ) / 32)	7	1286848561781468355146	3
segment	2927	((29 : ℚ) / 32)	((59 : ℚ) / 64)	7	893045333284179019784	3
segment	2928	((59 : ℚ) / 64)	((119 : ℚ) / 128)	6	316933752545345429318	1
segment	2929	((119 : ℚ) / 128)	((15 : ℚ) / 16)	6	245023339529154011589	3
segment	2930	((15 : ℚ) / 16)	((121 : ℚ) / 128)	6	186841702139752361632	3
segment	2931	((121 : ℚ) / 128)	((61 : ℚ) / 64)	6	128603697798274815262	3
segment	2932	((61 : ℚ) / 64)	((123 : ℚ) / 128)	6	93008580341090411314	3
segment	2933	((123 : ℚ) / 128)	((247 : ℚ) / 256)	5	33915968880897437710	3
segment	2934	((247 : ℚ) / 256)	((31 : ℚ) / 32)	5	27543563920934252207	3
segment	2935	((31 : ℚ) / 32)	((249 : ℚ) / 256)	5	21634657002566884554	3
segment	2936	((249 : ℚ) / 256)	((125 : ℚ) / 128)	5	15275844485932846186	3
segment	2937	((125 : ℚ) / 128)	((251 : ℚ) / 256)	5	11560059447383216270	3
segment	2938	((251 : ℚ) / 256)	((63 : ℚ) / 64)	5	10111487347436140009	3
segment	2939	((63 : ℚ) / 64)	((505 : ℚ) / 512)	4	4209642554927338783	3
segment	2940	((505 : ℚ) / 512)	((253 : ℚ) / 256)	4	3245068688024462747	3
segment	2941	((253 : ℚ) / 256)	((507 : ℚ) / 512)	4	2132530213457558035	3
segment	2942	((507 : ℚ) / 512)	((1015 : ℚ) / 1024)	3	671420008521412633	1
segment	2943	((1015 : ℚ) / 1024)	((127 : ℚ) / 128)	3	449967996460445074	3
segment	2944	((127 : ℚ) / 128)	((1017 : ℚ) / 1024)	3	271953365695924752	3
segment	2945	((1017 : ℚ) / 1024)	((2035 : ℚ) / 2048)	2	83801663027850441	1
segment	2946	((2035 : ℚ) / 2048)	((509 : ℚ) / 512)	2	56683512072232076	3
segment	2947	((509 : ℚ) / 512)	((2037 : ℚ) / 2048)	2	34962429312626804	3
segment	2948	((2037 : ℚ) / 2048)	((4075 : ℚ) / 4096)	1	10904851033853040	1
segment	2949	((4075 : ℚ) / 4096)	((1019 : ℚ) / 1024)	1	7292962594137440	3
segment	2950	((1019 : ℚ) / 1024)	((4077 : ℚ) / 4096)	1	4215450124075609	3
segment	2951	((4077 : ℚ) / 4096)	((2039 : ℚ) / 2048)	1	4176763580467678	3
segment	2952	((2039 : ℚ) / 2048)	((4079 : ℚ) / 4096)	1	1941963704388556	3
segment	2953	((4079 : ℚ) / 4096)	((255 : ℚ) / 256)	1	267729566527511	3
segment	2954	((255 : ℚ) / 256)	((4081 : ℚ) / 4096)	1	0	3
segment	2955	((4081 : ℚ) / 4096)	((2041 : ℚ) / 2048)	1	0	3
segment	2956	((2041 : ℚ) / 2048)	((4083 : ℚ) / 4096)	1	0	3
segment	2957	((4083 : ℚ) / 4096)	((1021 : ℚ) / 1024)	1	0	3
segment	2958	((1021 : ℚ) / 1024)	((4085 : ℚ) / 4096)	1	0	3
segment	2959	((4085 : ℚ) / 4096)	((2043 : ℚ) / 2048)	1	0	3
segment	2960	((2043 : ℚ) / 2048)	((4087 : ℚ) / 4096)	1	0	3
segment	2961	((4087 : ℚ) / 4096)	((511 : ℚ) / 512)	1	0	3
segment	2962	((511 : ℚ) / 512)	((4089 : ℚ) / 4096)	1	0	3
segment	2963	((4089 : ℚ) / 4096)	((2045 : ℚ) / 2048)	1	0	3
segment	2964	((2045 : ℚ) / 2048)	((4091 : ℚ) / 4096)	1	0	3
segment	2965	((4091 : ℚ) / 4096)	((1023 : ℚ) / 1024)	1	0	3
segment	2966	((1023 : ℚ) / 1024)	((4093 : ℚ) / 4096)	1	0	3
segment	2967	((4093 : ℚ) / 4096)	((2047 : ℚ) / 2048)	1	0	3
segment	2968	((2047 : ℚ) / 2048)	((4095 : ℚ) / 4096)	1	0	3
segment	2969	((4095 : ℚ) / 4096)	((1 : ℚ) / 1)	1	0	3
segment	2970	((1 : ℚ) / 1)	((4097 : ℚ) / 4096)	1	0	3
segment	2971	((4097 : ℚ) / 4096)	((2049 : ℚ) / 2048)	1	40865879102204	3
segment	2972	((2049 : ℚ) / 2048)	((4099 : ℚ) / 4096)	1	225044066744696	3
segment	2973	((4099 : ℚ) / 4096)	((1025 : ℚ) / 1024)	1	374256375580192	3
segment	2974	((1025 : ℚ) / 1024)	((4101 : ℚ) / 4096)	1	474585939463095	3
segment	2975	((4101 : ℚ) / 4096)	((2051 : ℚ) / 2048)	1	528784632333911	3
segment	2976	((2051 : ℚ) / 2048)	((4103 : ℚ) / 4096)	1	542270322844737	3
segment	2977	((4103 : ℚ) / 4096)	((513 : ℚ) / 512)	1	531135919959463	3
segment	2978	((513 : ℚ) / 512)	((4105 : ℚ) / 4096)	1	488846358493314	3
segment	2979	((4105 : ℚ) / 4096)	((2053 : ℚ) / 2048)	1	417155692575483	3
segment	2980	((2053 : ℚ) / 2048)	((4107 : ℚ) / 4096)	1	321898778076808	3
segment	2981	((4107 : ℚ) / 4096)	((1027 : ℚ) / 1024)	1	208995960769519	3
segment	2982	((1027 : ℚ) / 1024)	((4109 : ℚ) / 4096)	1	84270770817794	3
segment	2983	((4109 : ℚ) / 4096)	((2055 : ℚ) / 2048)	1	0	3
segment	2984	((2055 : ℚ) / 2048)	((4111 : ℚ) / 4096)	1	0	3
segment	2985	((4111 : ℚ) / 4096)	((257 : ℚ) / 256)	1	0	3
segment	2986	((257 : ℚ) / 256)	((4113 : ℚ) / 4096)	1	0	3
segment	2987	((4113 : ℚ) / 4096)	((2057 : ℚ) / 2048)	1	0	3
segment	2988	((2057 : ℚ) / 2048)	((4115 : ℚ) / 4096)	1	0	3
segment	2989	((4115 : ℚ) / 4096)	((1029 : ℚ) / 1024)	1	0	3
segment	2990	((1029 : ℚ) / 1024)	((4117 : ℚ) / 4096)	1	0	3
segment	2991	((4117 : ℚ) / 4096)	((2059 : ℚ) / 2048)	1	0	3
segment	2992	((2059 : ℚ) / 2048)	((4119 : ℚ) / 4096)	1	0	3
segment	2993	((4119 : ℚ) / 4096)	((515 : ℚ) / 512)	1	0	3
segment	2994	((515 : ℚ) / 512)	((4121 : ℚ) / 4096)	1	0	3
segment	2995	((4121 : ℚ) / 4096)	((2061 : ℚ) / 2048)	1	0	3
segment	2996	((2061 : ℚ) / 2048)	((4123 : ℚ) / 4096)	1	0	3
segment	2997	((4123 : ℚ) / 4096)	((1031 : ℚ) / 1024)	1	0	3
segment	2998	((1031 : ℚ) / 1024)	((4125 : ℚ) / 4096)	1	0	3
segment	2999	((4125 : ℚ) / 4096)	((2063 : ℚ) / 2048)	1	0	3
segment	3000	((2063 : ℚ) / 2048)	((4127 : ℚ) / 4096)	1	0	3
segment	3001	((4127 : ℚ) / 4096)	((129 : ℚ) / 128)	1	0	3
segment	3002	((129 : ℚ) / 128)	((4129 : ℚ) / 4096)	1	0	3
segment	3003	((4129 : ℚ) / 4096)	((2065 : ℚ) / 2048)	1	0	3
segment	3004	((2065 : ℚ) / 2048)	((4131 : ℚ) / 4096)	1	0	3
segment	3005	((4131 : ℚ) / 4096)	((1033 : ℚ) / 1024)	1	0	3
segment	3006	((1033 : ℚ) / 1024)	((4133 : ℚ) / 4096)	1	0	3
segment	3007	((4133 : ℚ) / 4096)	((2067 : ℚ) / 2048)	1	0	3
segment	3008	((2067 : ℚ) / 2048)	((4135 : ℚ) / 4096)	1	0	3
segment	3009	((4135 : ℚ) / 4096)	((517 : ℚ) / 512)	1	0	3
segment	3010	((517 : ℚ) / 512)	((4137 : ℚ) / 4096)	1	0	3
segment	3011	((4137 : ℚ) / 4096)	((2069 : ℚ) / 2048)	1	0	3
segment	3012	((2069 : ℚ) / 2048)	((4139 : ℚ) / 4096)	1	0	3
segment	3013	((4139 : ℚ) / 4096)	((1035 : ℚ) / 1024)	1	0	3
segment	3014	((1035 : ℚ) / 1024)	((4141 : ℚ) / 4096)	1	0	3
segment	3015	((4141 : ℚ) / 4096)	((2071 : ℚ) / 2048)	1	0	3
segment	3016	((2071 : ℚ) / 2048)	((4143 : ℚ) / 4096)	1	0	3
segment	3017	((4143 : ℚ) / 4096)	((259 : ℚ) / 256)	1	0	3
segment	3018	((259 : ℚ) / 256)	((4145 : ℚ) / 4096)	1	0	3
segment	3019	((4145 : ℚ) / 4096)	((2073 : ℚ) / 2048)	1	0	3
segment	3020	((2073 : ℚ) / 2048)	((4147 : ℚ) / 4096)	1	0	3
segment	3021	((4147 : ℚ) / 4096)	((1037 : ℚ) / 1024)	1	0	3
segment	3022	((1037 : ℚ) / 1024)	((4149 : ℚ) / 4096)	1	0	3
segment	3023	((4149 : ℚ) / 4096)	((2075 : ℚ) / 2048)	1	0	3
segment	3024	((2075 : ℚ) / 2048)	((4151 : ℚ) / 4096)	1	0	3
segment	3025	((4151 : ℚ) / 4096)	((519 : ℚ) / 512)	1	0	3
segment	3026	((519 : ℚ) / 512)	((4153 : ℚ) / 4096)	1	0	3
segment	3027	((4153 : ℚ) / 4096)	((2077 : ℚ) / 2048)	1	0	3
segment	3028	((2077 : ℚ) / 2048)	((4155 : ℚ) / 4096)	1	0	3
segment	3029	((4155 : ℚ) / 4096)	((1039 : ℚ) / 1024)	1	0	3
segment	3030	((1039 : ℚ) / 1024)	((4157 : ℚ) / 4096)	1	0	3
segment	3031	((4157 : ℚ) / 4096)	((2079 : ℚ) / 2048)	1	0	3
segment	3032	((2079 : ℚ) / 2048)	((4159 : ℚ) / 4096)	1	0	3
segment	3033	((4159 : ℚ) / 4096)	((65 : ℚ) / 64)	1	0	3
segment	3034	((65 : ℚ) / 64)	((4161 : ℚ) / 4096)	1	0	3
segment	3035	((4161 : ℚ) / 4096)	((2081 : ℚ) / 2048)	1	0	3
segment	3036	((2081 : ℚ) / 2048)	((4163 : ℚ) / 4096)	1	0	3
segment	3037	((4163 : ℚ) / 4096)	((1041 : ℚ) / 1024)	1	0	3
segment	3038	((1041 : ℚ) / 1024)	((4165 : ℚ) / 4096)	1	0	3
segment	3039	((4165 : ℚ) / 4096)	((2083 : ℚ) / 2048)	1	0	3
segment	3040	((2083 : ℚ) / 2048)	((4167 : ℚ) / 4096)	1	0	3
segment	3041	((4167 : ℚ) / 4096)	((521 : ℚ) / 512)	1	0	3
segment	3042	((521 : ℚ) / 512)	((4169 : ℚ) / 4096)	1	0	3
segment	3043	((4169 : ℚ) / 4096)	((2085 : ℚ) / 2048)	1	0	3
segment	3044	((2085 : ℚ) / 2048)	((4171 : ℚ) / 4096)	1	0	3
segment	3045	((4171 : ℚ) / 4096)	((1043 : ℚ) / 1024)	1	0	3
segment	3046	((1043 : ℚ) / 1024)	((4173 : ℚ) / 4096)	1	0	3
segment	3047	((4173 : ℚ) / 4096)	((2087 : ℚ) / 2048)	1	0	3
segment	3048	((2087 : ℚ) / 2048)	((4175 : ℚ) / 4096)	1	0	3
segment	3049	((4175 : ℚ) / 4096)	((261 : ℚ) / 256)	1	0	3
segment	3050	((261 : ℚ) / 256)	((4177 : ℚ) / 4096)	1	0	3
segment	3051	((4177 : ℚ) / 4096)	((2089 : ℚ) / 2048)	1	0	3
segment	3052	((2089 : ℚ) / 2048)	((4179 : ℚ) / 4096)	1	0	3
segment	3053	((4179 : ℚ) / 4096)	((1045 : ℚ) / 1024)	1	0	3
segment	3054	((1045 : ℚ) / 1024)	((4181 : ℚ) / 4096)	1	0	3
segment	3055	((4181 : ℚ) / 4096)	((2091 : ℚ) / 2048)	1	0	3
segment	3056	((2091 : ℚ) / 2048)	((4183 : ℚ) / 4096)	1	0	3
segment	3057	((4183 : ℚ) / 4096)	((523 : ℚ) / 512)	1	0	3
segment	3058	((523 : ℚ) / 512)	((4185 : ℚ) / 4096)	1	0	3
segment	3059	((4185 : ℚ) / 4096)	((2093 : ℚ) / 2048)	1	0	3
segment	3060	((2093 : ℚ) / 2048)	((4187 : ℚ) / 4096)	1	0	3
segment	3061	((4187 : ℚ) / 4096)	((1047 : ℚ) / 1024)	1	0	3
segment	3062	((1047 : ℚ) / 1024)	((4189 : ℚ) / 4096)	1	0	3
segment	3063	((4189 : ℚ) / 4096)	((2095 : ℚ) / 2048)	1	0	3
segment	3064	((2095 : ℚ) / 2048)	((4191 : ℚ) / 4096)	1	0	3
segment	3065	((4191 : ℚ) / 4096)	((131 : ℚ) / 128)	1	0	3
segment	3066	((131 : ℚ) / 128)	((4193 : ℚ) / 4096)	1	0	3
segment	3067	((4193 : ℚ) / 4096)	((2097 : ℚ) / 2048)	1	0	3
segment	3068	((2097 : ℚ) / 2048)	((4195 : ℚ) / 4096)	1	0	3
segment	3069	((4195 : ℚ) / 4096)	((1049 : ℚ) / 1024)	1	0	3
segment	3070	((1049 : ℚ) / 1024)	((4197 : ℚ) / 4096)	1	0	3
segment	3071	((4197 : ℚ) / 4096)	((2099 : ℚ) / 2048)	1	0	3
segment	3072	((2099 : ℚ) / 2048)	((4199 : ℚ) / 4096)	1	0	3
segment	3073	((4199 : ℚ) / 4096)	((525 : ℚ) / 512)	1	0	3
segment	3074	((525 : ℚ) / 512)	((4201 : ℚ) / 4096)	1	0	3
segment	3075	((4201 : ℚ) / 4096)	((2101 : ℚ) / 2048)	1	0	3
segment	3076	((2101 : ℚ) / 2048)	((4203 : ℚ) / 4096)	1	0	3
segment	3077	((4203 : ℚ) / 4096)	((1051 : ℚ) / 1024)	1	0	3
segment	3078	((1051 : ℚ) / 1024)	((4205 : ℚ) / 4096)	1	0	3
segment	3079	((4205 : ℚ) / 4096)	((2103 : ℚ) / 2048)	1	0	3
segment	3080	((2103 : ℚ) / 2048)	((4207 : ℚ) / 4096)	1	0	3
segment	3081	((4207 : ℚ) / 4096)	((263 : ℚ) / 256)	1	0	3
segment	3082	((263 : ℚ) / 256)	((4209 : ℚ) / 4096)	1	0	3
segment	3083	((4209 : ℚ) / 4096)	((2105 : ℚ) / 2048)	1	0	3
segment	3084	((2105 : ℚ) / 2048)	((4211 : ℚ) / 4096)	1	0	3
segment	3085	((4211 : ℚ) / 4096)	((1053 : ℚ) / 1024)	1	0	3
segment	3086	((1053 : ℚ) / 1024)	((4213 : ℚ) / 4096)	1	0	3
segment	3087	((4213 : ℚ) / 4096)	((2107 : ℚ) / 2048)	1	0	3
segment	3088	((2107 : ℚ) / 2048)	((4215 : ℚ) / 4096)	1	0	3
segment	3089	((4215 : ℚ) / 4096)	((527 : ℚ) / 512)	1	0	3
segment	3090	((527 : ℚ) / 512)	((4217 : ℚ) / 4096)	1	0	3
segment	3091	((4217 : ℚ) / 4096)	((2109 : ℚ) / 2048)	1	0	3
segment	3092	((2109 : ℚ) / 2048)	((4219 : ℚ) / 4096)	1	0	3
segment	3093	((4219 : ℚ) / 4096)	((1055 : ℚ) / 1024)	1	0	3
segment	3094	((1055 : ℚ) / 1024)	((4221 : ℚ) / 4096)	1	0	3
segment	3095	((4221 : ℚ) / 4096)	((2111 : ℚ) / 2048)	1	0	3
segment	3096	((2111 : ℚ) / 2048)	((4223 : ℚ) / 4096)	1	0	3
segment	3097	((4223 : ℚ) / 4096)	((33 : ℚ) / 32)	1	0	3
segment	3098	((33 : ℚ) / 32)	((4225 : ℚ) / 4096)	1	0	3
segment	3099	((4225 : ℚ) / 4096)	((2113 : ℚ) / 2048)	1	0	3
segment	3100	((2113 : ℚ) / 2048)	((4227 : ℚ) / 4096)	1	0	3
segment	3101	((4227 : ℚ) / 4096)	((1057 : ℚ) / 1024)	1	0	3
segment	3102	((1057 : ℚ) / 1024)	((4229 : ℚ) / 4096)	1	0	3
segment	3103	((4229 : ℚ) / 4096)	((2115 : ℚ) / 2048)	1	0	3
segment	3104	((2115 : ℚ) / 2048)	((4231 : ℚ) / 4096)	1	0	3
segment	3105	((4231 : ℚ) / 4096)	((529 : ℚ) / 512)	1	0	3
segment	3106	((529 : ℚ) / 512)	((4233 : ℚ) / 4096)	1	0	3
segment	3107	((4233 : ℚ) / 4096)	((2117 : ℚ) / 2048)	1	0	3
segment	3108	((2117 : ℚ) / 2048)	((4235 : ℚ) / 4096)	1	0	3
segment	3109	((4235 : ℚ) / 4096)	((1059 : ℚ) / 1024)	1	0	3
segment	3110	((1059 : ℚ) / 1024)	((4237 : ℚ) / 4096)	1	0	3
segment	3111	((4237 : ℚ) / 4096)	((2119 : ℚ) / 2048)	1	0	3
segment	3112	((2119 : ℚ) / 2048)	((4239 : ℚ) / 4096)	1	0	3
segment	3113	((4239 : ℚ) / 4096)	((265 : ℚ) / 256)	1	0	3
segment	3114	((265 : ℚ) / 256)	((4241 : ℚ) / 4096)	1	0	3
segment	3115	((4241 : ℚ) / 4096)	((2121 : ℚ) / 2048)	1	0	3
segment	3116	((2121 : ℚ) / 2048)	((4243 : ℚ) / 4096)	1	0	3
segment	3117	((4243 : ℚ) / 4096)	((1061 : ℚ) / 1024)	1	0	3
segment	3118	((1061 : ℚ) / 1024)	((4245 : ℚ) / 4096)	1	0	3
segment	3119	((4245 : ℚ) / 4096)	((2123 : ℚ) / 2048)	1	0	3
segment	3120	((2123 : ℚ) / 2048)	((4247 : ℚ) / 4096)	1	0	3
segment	3121	((4247 : ℚ) / 4096)	((531 : ℚ) / 512)	1	0	3
segment	3122	((531 : ℚ) / 512)	((4249 : ℚ) / 4096)	1	0	3
segment	3123	((4249 : ℚ) / 4096)	((2125 : ℚ) / 2048)	1	9151641302238	3
segment	3124	((2125 : ℚ) / 2048)	((4251 : ℚ) / 4096)	1	96429644035868	3
segment	3125	((4251 : ℚ) / 4096)	((1063 : ℚ) / 1024)	1	205466848601654	3
segment	3126	((1063 : ℚ) / 1024)	((4253 : ℚ) / 4096)	1	318562487777975	3
segment	3127	((4253 : ℚ) / 4096)	((2127 : ℚ) / 2048)	1	433373137118435	3
segment	3128	((2127 : ℚ) / 2048)	((4255 : ℚ) / 4096)	1	547254205597907	3
segment	3129	((4255 : ℚ) / 4096)	((133 : ℚ) / 128)	1	657313699245457	3
segment	3130	((133 : ℚ) / 128)	((4257 : ℚ) / 4096)	1	760480072391773	3
segment	3131	((4257 : ℚ) / 4096)	((2129 : ℚ) / 2048)	1	853583696427302	3
segment	3132	((2129 : ℚ) / 2048)	((4259 : ℚ) / 4096)	1	933451089426341	3
segment	3133	((4259 : ℚ) / 4096)	((1065 : ℚ) / 1024)	1	997010660785680	3
segment	3134	((1065 : ℚ) / 1024)	((4261 : ℚ) / 4096)	1	1041408342638016	3
segment	3135	((4261 : ℚ) / 4096)	((2131 : ℚ) / 2048)	1	1064131113947701	3
segment	3136	((2131 : ℚ) / 2048)	((4263 : ℚ) / 4096)	1	1066589463455784	3
segment	3137	((4263 : ℚ) / 4096)	((533 : ℚ) / 512)	1	1052469450127185	3
segment	3138	((533 : ℚ) / 512)	((4265 : ℚ) / 4096)	1	1013406899329366	3
segment	3139	((4265 : ℚ) / 4096)	((2133 : ℚ) / 2048)	1	948470007228257	3
segment	3140	((2133 : ℚ) / 2048)	((4267 : ℚ) / 4096)	1	858297112235654	3
segment	3141	((4267 : ℚ) / 4096)	((1067 : ℚ) / 1024)	1	744569859762802	3
segment	3142	((1067 : ℚ) / 1024)	((4269 : ℚ) / 4096)	1	610119992477888	3
segment	3143	((4269 : ℚ) / 4096)	((2135 : ℚ) / 2048)	1	459021510831634	3
segment	3144	((2135 : ℚ) / 2048)	((4271 : ℚ) / 4096)	1	296665003567065	3
segment	3145	((4271 : ℚ) / 4096)	((267 : ℚ) / 256)	1	129811131908752	3
segment	3146	((267 : ℚ) / 256)	((4273 : ℚ) / 4096)	1	3122876136583	3
segment	3147	((4273 : ℚ) / 4096)	((2137 : ℚ) / 2048)	1	0	3
segment	3148	((2137 : ℚ) / 2048)	((4275 : ℚ) / 4096)	1	0	3
segment	3149	((4275 : ℚ) / 4096)	((1069 : ℚ) / 1024)	1	0	3
segment	3150	((1069 : ℚ) / 1024)	((4277 : ℚ) / 4096)	1	0	3
segment	3151	((4277 : ℚ) / 4096)	((2139 : ℚ) / 2048)	1	0	3
segment	3152	((2139 : ℚ) / 2048)	((4279 : ℚ) / 4096)	1	0	3
segment	3153	((4279 : ℚ) / 4096)	((535 : ℚ) / 512)	1	56039715464943	3
segment	3154	((535 : ℚ) / 512)	((4281 : ℚ) / 4096)	1	412029166947544	3
segment	3155	((4281 : ℚ) / 4096)	((2141 : ℚ) / 2048)	1	930273025081046	3
segment	3156	((2141 : ℚ) / 2048)	((4283 : ℚ) / 4096)	1	1605757777458669	3
segment	3157	((4283 : ℚ) / 4096)	((1071 : ℚ) / 1024)	1	2455632545755757	3
segment	3158	((1071 : ℚ) / 1024)	((4285 : ℚ) / 4096)	1	3496437823044791	3
segment	3159	((4285 : ℚ) / 4096)	((2143 : ℚ) / 2048)	1	3602213791747492	3
segment	3160	((2143 : ℚ) / 2048)	((4287 : ℚ) / 4096)	1	3886551210422464	3
segment	3161	((4287 : ℚ) / 4096)	((67 : ℚ) / 64)	1	5529573775735001	3
segment	3162	((67 : ℚ) / 64)	((4289 : ℚ) / 4096)	1	7414731083384810	3
segment	3163	((4289 : ℚ) / 4096)	((2145 : ℚ) / 2048)	1	9551415807005080	1
segment	3164	((2145 : ℚ) / 2048)	((1073 : ℚ) / 1024)	2	26551538786268198	3
segment	3165	((1073 : ℚ) / 1024)	((2147 : ℚ) / 2048)	2	38241019692385500	3
segment	3166	((2147 : ℚ) / 2048)	((537 : ℚ) / 512)	2	52009263700048564	3
segment	3167	((537 : ℚ) / 512)	((2149 : ℚ) / 2048)	2	67726574728911009	3
segment	3168	((2149 : ℚ) / 2048)	((1075 : ℚ) / 1024)	2	85154058367635761	1
segment	3169	((1075 : ℚ) / 1024)	((269 : ℚ) / 256)	3	227598240632924662	3
segment	3170	((269 : ℚ) / 256)	((1077 : ℚ) / 1024)	3	307377494891744256	3
segment	3171	((1077 : ℚ) / 1024)	((539 : ℚ) / 512)	3	382887056017661150	3
segment	3172	((539 : ℚ) / 512)	((1079 : ℚ) / 1024)	3	444067396525437813	3
segment	3173	((1079 : ℚ) / 1024)	((135 : ℚ) / 128)	3	482047558673413238	3
segment	3174	((135 : ℚ) / 128)	((1081 : ℚ) / 1024)	3	490954626247795372	3
segment	3175	((1081 : ℚ) / 1024)	((541 : ℚ) / 512)	3	469170228035734513	3
segment	3176	((541 : ℚ) / 512)	((1083 : ℚ) / 1024)	3	419712864307947508	3
segment	3177	((1083 : ℚ) / 1024)	((271 : ℚ) / 256)	3	349641061259507452	3
segment	3178	((271 : ℚ) / 256)	((1085 : ℚ) / 1024)	3	268620195099223136	3
segment	3179	((1085 : ℚ) / 1024)	((543 : ℚ) / 512)	3	187005073330107488	3
segment	3180	((543 : ℚ) / 512)	((2173 : ℚ) / 2048)	2	65269296767651945	3
segment	3181	((2173 : ℚ) / 2048)	((1087 : ℚ) / 1024)	2	48632858027761742	3
segment	3182	((1087 : ℚ) / 1024)	((2175 : ℚ) / 2048)	2	34028395495253020	3
segment	3183	((2175 : ℚ) / 2048)	((17 : ℚ) / 16)	2	21631618751114915	3
segment	3184	((17 : ℚ) / 16)	((4353 : ℚ) / 4096)	1	6876619369921103	3
segment	3185	((4353 : ℚ) / 4096)	((2177 : ℚ) / 2048)	1	4626999652375166	3
segment	3186	((2177 : ℚ) / 2048)	((4355 : ℚ) / 4096)	1	3850578729138885	3
segment	3187	((4355 : ℚ) / 4096)	((1089 : ℚ) / 1024)	1	3292117501175977	3
segment	3188	((1089 : ℚ) / 1024)	((4357 : ℚ) / 4096)	1	1777955036949919	3
segment	3189	((4357 : ℚ) / 4096)	((2179 : ℚ) / 2048)	1	509389726062200	3
segment	3190	((2179 : ℚ) / 2048)	((4359 : ℚ) / 4096)	1	0	3
segment	3191	((4359 : ℚ) / 4096)	((545 : ℚ) / 512)	1	0	3
segment	3192	((545 : ℚ) / 512)	((4361 : ℚ) / 4096)	1	0	3
segment	3193	((4361 : ℚ) / 4096)	((2181 : ℚ) / 2048)	1	0	3
segment	3194	((2181 : ℚ) / 2048)	((4363 : ℚ) / 4096)	1	0	3
segment	3195	((4363 : ℚ) / 4096)	((1091 : ℚ) / 1024)	1	0	3
segment	3196	((1091 : ℚ) / 1024)	((4365 : ℚ) / 4096)	1	0	3
segment	3197	((4365 : ℚ) / 4096)	((2183 : ℚ) / 2048)	1	0	3
segment	3198	((2183 : ℚ) / 2048)	((4367 : ℚ) / 4096)	1	0	3
segment	3199	((4367 : ℚ) / 4096)	((273 : ℚ) / 256)	1	0	3
segment	3200	((273 : ℚ) / 256)	((4369 : ℚ) / 4096)	1	0	3
segment	3201	((4369 : ℚ) / 4096)	((2185 : ℚ) / 2048)	1	0	3
segment	3202	((2185 : ℚ) / 2048)	((4371 : ℚ) / 4096)	1	0	3
segment	3203	((4371 : ℚ) / 4096)	((1093 : ℚ) / 1024)	1	0	3
segment	3204	((1093 : ℚ) / 1024)	((4373 : ℚ) / 4096)	1	0	3
segment	3205	((4373 : ℚ) / 4096)	((2187 : ℚ) / 2048)	1	0	3
segment	3206	((2187 : ℚ) / 2048)	((4375 : ℚ) / 4096)	1	0	3
segment	3207	((4375 : ℚ) / 4096)	((547 : ℚ) / 512)	1	0	3
segment	3208	((547 : ℚ) / 512)	((4377 : ℚ) / 4096)	1	25123552791327	3
segment	3209	((4377 : ℚ) / 4096)	((2189 : ℚ) / 2048)	1	154057338298454	3
segment	3210	((2189 : ℚ) / 2048)	((4379 : ℚ) / 4096)	1	261267508291819	3
segment	3211	((4379 : ℚ) / 4096)	((1095 : ℚ) / 1024)	1	331609619811675	3
segment	3212	((1095 : ℚ) / 1024)	((4381 : ℚ) / 4096)	1	366693312935199	3
segment	3213	((4381 : ℚ) / 4096)	((2191 : ℚ) / 2048)	1	372042370101398	3
segment	3214	((2191 : ℚ) / 2048)	((4383 : ℚ) / 4096)	1	358051174757996	3
segment	3215	((4383 : ℚ) / 4096)	((137 : ℚ) / 128)	1	317737171426084	3
segment	3216	((137 : ℚ) / 128)	((4385 : ℚ) / 4096)	1	253910009071094	3
segment	3217	((4385 : ℚ) / 4096)	((2193 : ℚ) / 2048)	1	170978738558839	3
segment	3218	((2193 : ℚ) / 2048)	((4387 : ℚ) / 4096)	1	73529845698159	3
segment	3219	((4387 : ℚ) / 4096)	((1097 : ℚ) / 1024)	1	0	3
segment	3220	((1097 : ℚ) / 1024)	((4389 : ℚ) / 4096)	1	0	3
segment	3221	((4389 : ℚ) / 4096)	((2195 : ℚ) / 2048)	1	0	3
segment	3222	((2195 : ℚ) / 2048)	((4391 : ℚ) / 4096)	1	0	3
segment	3223	((4391 : ℚ) / 4096)	((549 : ℚ) / 512)	1	0	3
segment	3224	((549 : ℚ) / 512)	((4393 : ℚ) / 4096)	1	0	3
segment	3225	((4393 : ℚ) / 4096)	((2197 : ℚ) / 2048)	1	0	3
segment	3226	((2197 : ℚ) / 2048)	((4395 : ℚ) / 4096)	1	0	3
segment	3227	((4395 : ℚ) / 4096)	((1099 : ℚ) / 1024)	1	0	3
segment	3228	((1099 : ℚ) / 1024)	((4397 : ℚ) / 4096)	1	0	3
segment	3229	((4397 : ℚ) / 4096)	((2199 : ℚ) / 2048)	1	0	3
segment	3230	((2199 : ℚ) / 2048)	((4399 : ℚ) / 4096)	1	0	3
segment	3231	((4399 : ℚ) / 4096)	((275 : ℚ) / 256)	1	0	3
segment	3232	((275 : ℚ) / 256)	((4401 : ℚ) / 4096)	1	0	3
segment	3233	((4401 : ℚ) / 4096)	((2201 : ℚ) / 2048)	1	0	3
segment	3234	((2201 : ℚ) / 2048)	((4403 : ℚ) / 4096)	1	0	3
segment	3235	((4403 : ℚ) / 4096)	((1101 : ℚ) / 1024)	1	0	3
segment	3236	((1101 : ℚ) / 1024)	((4405 : ℚ) / 4096)	1	0	3
segment	3237	((4405 : ℚ) / 4096)	((2203 : ℚ) / 2048)	1	0	3
segment	3238	((2203 : ℚ) / 2048)	((4407 : ℚ) / 4096)	1	0	3
segment	3239	((4407 : ℚ) / 4096)	((551 : ℚ) / 512)	1	0	3
segment	3240	((551 : ℚ) / 512)	((4409 : ℚ) / 4096)	1	0	3
segment	3241	((4409 : ℚ) / 4096)	((2205 : ℚ) / 2048)	1	0	3
segment	3242	((2205 : ℚ) / 2048)	((4411 : ℚ) / 4096)	1	0	3
segment	3243	((4411 : ℚ) / 4096)	((1103 : ℚ) / 1024)	1	0	3
segment	3244	((1103 : ℚ) / 1024)	((4413 : ℚ) / 4096)	1	0	3
segment	3245	((4413 : ℚ) / 4096)	((2207 : ℚ) / 2048)	1	0	3
segment	3246	((2207 : ℚ) / 2048)	((4415 : ℚ) / 4096)	1	0	3
segment	3247	((4415 : ℚ) / 4096)	((69 : ℚ) / 64)	1	0	3
segment	3248	((69 : ℚ) / 64)	((4417 : ℚ) / 4096)	1	0	3
segment	3249	((4417 : ℚ) / 4096)	((2209 : ℚ) / 2048)	1	0	3
segment	3250	((2209 : ℚ) / 2048)	((4419 : ℚ) / 4096)	1	0	3
segment	3251	((4419 : ℚ) / 4096)	((1105 : ℚ) / 1024)	1	0	3
segment	3252	((1105 : ℚ) / 1024)	((4421 : ℚ) / 4096)	1	0	3
segment	3253	((4421 : ℚ) / 4096)	((2211 : ℚ) / 2048)	1	0	3
segment	3254	((2211 : ℚ) / 2048)	((4423 : ℚ) / 4096)	1	0	3
segment	3255	((4423 : ℚ) / 4096)	((553 : ℚ) / 512)	1	0	3
segment	3256	((553 : ℚ) / 512)	((4425 : ℚ) / 4096)	1	0	3
segment	3257	((4425 : ℚ) / 4096)	((2213 : ℚ) / 2048)	1	0	3
segment	3258	((2213 : ℚ) / 2048)	((4427 : ℚ) / 4096)	1	0	3
segment	3259	((4427 : ℚ) / 4096)	((1107 : ℚ) / 1024)	1	0	3
segment	3260	((1107 : ℚ) / 1024)	((4429 : ℚ) / 4096)	1	0	3
segment	3261	((4429 : ℚ) / 4096)	((2215 : ℚ) / 2048)	1	0	3
segment	3262	((2215 : ℚ) / 2048)	((4431 : ℚ) / 4096)	1	0	3
segment	3263	((4431 : ℚ) / 4096)	((277 : ℚ) / 256)	1	0	3
segment	3264	((277 : ℚ) / 256)	((4433 : ℚ) / 4096)	1	0	3
segment	3265	((4433 : ℚ) / 4096)	((2217 : ℚ) / 2048)	1	0	3
segment	3266	((2217 : ℚ) / 2048)	((4435 : ℚ) / 4096)	1	0	3
segment	3267	((4435 : ℚ) / 4096)	((1109 : ℚ) / 1024)	1	0	3
segment	3268	((1109 : ℚ) / 1024)	((4437 : ℚ) / 4096)	1	0	3
segment	3269	((4437 : ℚ) / 4096)	((2219 : ℚ) / 2048)	1	0	3
segment	3270	((2219 : ℚ) / 2048)	((4439 : ℚ) / 4096)	1	0	3
segment	3271	((4439 : ℚ) / 4096)	((555 : ℚ) / 512)	1	0	3
segment	3272	((555 : ℚ) / 512)	((4441 : ℚ) / 4096)	1	0	3
segment	3273	((4441 : ℚ) / 4096)	((2221 : ℚ) / 2048)	1	0	3
segment	3274	((2221 : ℚ) / 2048)	((4443 : ℚ) / 4096)	1	0	3
segment	3275	((4443 : ℚ) / 4096)	((1111 : ℚ) / 1024)	1	0	3
segment	3276	((1111 : ℚ) / 1024)	((4445 : ℚ) / 4096)	1	0	3
segment	3277	((4445 : ℚ) / 4096)	((2223 : ℚ) / 2048)	1	0	3
segment	3278	((2223 : ℚ) / 2048)	((4447 : ℚ) / 4096)	1	0	3
segment	3279	((4447 : ℚ) / 4096)	((139 : ℚ) / 128)	1	0	3
segment	3280	((139 : ℚ) / 128)	((4449 : ℚ) / 4096)	1	0	3
segment	3281	((4449 : ℚ) / 4096)	((2225 : ℚ) / 2048)	1	0	3
segment	3282	((2225 : ℚ) / 2048)	((4451 : ℚ) / 4096)	1	0	3
segment	3283	((4451 : ℚ) / 4096)	((1113 : ℚ) / 1024)	1	0	3
segment	3284	((1113 : ℚ) / 1024)	((4453 : ℚ) / 4096)	1	0	3
segment	3285	((4453 : ℚ) / 4096)	((2227 : ℚ) / 2048)	1	0	3
segment	3286	((2227 : ℚ) / 2048)	((4455 : ℚ) / 4096)	1	0	3
segment	3287	((4455 : ℚ) / 4096)	((557 : ℚ) / 512)	1	0	3
segment	3288	((557 : ℚ) / 512)	((4457 : ℚ) / 4096)	1	0	3
segment	3289	((4457 : ℚ) / 4096)	((2229 : ℚ) / 2048)	1	0	3
segment	3290	((2229 : ℚ) / 2048)	((4459 : ℚ) / 4096)	1	0	3
segment	3291	((4459 : ℚ) / 4096)	((1115 : ℚ) / 1024)	1	0	3
segment	3292	((1115 : ℚ) / 1024)	((4461 : ℚ) / 4096)	1	0	3
segment	3293	((4461 : ℚ) / 4096)	((2231 : ℚ) / 2048)	1	0	3
segment	3294	((2231 : ℚ) / 2048)	((4463 : ℚ) / 4096)	1	0	3
segment	3295	((4463 : ℚ) / 4096)	((279 : ℚ) / 256)	1	0	3
segment	3296	((279 : ℚ) / 256)	((4465 : ℚ) / 4096)	1	0	3
segment	3297	((4465 : ℚ) / 4096)	((2233 : ℚ) / 2048)	1	0	3
segment	3298	((2233 : ℚ) / 2048)	((4467 : ℚ) / 4096)	1	0	3
segment	3299	((4467 : ℚ) / 4096)	((1117 : ℚ) / 1024)	1	0	3
segment	3300	((1117 : ℚ) / 1024)	((4469 : ℚ) / 4096)	1	0	3
segment	3301	((4469 : ℚ) / 4096)	((2235 : ℚ) / 2048)	1	0	3
segment	3302	((2235 : ℚ) / 2048)	((4471 : ℚ) / 4096)	1	0	3
segment	3303	((4471 : ℚ) / 4096)	((559 : ℚ) / 512)	1	0	3
segment	3304	((559 : ℚ) / 512)	((4473 : ℚ) / 4096)	1	0	3
segment	3305	((4473 : ℚ) / 4096)	((2237 : ℚ) / 2048)	1	0	3
segment	3306	((2237 : ℚ) / 2048)	((4475 : ℚ) / 4096)	1	0	3
segment	3307	((4475 : ℚ) / 4096)	((1119 : ℚ) / 1024)	1	0	3
segment	3308	((1119 : ℚ) / 1024)	((4477 : ℚ) / 4096)	1	0	3
segment	3309	((4477 : ℚ) / 4096)	((2239 : ℚ) / 2048)	1	0	3
segment	3310	((2239 : ℚ) / 2048)	((4479 : ℚ) / 4096)	1	0	3
segment	3311	((4479 : ℚ) / 4096)	((35 : ℚ) / 32)	1	0	3
segment	3312	((35 : ℚ) / 32)	((4481 : ℚ) / 4096)	1	0	3
segment	3313	((4481 : ℚ) / 4096)	((2241 : ℚ) / 2048)	1	0	3
segment	3314	((2241 : ℚ) / 2048)	((4483 : ℚ) / 4096)	1	0	3
segment	3315	((4483 : ℚ) / 4096)	((1121 : ℚ) / 1024)	1	0	3
segment	3316	((1121 : ℚ) / 1024)	((4485 : ℚ) / 4096)	1	0	3
segment	3317	((4485 : ℚ) / 4096)	((2243 : ℚ) / 2048)	1	0	3
segment	3318	((2243 : ℚ) / 2048)	((4487 : ℚ) / 4096)	1	0	3
segment	3319	((4487 : ℚ) / 4096)	((561 : ℚ) / 512)	1	0	3
segment	3320	((561 : ℚ) / 512)	((4489 : ℚ) / 4096)	1	0	3
segment	3321	((4489 : ℚ) / 4096)	((2245 : ℚ) / 2048)	1	0	3
segment	3322	((2245 : ℚ) / 2048)	((4491 : ℚ) / 4096)	1	0	3
segment	3323	((4491 : ℚ) / 4096)	((1123 : ℚ) / 1024)	1	0	3
segment	3324	((1123 : ℚ) / 1024)	((4493 : ℚ) / 4096)	1	0	3
segment	3325	((4493 : ℚ) / 4096)	((2247 : ℚ) / 2048)	1	0	3
segment	3326	((2247 : ℚ) / 2048)	((4495 : ℚ) / 4096)	1	0	3
segment	3327	((4495 : ℚ) / 4096)	((281 : ℚ) / 256)	1	0	3
segment	3328	((281 : ℚ) / 256)	((4497 : ℚ) / 4096)	1	0	3
segment	3329	((4497 : ℚ) / 4096)	((2249 : ℚ) / 2048)	1	0	3
segment	3330	((2249 : ℚ) / 2048)	((4499 : ℚ) / 4096)	1	0	3
segment	3331	((4499 : ℚ) / 4096)	((1125 : ℚ) / 1024)	1	0	3
segment	3332	((1125 : ℚ) / 1024)	((4501 : ℚ) / 4096)	1	0	3
segment	3333	((4501 : ℚ) / 4096)	((2251 : ℚ) / 2048)	1	0	3
segment	3334	((2251 : ℚ) / 2048)	((4503 : ℚ) / 4096)	1	0	3
segment	3335	((4503 : ℚ) / 4096)	((563 : ℚ) / 512)	1	0	3
segment	3336	((563 : ℚ) / 512)	((4505 : ℚ) / 4096)	1	0	3
segment	3337	((4505 : ℚ) / 4096)	((2253 : ℚ) / 2048)	1	0	3
segment	3338	((2253 : ℚ) / 2048)	((4507 : ℚ) / 4096)	1	0	3
segment	3339	((4507 : ℚ) / 4096)	((1127 : ℚ) / 1024)	1	0	3
segment	3340	((1127 : ℚ) / 1024)	((4509 : ℚ) / 4096)	1	0	3
segment	3341	((4509 : ℚ) / 4096)	((2255 : ℚ) / 2048)	1	0	3
segment	3342	((2255 : ℚ) / 2048)	((4511 : ℚ) / 4096)	1	0	3
segment	3343	((4511 : ℚ) / 4096)	((141 : ℚ) / 128)	1	0	3
segment	3344	((141 : ℚ) / 128)	((4513 : ℚ) / 4096)	1	0	3
segment	3345	((4513 : ℚ) / 4096)	((2257 : ℚ) / 2048)	1	0	3
segment	3346	((2257 : ℚ) / 2048)	((4515 : ℚ) / 4096)	1	0	3
segment	3347	((4515 : ℚ) / 4096)	((1129 : ℚ) / 1024)	1	0	3
segment	3348	((1129 : ℚ) / 1024)	((4517 : ℚ) / 4096)	1	0	3
segment	3349	((4517 : ℚ) / 4096)	((2259 : ℚ) / 2048)	1	0	3
segment	3350	((2259 : ℚ) / 2048)	((4519 : ℚ) / 4096)	1	0	3
segment	3351	((4519 : ℚ) / 4096)	((565 : ℚ) / 512)	1	0	3
segment	3352	((565 : ℚ) / 512)	((4521 : ℚ) / 4096)	1	0	3
segment	3353	((4521 : ℚ) / 4096)	((2261 : ℚ) / 2048)	1	0	3
segment	3354	((2261 : ℚ) / 2048)	((4523 : ℚ) / 4096)	1	0	3
segment	3355	((4523 : ℚ) / 4096)	((1131 : ℚ) / 1024)	1	0	3
segment	3356	((1131 : ℚ) / 1024)	((4525 : ℚ) / 4096)	1	0	3
segment	3357	((4525 : ℚ) / 4096)	((2263 : ℚ) / 2048)	1	0	3
segment	3358	((2263 : ℚ) / 2048)	((4527 : ℚ) / 4096)	1	0	3
segment	3359	((4527 : ℚ) / 4096)	((283 : ℚ) / 256)	1	0	3
segment	3360	((283 : ℚ) / 256)	((4529 : ℚ) / 4096)	1	0	3
segment	3361	((4529 : ℚ) / 4096)	((2265 : ℚ) / 2048)	1	0	3
segment	3362	((2265 : ℚ) / 2048)	((4531 : ℚ) / 4096)	1	0	3
segment	3363	((4531 : ℚ) / 4096)	((1133 : ℚ) / 1024)	1	0	3
segment	3364	((1133 : ℚ) / 1024)	((4533 : ℚ) / 4096)	1	0	3
segment	3365	((4533 : ℚ) / 4096)	((2267 : ℚ) / 2048)	1	0	3
segment	3366	((2267 : ℚ) / 2048)	((4535 : ℚ) / 4096)	1	0	3
segment	3367	((4535 : ℚ) / 4096)	((567 : ℚ) / 512)	1	0	3
segment	3368	((567 : ℚ) / 512)	((4537 : ℚ) / 4096)	1	0	3
segment	3369	((4537 : ℚ) / 4096)	((2269 : ℚ) / 2048)	1	0	3
segment	3370	((2269 : ℚ) / 2048)	((4539 : ℚ) / 4096)	1	0	3
segment	3371	((4539 : ℚ) / 4096)	((1135 : ℚ) / 1024)	1	0	3
segment	3372	((1135 : ℚ) / 1024)	((4541 : ℚ) / 4096)	1	0	3
segment	3373	((4541 : ℚ) / 4096)	((2271 : ℚ) / 2048)	1	0	3
segment	3374	((2271 : ℚ) / 2048)	((4543 : ℚ) / 4096)	1	0	3
segment	3375	((4543 : ℚ) / 4096)	((71 : ℚ) / 64)	1	0	3
segment	3376	((71 : ℚ) / 64)	((4545 : ℚ) / 4096)	1	0	3
segment	3377	((4545 : ℚ) / 4096)	((2273 : ℚ) / 2048)	1	0	3
segment	3378	((2273 : ℚ) / 2048)	((4547 : ℚ) / 4096)	1	0	3
segment	3379	((4547 : ℚ) / 4096)	((1137 : ℚ) / 1024)	1	0	3
segment	3380	((1137 : ℚ) / 1024)	((4549 : ℚ) / 4096)	1	0	3
segment	3381	((4549 : ℚ) / 4096)	((2275 : ℚ) / 2048)	1	0	3
segment	3382	((2275 : ℚ) / 2048)	((4551 : ℚ) / 4096)	1	0	3
segment	3383	((4551 : ℚ) / 4096)	((569 : ℚ) / 512)	1	0	3
segment	3384	((569 : ℚ) / 512)	((4553 : ℚ) / 4096)	1	0	3
segment	3385	((4553 : ℚ) / 4096)	((2277 : ℚ) / 2048)	1	0	3
segment	3386	((2277 : ℚ) / 2048)	((4555 : ℚ) / 4096)	1	0	3
segment	3387	((4555 : ℚ) / 4096)	((1139 : ℚ) / 1024)	1	0	3
segment	3388	((1139 : ℚ) / 1024)	((4557 : ℚ) / 4096)	1	0	3
segment	3389	((4557 : ℚ) / 4096)	((2279 : ℚ) / 2048)	1	0	3
segment	3390	((2279 : ℚ) / 2048)	((4559 : ℚ) / 4096)	1	0	3
segment	3391	((4559 : ℚ) / 4096)	((285 : ℚ) / 256)	1	0	3
segment	3392	((285 : ℚ) / 256)	((4561 : ℚ) / 4096)	1	0	3
segment	3393	((4561 : ℚ) / 4096)	((2281 : ℚ) / 2048)	1	0	3
segment	3394	((2281 : ℚ) / 2048)	((4563 : ℚ) / 4096)	1	0	3
segment	3395	((4563 : ℚ) / 4096)	((1141 : ℚ) / 1024)	1	0	3
segment	3396	((1141 : ℚ) / 1024)	((4565 : ℚ) / 4096)	1	0	3
segment	3397	((4565 : ℚ) / 4096)	((2283 : ℚ) / 2048)	1	0	3
segment	3398	((2283 : ℚ) / 2048)	((4567 : ℚ) / 4096)	1	0	3
segment	3399	((4567 : ℚ) / 4096)	((571 : ℚ) / 512)	1	0	3
segment	3400	((571 : ℚ) / 512)	((4569 : ℚ) / 4096)	1	0	3
segment	3401	((4569 : ℚ) / 4096)	((2285 : ℚ) / 2048)	1	0	3
segment	3402	((2285 : ℚ) / 2048)	((4571 : ℚ) / 4096)	1	0	3
segment	3403	((4571 : ℚ) / 4096)	((1143 : ℚ) / 1024)	1	0	3
segment	3404	((1143 : ℚ) / 1024)	((4573 : ℚ) / 4096)	1	0	3
segment	3405	((4573 : ℚ) / 4096)	((2287 : ℚ) / 2048)	1	0	3
segment	3406	((2287 : ℚ) / 2048)	((4575 : ℚ) / 4096)	1	0	3
segment	3407	((4575 : ℚ) / 4096)	((143 : ℚ) / 128)	1	0	3
segment	3408	((143 : ℚ) / 128)	((4577 : ℚ) / 4096)	1	0	3
segment	3409	((4577 : ℚ) / 4096)	((2289 : ℚ) / 2048)	1	0	3
segment	3410	((2289 : ℚ) / 2048)	((4579 : ℚ) / 4096)	1	0	3
segment	3411	((4579 : ℚ) / 4096)	((1145 : ℚ) / 1024)	1	0	3
segment	3412	((1145 : ℚ) / 1024)	((4581 : ℚ) / 4096)	1	0	3
segment	3413	((4581 : ℚ) / 4096)	((2291 : ℚ) / 2048)	1	0	3
segment	3414	((2291 : ℚ) / 2048)	((4583 : ℚ) / 4096)	1	0	3
segment	3415	((4583 : ℚ) / 4096)	((573 : ℚ) / 512)	1	0	3
segment	3416	((573 : ℚ) / 512)	((4585 : ℚ) / 4096)	1	0	3
segment	3417	((4585 : ℚ) / 4096)	((2293 : ℚ) / 2048)	1	0	3
segment	3418	((2293 : ℚ) / 2048)	((4587 : ℚ) / 4096)	1	0	3
segment	3419	((4587 : ℚ) / 4096)	((1147 : ℚ) / 1024)	1	0	3
segment	3420	((1147 : ℚ) / 1024)	((4589 : ℚ) / 4096)	1	0	3
segment	3421	((4589 : ℚ) / 4096)	((2295 : ℚ) / 2048)	1	0	3
segment	3422	((2295 : ℚ) / 2048)	((4591 : ℚ) / 4096)	1	0	3
segment	3423	((4591 : ℚ) / 4096)	((287 : ℚ) / 256)	1	0	3
segment	3424	((287 : ℚ) / 256)	((4593 : ℚ) / 4096)	1	0	3
segment	3425	((4593 : ℚ) / 4096)	((2297 : ℚ) / 2048)	1	0	3
segment	3426	((2297 : ℚ) / 2048)	((4595 : ℚ) / 4096)	1	27702051635286	3
segment	3427	((4595 : ℚ) / 4096)	((1149 : ℚ) / 1024)	1	55354257695617	3
segment	3428	((1149 : ℚ) / 1024)	((4597 : ℚ) / 4096)	1	66276375733101	3
segment	3429	((4597 : ℚ) / 4096)	((2299 : ℚ) / 2048)	1	64137828235363	3
segment	3430	((2299 : ℚ) / 2048)	((4599 : ℚ) / 4096)	1	46361824907782	3
segment	3431	((4599 : ℚ) / 4096)	((575 : ℚ) / 512)	1	10094919912598	3
segment	3432	((575 : ℚ) / 512)	((4601 : ℚ) / 4096)	1	0	3
segment	3433	((4601 : ℚ) / 4096)	((2301 : ℚ) / 2048)	1	0	3
segment	3434	((2301 : ℚ) / 2048)	((4603 : ℚ) / 4096)	1	0	3
segment	3435	((4603 : ℚ) / 4096)	((1151 : ℚ) / 1024)	1	0	3
segment	3436	((1151 : ℚ) / 1024)	((4605 : ℚ) / 4096)	1	0	3
segment	3437	((4605 : ℚ) / 4096)	((2303 : ℚ) / 2048)	1	0	3
segment	3438	((2303 : ℚ) / 2048)	((4607 : ℚ) / 4096)	1	0	3
segment	3439	((4607 : ℚ) / 4096)	((9 : ℚ) / 8)	1	0	3
segment	3440	((9 : ℚ) / 8)	((4609 : ℚ) / 4096)	1	0	3
segment	3441	((4609 : ℚ) / 4096)	((2305 : ℚ) / 2048)	1	0	3
segment	3442	((2305 : ℚ) / 2048)	((4611 : ℚ) / 4096)	1	0	3
segment	3443	((4611 : ℚ) / 4096)	((1153 : ℚ) / 1024)	1	0	3
segment	3444	((1153 : ℚ) / 1024)	((4613 : ℚ) / 4096)	1	0	3
segment	3445	((4613 : ℚ) / 4096)	((2307 : ℚ) / 2048)	1	0	3
segment	3446	((2307 : ℚ) / 2048)	((4615 : ℚ) / 4096)	1	0	3
segment	3447	((4615 : ℚ) / 4096)	((577 : ℚ) / 512)	1	0	3
segment	3448	((577 : ℚ) / 512)	((4617 : ℚ) / 4096)	1	0	3
segment	3449	((4617 : ℚ) / 4096)	((2309 : ℚ) / 2048)	1	0	3
segment	3450	((2309 : ℚ) / 2048)	((4619 : ℚ) / 4096)	1	0	3
segment	3451	((4619 : ℚ) / 4096)	((1155 : ℚ) / 1024)	1	0	3
segment	3452	((1155 : ℚ) / 1024)	((4621 : ℚ) / 4096)	1	0	3
segment	3453	((4621 : ℚ) / 4096)	((2311 : ℚ) / 2048)	1	380472758395864	3
segment	3454	((2311 : ℚ) / 2048)	((4623 : ℚ) / 4096)	1	1076910292029563	3
segment	3455	((4623 : ℚ) / 4096)	((289 : ℚ) / 256)	1	1888230260395727	3
segment	3456	((289 : ℚ) / 256)	((4625 : ℚ) / 4096)	1	2817619197433616	3
segment	3457	((4625 : ℚ) / 4096)	((2313 : ℚ) / 2048)	1	3866986448205330	3
segment	3458	((2313 : ℚ) / 2048)	((4627 : ℚ) / 4096)	1	2791559796545952	3
segment	3459	((4627 : ℚ) / 4096)	((1157 : ℚ) / 1024)	1	4051265811751045	3
segment	3460	((1157 : ℚ) / 1024)	((4629 : ℚ) / 4096)	1	5428908883820403	3
segment	3461	((4629 : ℚ) / 4096)	((2315 : ℚ) / 2048)	1	6920988100340165	3
segment	3462	((2315 : ℚ) / 2048)	((4631 : ℚ) / 4096)	1	8522487032341156	3
segment	3463	((4631 : ℚ) / 4096)	((579 : ℚ) / 512)	1	10226884395744918	1
segment	3464	((579 : ℚ) / 512)	((2317 : ℚ) / 2048)	2	25937173612579190	3
segment	3465	((2317 : ℚ) / 2048)	((1159 : ℚ) / 1024)	2	33763375702067030	3
segment	3466	((1159 : ℚ) / 1024)	((2319 : ℚ) / 2048)	2	42037106236617022	3
segment	3467	((2319 : ℚ) / 2048)	((145 : ℚ) / 128)	2	50534025586302749	3
segment	3468	((145 : ℚ) / 128)	((2321 : ℚ) / 2048)	2	59005966397263740	3
segment	3469	((2321 : ℚ) / 2048)	((1161 : ℚ) / 1024)	2	67192189202838440	1
segment	3470	((1161 : ℚ) / 1024)	((581 : ℚ) / 512)	3	156506747092219052	3
segment	3471	((581 : ℚ) / 512)	((1163 : ℚ) / 1024)	3	179607263591057661	3
segment	3472	((1163 : ℚ) / 1024)	((291 : ℚ) / 256)	3	192525461951694646	3
segment	3473	((291 : ℚ) / 256)	((1165 : ℚ) / 1024)	3	193746890409940848	3
segment	3474	((1165 : ℚ) / 1024)	((583 : ℚ) / 512)	3	183455587681185945	3
segment	3475	((583 : ℚ) / 512)	((1167 : ℚ) / 1024)	3	163425362747965111	3
segment	3476	((1167 : ℚ) / 1024)	((2335 : ℚ) / 2048)	2	71944608897977183	1
segment	3477	((2335 : ℚ) / 2048)	((73 : ℚ) / 64)	2	64662426590951774	3
segment	3478	((73 : ℚ) / 64)	((2337 : ℚ) / 2048)	2	57086663636463819	3
segment	3479	((2337 : ℚ) / 2048)	((1169 : ℚ) / 1024)	2	49437172437625176	3
segment	3480	((1169 : ℚ) / 1024)	((2339 : ℚ) / 2048)	2	41917089593858494	3
segment	3481	((2339 : ℚ) / 2048)	((585 : ℚ) / 512)	2	34705444085713902	3
segment	3482	((585 : ℚ) / 512)	((2341 : ℚ) / 2048)	2	27951588266249753	3
segment	3483	((2341 : ℚ) / 2048)	((1171 : ℚ) / 1024)	2	21771620880200140	3
segment	3484	((1171 : ℚ) / 1024)	((4685 : ℚ) / 4096)	1	8770843447908585	1
segment	3485	((4685 : ℚ) / 4096)	((2343 : ℚ) / 2048)	1	7475992373965186	3
segment	3486	((2343 : ℚ) / 2048)	((4687 : ℚ) / 4096)	1	6270088711381712	3
segment	3487	((4687 : ℚ) / 4096)	((293 : ℚ) / 256)	1	5154013841008479	3
segment	3488	((293 : ℚ) / 256)	((4689 : ℚ) / 4096)	1	4127712767782602	3
segment	3489	((4689 : ℚ) / 4096)	((2345 : ℚ) / 2048)	1	3190259649039459	3
segment	3490	((2345 : ℚ) / 2048)	((4691 : ℚ) / 4096)	1	3412387600280781	3
segment	3491	((4691 : ℚ) / 4096)	((1173 : ℚ) / 1024)	1	3703634547869866	3
segment	3492	((1173 : ℚ) / 1024)	((4693 : ℚ) / 4096)	1	2999550043727371	3
segment	3493	((4693 : ℚ) / 4096)	((2347 : ℚ) / 2048)	1	2374406271703901	3
segment	3494	((2347 : ℚ) / 2048)	((4695 : ℚ) / 4096)	1	1824226511083161	3
segment	3495	((4695 : ℚ) / 4096)	((587 : ℚ) / 512)	1	1344641681410828	3
segment	3496	((587 : ℚ) / 512)	((4697 : ℚ) / 4096)	1	930978011665891	3
segment	3497	((4697 : ℚ) / 4096)	((2349 : ℚ) / 2048)	1	578342414448204	3
segment	3498	((2349 : ℚ) / 2048)	((4699 : ℚ) / 4096)	1	281704382680745	3
segment	3499	((4699 : ℚ) / 4096)	((1175 : ℚ) / 1024)	1	45720359618721	3
segment	3500	((1175 : ℚ) / 1024)	((4701 : ℚ) / 4096)	1	0	3
segment	3501	((4701 : ℚ) / 4096)	((2351 : ℚ) / 2048)	1	0	3
segment	3502	((2351 : ℚ) / 2048)	((4703 : ℚ) / 4096)	1	0	3
segment	3503	((4703 : ℚ) / 4096)	((147 : ℚ) / 128)	1	0	3
segment	3504	((147 : ℚ) / 128)	((4705 : ℚ) / 4096)	1	0	3
segment	3505	((4705 : ℚ) / 4096)	((2353 : ℚ) / 2048)	1	0	3
segment	3506	((2353 : ℚ) / 2048)	((4707 : ℚ) / 4096)	1	0	3
segment	3507	((4707 : ℚ) / 4096)	((1177 : ℚ) / 1024)	1	0	3
segment	3508	((1177 : ℚ) / 1024)	((4709 : ℚ) / 4096)	1	0	3
segment	3509	((4709 : ℚ) / 4096)	((2355 : ℚ) / 2048)	1	0	3
segment	3510	((2355 : ℚ) / 2048)	((4711 : ℚ) / 4096)	1	0	3
segment	3511	((4711 : ℚ) / 4096)	((589 : ℚ) / 512)	1	0	3
segment	3512	((589 : ℚ) / 512)	((4713 : ℚ) / 4096)	1	0	3
segment	3513	((4713 : ℚ) / 4096)	((2357 : ℚ) / 2048)	1	0	3
segment	3514	((2357 : ℚ) / 2048)	((4715 : ℚ) / 4096)	1	0	3
segment	3515	((4715 : ℚ) / 4096)	((1179 : ℚ) / 1024)	1	0	3
segment	3516	((1179 : ℚ) / 1024)	((4717 : ℚ) / 4096)	1	0	3
segment	3517	((4717 : ℚ) / 4096)	((2359 : ℚ) / 2048)	1	0	3
segment	3518	((2359 : ℚ) / 2048)	((4719 : ℚ) / 4096)	1	0	3
segment	3519	((4719 : ℚ) / 4096)	((295 : ℚ) / 256)	1	0	3
segment	3520	((295 : ℚ) / 256)	((4721 : ℚ) / 4096)	1	0	3
segment	3521	((4721 : ℚ) / 4096)	((2361 : ℚ) / 2048)	1	0	3
segment	3522	((2361 : ℚ) / 2048)	((4723 : ℚ) / 4096)	1	0	3
segment	3523	((4723 : ℚ) / 4096)	((1181 : ℚ) / 1024)	1	0	3
segment	3524	((1181 : ℚ) / 1024)	((4725 : ℚ) / 4096)	1	0	3
segment	3525	((4725 : ℚ) / 4096)	((2363 : ℚ) / 2048)	1	0	3
segment	3526	((2363 : ℚ) / 2048)	((4727 : ℚ) / 4096)	1	0	3
segment	3527	((4727 : ℚ) / 4096)	((591 : ℚ) / 512)	1	0	3
segment	3528	((591 : ℚ) / 512)	((4729 : ℚ) / 4096)	1	0	3
segment	3529	((4729 : ℚ) / 4096)	((2365 : ℚ) / 2048)	1	0	3
segment	3530	((2365 : ℚ) / 2048)	((4731 : ℚ) / 4096)	1	0	3
segment	3531	((4731 : ℚ) / 4096)	((1183 : ℚ) / 1024)	1	0	3
segment	3532	((1183 : ℚ) / 1024)	((4733 : ℚ) / 4096)	1	0	3
segment	3533	((4733 : ℚ) / 4096)	((2367 : ℚ) / 2048)	1	0	3
segment	3534	((2367 : ℚ) / 2048)	((4735 : ℚ) / 4096)	1	0	3
segment	3535	((4735 : ℚ) / 4096)	((37 : ℚ) / 32)	1	0	3
segment	3536	((37 : ℚ) / 32)	((4737 : ℚ) / 4096)	1	0	3
segment	3537	((4737 : ℚ) / 4096)	((2369 : ℚ) / 2048)	1	0	3
segment	3538	((2369 : ℚ) / 2048)	((4739 : ℚ) / 4096)	1	0	3
segment	3539	((4739 : ℚ) / 4096)	((1185 : ℚ) / 1024)	1	0	3
segment	3540	((1185 : ℚ) / 1024)	((4741 : ℚ) / 4096)	1	0	3
segment	3541	((4741 : ℚ) / 4096)	((2371 : ℚ) / 2048)	1	0	3
segment	3542	((2371 : ℚ) / 2048)	((4743 : ℚ) / 4096)	1	0	3
segment	3543	((4743 : ℚ) / 4096)	((593 : ℚ) / 512)	1	0	3
segment	3544	((593 : ℚ) / 512)	((4745 : ℚ) / 4096)	1	0	3
segment	3545	((4745 : ℚ) / 4096)	((2373 : ℚ) / 2048)	1	0	3
segment	3546	((2373 : ℚ) / 2048)	((4747 : ℚ) / 4096)	1	0	3
segment	3547	((4747 : ℚ) / 4096)	((1187 : ℚ) / 1024)	1	0	3
segment	3548	((1187 : ℚ) / 1024)	((4749 : ℚ) / 4096)	1	0	3
segment	3549	((4749 : ℚ) / 4096)	((2375 : ℚ) / 2048)	1	0	3
segment	3550	((2375 : ℚ) / 2048)	((4751 : ℚ) / 4096)	1	0	3
segment	3551	((4751 : ℚ) / 4096)	((297 : ℚ) / 256)	1	0	3
segment	3552	((297 : ℚ) / 256)	((4753 : ℚ) / 4096)	1	0	3
segment	3553	((4753 : ℚ) / 4096)	((2377 : ℚ) / 2048)	1	0	3
segment	3554	((2377 : ℚ) / 2048)	((4755 : ℚ) / 4096)	1	0	3
segment	3555	((4755 : ℚ) / 4096)	((1189 : ℚ) / 1024)	1	0	3
segment	3556	((1189 : ℚ) / 1024)	((4757 : ℚ) / 4096)	1	0	3
segment	3557	((4757 : ℚ) / 4096)	((2379 : ℚ) / 2048)	1	0	3
segment	3558	((2379 : ℚ) / 2048)	((4759 : ℚ) / 4096)	1	0	3
segment	3559	((4759 : ℚ) / 4096)	((595 : ℚ) / 512)	1	0	3
segment	3560	((595 : ℚ) / 512)	((4761 : ℚ) / 4096)	1	0	3
segment	3561	((4761 : ℚ) / 4096)	((2381 : ℚ) / 2048)	1	0	3
segment	3562	((2381 : ℚ) / 2048)	((4763 : ℚ) / 4096)	1	0	3
segment	3563	((4763 : ℚ) / 4096)	((1191 : ℚ) / 1024)	1	0	3
segment	3564	((1191 : ℚ) / 1024)	((4765 : ℚ) / 4096)	1	0	3
segment	3565	((4765 : ℚ) / 4096)	((2383 : ℚ) / 2048)	1	0	3
segment	3566	((2383 : ℚ) / 2048)	((4767 : ℚ) / 4096)	1	0	3
segment	3567	((4767 : ℚ) / 4096)	((149 : ℚ) / 128)	1	0	3
segment	3568	((149 : ℚ) / 128)	((4769 : ℚ) / 4096)	1	0	3
segment	3569	((4769 : ℚ) / 4096)	((2385 : ℚ) / 2048)	1	0	3
segment	3570	((2385 : ℚ) / 2048)	((4771 : ℚ) / 4096)	1	0	3
segment	3571	((4771 : ℚ) / 4096)	((1193 : ℚ) / 1024)	1	0	3
segment	3572	((1193 : ℚ) / 1024)	((4773 : ℚ) / 4096)	1	0	3
segment	3573	((4773 : ℚ) / 4096)	((2387 : ℚ) / 2048)	1	0	3
segment	3574	((2387 : ℚ) / 2048)	((4775 : ℚ) / 4096)	1	0	3
segment	3575	((4775 : ℚ) / 4096)	((597 : ℚ) / 512)	1	0	3
segment	3576	((597 : ℚ) / 512)	((4777 : ℚ) / 4096)	1	0	3
segment	3577	((4777 : ℚ) / 4096)	((2389 : ℚ) / 2048)	1	0	3
segment	3578	((2389 : ℚ) / 2048)	((4779 : ℚ) / 4096)	1	0	3
segment	3579	((4779 : ℚ) / 4096)	((1195 : ℚ) / 1024)	1	0	3
segment	3580	((1195 : ℚ) / 1024)	((4781 : ℚ) / 4096)	1	0	3
segment	3581	((4781 : ℚ) / 4096)	((2391 : ℚ) / 2048)	1	0	3
segment	3582	((2391 : ℚ) / 2048)	((4783 : ℚ) / 4096)	1	0	3
segment	3583	((4783 : ℚ) / 4096)	((299 : ℚ) / 256)	1	0	3
segment	3584	((299 : ℚ) / 256)	((4785 : ℚ) / 4096)	1	0	3
segment	3585	((4785 : ℚ) / 4096)	((2393 : ℚ) / 2048)	1	0	3
segment	3586	((2393 : ℚ) / 2048)	((4787 : ℚ) / 4096)	1	0	3
segment	3587	((4787 : ℚ) / 4096)	((1197 : ℚ) / 1024)	1	0	3
segment	3588	((1197 : ℚ) / 1024)	((4789 : ℚ) / 4096)	1	0	3
segment	3589	((4789 : ℚ) / 4096)	((2395 : ℚ) / 2048)	1	0	3
segment	3590	((2395 : ℚ) / 2048)	((4791 : ℚ) / 4096)	1	0	3
segment	3591	((4791 : ℚ) / 4096)	((599 : ℚ) / 512)	1	0	3
segment	3592	((599 : ℚ) / 512)	((4793 : ℚ) / 4096)	1	0	3
segment	3593	((4793 : ℚ) / 4096)	((2397 : ℚ) / 2048)	1	0	3
segment	3594	((2397 : ℚ) / 2048)	((4795 : ℚ) / 4096)	1	0	3
segment	3595	((4795 : ℚ) / 4096)	((1199 : ℚ) / 1024)	1	0	3
segment	3596	((1199 : ℚ) / 1024)	((4797 : ℚ) / 4096)	1	0	3
segment	3597	((4797 : ℚ) / 4096)	((2399 : ℚ) / 2048)	1	0	3
segment	3598	((2399 : ℚ) / 2048)	((4799 : ℚ) / 4096)	1	0	3
segment	3599	((4799 : ℚ) / 4096)	((75 : ℚ) / 64)	1	0	3
segment	3600	((75 : ℚ) / 64)	((4801 : ℚ) / 4096)	1	0	3
segment	3601	((4801 : ℚ) / 4096)	((2401 : ℚ) / 2048)	1	0	3
segment	3602	((2401 : ℚ) / 2048)	((4803 : ℚ) / 4096)	1	0	3
segment	3603	((4803 : ℚ) / 4096)	((1201 : ℚ) / 1024)	1	0	3
segment	3604	((1201 : ℚ) / 1024)	((4805 : ℚ) / 4096)	1	0	3
segment	3605	((4805 : ℚ) / 4096)	((2403 : ℚ) / 2048)	1	0	3
segment	3606	((2403 : ℚ) / 2048)	((4807 : ℚ) / 4096)	1	0	3
segment	3607	((4807 : ℚ) / 4096)	((601 : ℚ) / 512)	1	0	3
segment	3608	((601 : ℚ) / 512)	((4809 : ℚ) / 4096)	1	0	3
segment	3609	((4809 : ℚ) / 4096)	((2405 : ℚ) / 2048)	1	0	3
segment	3610	((2405 : ℚ) / 2048)	((4811 : ℚ) / 4096)	1	0	3
segment	3611	((4811 : ℚ) / 4096)	((1203 : ℚ) / 1024)	1	0	3
segment	3612	((1203 : ℚ) / 1024)	((4813 : ℚ) / 4096)	1	0	3
segment	3613	((4813 : ℚ) / 4096)	((2407 : ℚ) / 2048)	1	0	3
segment	3614	((2407 : ℚ) / 2048)	((4815 : ℚ) / 4096)	1	0	3
segment	3615	((4815 : ℚ) / 4096)	((301 : ℚ) / 256)	1	0	3
segment	3616	((301 : ℚ) / 256)	((4817 : ℚ) / 4096)	1	0	3
segment	3617	((4817 : ℚ) / 4096)	((2409 : ℚ) / 2048)	1	0	3
segment	3618	((2409 : ℚ) / 2048)	((4819 : ℚ) / 4096)	1	0	3
segment	3619	((4819 : ℚ) / 4096)	((1205 : ℚ) / 1024)	1	0	3
segment	3620	((1205 : ℚ) / 1024)	((4821 : ℚ) / 4096)	1	0	3
segment	3621	((4821 : ℚ) / 4096)	((2411 : ℚ) / 2048)	1	0	3
segment	3622	((2411 : ℚ) / 2048)	((4823 : ℚ) / 4096)	1	0	3
segment	3623	((4823 : ℚ) / 4096)	((603 : ℚ) / 512)	1	0	3
segment	3624	((603 : ℚ) / 512)	((4825 : ℚ) / 4096)	1	0	3
segment	3625	((4825 : ℚ) / 4096)	((2413 : ℚ) / 2048)	1	0	3
segment	3626	((2413 : ℚ) / 2048)	((4827 : ℚ) / 4096)	1	0	3
segment	3627	((4827 : ℚ) / 4096)	((1207 : ℚ) / 1024)	1	0	3
segment	3628	((1207 : ℚ) / 1024)	((4829 : ℚ) / 4096)	1	0	3
segment	3629	((4829 : ℚ) / 4096)	((2415 : ℚ) / 2048)	1	0	3
segment	3630	((2415 : ℚ) / 2048)	((4831 : ℚ) / 4096)	1	0	3
segment	3631	((4831 : ℚ) / 4096)	((151 : ℚ) / 128)	1	0	3
segment	3632	((151 : ℚ) / 128)	((4833 : ℚ) / 4096)	1	0	3
segment	3633	((4833 : ℚ) / 4096)	((2417 : ℚ) / 2048)	1	0	3
segment	3634	((2417 : ℚ) / 2048)	((4835 : ℚ) / 4096)	1	0	3
segment	3635	((4835 : ℚ) / 4096)	((1209 : ℚ) / 1024)	1	0	3
segment	3636	((1209 : ℚ) / 1024)	((4837 : ℚ) / 4096)	1	0	3
segment	3637	((4837 : ℚ) / 4096)	((2419 : ℚ) / 2048)	1	0	3
segment	3638	((2419 : ℚ) / 2048)	((4839 : ℚ) / 4096)	1	0	3
segment	3639	((4839 : ℚ) / 4096)	((605 : ℚ) / 512)	1	0	3
segment	3640	((605 : ℚ) / 512)	((4841 : ℚ) / 4096)	1	0	3
segment	3641	((4841 : ℚ) / 4096)	((2421 : ℚ) / 2048)	1	0	3
segment	3642	((2421 : ℚ) / 2048)	((4843 : ℚ) / 4096)	1	0	3
segment	3643	((4843 : ℚ) / 4096)	((1211 : ℚ) / 1024)	1	0	3
segment	3644	((1211 : ℚ) / 1024)	((4845 : ℚ) / 4096)	1	0	3
segment	3645	((4845 : ℚ) / 4096)	((2423 : ℚ) / 2048)	1	0	3
segment	3646	((2423 : ℚ) / 2048)	((4847 : ℚ) / 4096)	1	0	3
segment	3647	((4847 : ℚ) / 4096)	((303 : ℚ) / 256)	1	0	3
segment	3648	((303 : ℚ) / 256)	((4849 : ℚ) / 4096)	1	0	3
segment	3649	((4849 : ℚ) / 4096)	((2425 : ℚ) / 2048)	1	0	3
segment	3650	((2425 : ℚ) / 2048)	((4851 : ℚ) / 4096)	1	0	3
segment	3651	((4851 : ℚ) / 4096)	((1213 : ℚ) / 1024)	1	0	3
segment	3652	((1213 : ℚ) / 1024)	((4853 : ℚ) / 4096)	1	0	3
segment	3653	((4853 : ℚ) / 4096)	((2427 : ℚ) / 2048)	1	0	3
segment	3654	((2427 : ℚ) / 2048)	((4855 : ℚ) / 4096)	1	0	3
segment	3655	((4855 : ℚ) / 4096)	((607 : ℚ) / 512)	1	0	3
segment	3656	((607 : ℚ) / 512)	((4857 : ℚ) / 4096)	1	0	3
segment	3657	((4857 : ℚ) / 4096)	((2429 : ℚ) / 2048)	1	0	3
segment	3658	((2429 : ℚ) / 2048)	((4859 : ℚ) / 4096)	1	0	3
segment	3659	((4859 : ℚ) / 4096)	((1215 : ℚ) / 1024)	1	0	3
segment	3660	((1215 : ℚ) / 1024)	((4861 : ℚ) / 4096)	1	0	3
segment	3661	((4861 : ℚ) / 4096)	((2431 : ℚ) / 2048)	1	0	3
segment	3662	((2431 : ℚ) / 2048)	((4863 : ℚ) / 4096)	1	0	3
segment	3663	((4863 : ℚ) / 4096)	((19 : ℚ) / 16)	1	0	3
segment	3664	((19 : ℚ) / 16)	((4865 : ℚ) / 4096)	1	0	3
segment	3665	((4865 : ℚ) / 4096)	((2433 : ℚ) / 2048)	1	0	3
segment	3666	((2433 : ℚ) / 2048)	((4867 : ℚ) / 4096)	1	0	3
segment	3667	((4867 : ℚ) / 4096)	((1217 : ℚ) / 1024)	1	0	3
segment	3668	((1217 : ℚ) / 1024)	((4869 : ℚ) / 4096)	1	0	3
segment	3669	((4869 : ℚ) / 4096)	((2435 : ℚ) / 2048)	1	0	3
segment	3670	((2435 : ℚ) / 2048)	((4871 : ℚ) / 4096)	1	0	3
segment	3671	((4871 : ℚ) / 4096)	((609 : ℚ) / 512)	1	0	3
segment	3672	((609 : ℚ) / 512)	((4873 : ℚ) / 4096)	1	0	3
segment	3673	((4873 : ℚ) / 4096)	((2437 : ℚ) / 2048)	1	0	3
segment	3674	((2437 : ℚ) / 2048)	((4875 : ℚ) / 4096)	1	0	3
segment	3675	((4875 : ℚ) / 4096)	((1219 : ℚ) / 1024)	1	0	3
segment	3676	((1219 : ℚ) / 1024)	((4877 : ℚ) / 4096)	1	0	3
segment	3677	((4877 : ℚ) / 4096)	((2439 : ℚ) / 2048)	1	0	3
segment	3678	((2439 : ℚ) / 2048)	((4879 : ℚ) / 4096)	1	0	3
segment	3679	((4879 : ℚ) / 4096)	((305 : ℚ) / 256)	1	0	3
segment	3680	((305 : ℚ) / 256)	((4881 : ℚ) / 4096)	1	0	3
segment	3681	((4881 : ℚ) / 4096)	((2441 : ℚ) / 2048)	1	0	3
segment	3682	((2441 : ℚ) / 2048)	((4883 : ℚ) / 4096)	1	0	3
segment	3683	((4883 : ℚ) / 4096)	((1221 : ℚ) / 1024)	1	0	3
segment	3684	((1221 : ℚ) / 1024)	((4885 : ℚ) / 4096)	1	0	3
segment	3685	((4885 : ℚ) / 4096)	((2443 : ℚ) / 2048)	1	0	3
segment	3686	((2443 : ℚ) / 2048)	((4887 : ℚ) / 4096)	1	0	3
segment	3687	((4887 : ℚ) / 4096)	((611 : ℚ) / 512)	1	0	3
segment	3688	((611 : ℚ) / 512)	((4889 : ℚ) / 4096)	1	0	3
segment	3689	((4889 : ℚ) / 4096)	((2445 : ℚ) / 2048)	1	0	3
segment	3690	((2445 : ℚ) / 2048)	((4891 : ℚ) / 4096)	1	0	3
segment	3691	((4891 : ℚ) / 4096)	((1223 : ℚ) / 1024)	1	0	3
segment	3692	((1223 : ℚ) / 1024)	((4893 : ℚ) / 4096)	1	0	3
segment	3693	((4893 : ℚ) / 4096)	((2447 : ℚ) / 2048)	1	0	3
segment	3694	((2447 : ℚ) / 2048)	((4895 : ℚ) / 4096)	1	0	3
segment	3695	((4895 : ℚ) / 4096)	((153 : ℚ) / 128)	1	0	3
segment	3696	((153 : ℚ) / 128)	((4897 : ℚ) / 4096)	1	0	3
segment	3697	((4897 : ℚ) / 4096)	((2449 : ℚ) / 2048)	1	0	3
segment	3698	((2449 : ℚ) / 2048)	((4899 : ℚ) / 4096)	1	0	3
segment	3699	((4899 : ℚ) / 4096)	((1225 : ℚ) / 1024)	1	0	3
segment	3700	((1225 : ℚ) / 1024)	((4901 : ℚ) / 4096)	1	0	3
segment	3701	((4901 : ℚ) / 4096)	((2451 : ℚ) / 2048)	1	0	3
segment	3702	((2451 : ℚ) / 2048)	((4903 : ℚ) / 4096)	1	0	3
segment	3703	((4903 : ℚ) / 4096)	((613 : ℚ) / 512)	1	0	3
segment	3704	((613 : ℚ) / 512)	((4905 : ℚ) / 4096)	1	0	3
segment	3705	((4905 : ℚ) / 4096)	((2453 : ℚ) / 2048)	1	0	3
segment	3706	((2453 : ℚ) / 2048)	((4907 : ℚ) / 4096)	1	0	3
segment	3707	((4907 : ℚ) / 4096)	((1227 : ℚ) / 1024)	1	0	3
segment	3708	((1227 : ℚ) / 1024)	((4909 : ℚ) / 4096)	1	0	3
segment	3709	((4909 : ℚ) / 4096)	((2455 : ℚ) / 2048)	1	0	3
segment	3710	((2455 : ℚ) / 2048)	((4911 : ℚ) / 4096)	1	0	3
segment	3711	((4911 : ℚ) / 4096)	((307 : ℚ) / 256)	1	0	3
segment	3712	((307 : ℚ) / 256)	((4913 : ℚ) / 4096)	1	0	3
segment	3713	((4913 : ℚ) / 4096)	((2457 : ℚ) / 2048)	1	0	3
segment	3714	((2457 : ℚ) / 2048)	((4915 : ℚ) / 4096)	1	0	3
segment	3715	((4915 : ℚ) / 4096)	((1229 : ℚ) / 1024)	1	0	3
segment	3716	((1229 : ℚ) / 1024)	((4917 : ℚ) / 4096)	1	0	3
segment	3717	((4917 : ℚ) / 4096)	((2459 : ℚ) / 2048)	1	0	3
segment	3718	((2459 : ℚ) / 2048)	((4919 : ℚ) / 4096)	1	0	3
segment	3719	((4919 : ℚ) / 4096)	((615 : ℚ) / 512)	1	0	3
segment	3720	((615 : ℚ) / 512)	((4921 : ℚ) / 4096)	1	0	3
segment	3721	((4921 : ℚ) / 4096)	((2461 : ℚ) / 2048)	1	0	3
segment	3722	((2461 : ℚ) / 2048)	((4923 : ℚ) / 4096)	1	0	3
segment	3723	((4923 : ℚ) / 4096)	((1231 : ℚ) / 1024)	1	0	3
segment	3724	((1231 : ℚ) / 1024)	((4925 : ℚ) / 4096)	1	0	3
segment	3725	((4925 : ℚ) / 4096)	((2463 : ℚ) / 2048)	1	0	3
segment	3726	((2463 : ℚ) / 2048)	((4927 : ℚ) / 4096)	1	0	3
segment	3727	((4927 : ℚ) / 4096)	((77 : ℚ) / 64)	1	0	3
segment	3728	((77 : ℚ) / 64)	((4929 : ℚ) / 4096)	1	0	3
segment	3729	((4929 : ℚ) / 4096)	((2465 : ℚ) / 2048)	1	0	3
segment	3730	((2465 : ℚ) / 2048)	((4931 : ℚ) / 4096)	1	0	3
segment	3731	((4931 : ℚ) / 4096)	((1233 : ℚ) / 1024)	1	0	3
segment	3732	((1233 : ℚ) / 1024)	((4933 : ℚ) / 4096)	1	0	3
segment	3733	((4933 : ℚ) / 4096)	((2467 : ℚ) / 2048)	1	0	3
segment	3734	((2467 : ℚ) / 2048)	((4935 : ℚ) / 4096)	1	0	3
segment	3735	((4935 : ℚ) / 4096)	((617 : ℚ) / 512)	1	0	3
segment	3736	((617 : ℚ) / 512)	((4937 : ℚ) / 4096)	1	0	3
segment	3737	((4937 : ℚ) / 4096)	((2469 : ℚ) / 2048)	1	0	3
segment	3738	((2469 : ℚ) / 2048)	((4939 : ℚ) / 4096)	1	0	3
segment	3739	((4939 : ℚ) / 4096)	((1235 : ℚ) / 1024)	1	0	3
segment	3740	((1235 : ℚ) / 1024)	((4941 : ℚ) / 4096)	1	0	3
segment	3741	((4941 : ℚ) / 4096)	((2471 : ℚ) / 2048)	1	0	3
segment	3742	((2471 : ℚ) / 2048)	((4943 : ℚ) / 4096)	1	0	3
segment	3743	((4943 : ℚ) / 4096)	((309 : ℚ) / 256)	1	0	3
segment	3744	((309 : ℚ) / 256)	((4945 : ℚ) / 4096)	1	0	3
segment	3745	((4945 : ℚ) / 4096)	((2473 : ℚ) / 2048)	1	0	3
segment	3746	((2473 : ℚ) / 2048)	((4947 : ℚ) / 4096)	1	0	3
segment	3747	((4947 : ℚ) / 4096)	((1237 : ℚ) / 1024)	1	0	3
segment	3748	((1237 : ℚ) / 1024)	((4949 : ℚ) / 4096)	1	0	3
segment	3749	((4949 : ℚ) / 4096)	((2475 : ℚ) / 2048)	1	0	3
segment	3750	((2475 : ℚ) / 2048)	((4951 : ℚ) / 4096)	1	0	3
segment	3751	((4951 : ℚ) / 4096)	((619 : ℚ) / 512)	1	0	3
segment	3752	((619 : ℚ) / 512)	((4953 : ℚ) / 4096)	1	0	3
segment	3753	((4953 : ℚ) / 4096)	((2477 : ℚ) / 2048)	1	0	3
segment	3754	((2477 : ℚ) / 2048)	((4955 : ℚ) / 4096)	1	0	3
segment	3755	((4955 : ℚ) / 4096)	((1239 : ℚ) / 1024)	1	0	3
segment	3756	((1239 : ℚ) / 1024)	((4957 : ℚ) / 4096)	1	0	3
segment	3757	((4957 : ℚ) / 4096)	((2479 : ℚ) / 2048)	1	0	3
segment	3758	((2479 : ℚ) / 2048)	((4959 : ℚ) / 4096)	1	0	3
segment	3759	((4959 : ℚ) / 4096)	((155 : ℚ) / 128)	1	0	3
segment	3760	((155 : ℚ) / 128)	((4961 : ℚ) / 4096)	1	0	3
segment	3761	((4961 : ℚ) / 4096)	((2481 : ℚ) / 2048)	1	0	3
segment	3762	((2481 : ℚ) / 2048)	((4963 : ℚ) / 4096)	1	0	3
segment	3763	((4963 : ℚ) / 4096)	((1241 : ℚ) / 1024)	1	0	3
segment	3764	((1241 : ℚ) / 1024)	((4965 : ℚ) / 4096)	1	0	3
segment	3765	((4965 : ℚ) / 4096)	((2483 : ℚ) / 2048)	1	0	3
segment	3766	((2483 : ℚ) / 2048)	((4967 : ℚ) / 4096)	1	0	3
segment	3767	((4967 : ℚ) / 4096)	((621 : ℚ) / 512)	1	0	3
segment	3768	((621 : ℚ) / 512)	((4969 : ℚ) / 4096)	1	0	3
segment	3769	((4969 : ℚ) / 4096)	((2485 : ℚ) / 2048)	1	0	3
segment	3770	((2485 : ℚ) / 2048)	((4971 : ℚ) / 4096)	1	0	3
segment	3771	((4971 : ℚ) / 4096)	((1243 : ℚ) / 1024)	1	0	3
segment	3772	((1243 : ℚ) / 1024)	((4973 : ℚ) / 4096)	1	0	3
segment	3773	((4973 : ℚ) / 4096)	((2487 : ℚ) / 2048)	1	0	3
segment	3774	((2487 : ℚ) / 2048)	((4975 : ℚ) / 4096)	1	0	3
segment	3775	((4975 : ℚ) / 4096)	((311 : ℚ) / 256)	1	0	3
segment	3776	((311 : ℚ) / 256)	((4977 : ℚ) / 4096)	1	0	3
segment	3777	((4977 : ℚ) / 4096)	((2489 : ℚ) / 2048)	1	0	3
segment	3778	((2489 : ℚ) / 2048)	((4979 : ℚ) / 4096)	1	0	3
segment	3779	((4979 : ℚ) / 4096)	((1245 : ℚ) / 1024)	1	0	3
segment	3780	((1245 : ℚ) / 1024)	((4981 : ℚ) / 4096)	1	0	3
segment	3781	((4981 : ℚ) / 4096)	((2491 : ℚ) / 2048)	1	0	3
segment	3782	((2491 : ℚ) / 2048)	((4983 : ℚ) / 4096)	1	0	3
segment	3783	((4983 : ℚ) / 4096)	((623 : ℚ) / 512)	1	0	3
segment	3784	((623 : ℚ) / 512)	((4985 : ℚ) / 4096)	1	0	3
segment	3785	((4985 : ℚ) / 4096)	((2493 : ℚ) / 2048)	1	0	3
segment	3786	((2493 : ℚ) / 2048)	((4987 : ℚ) / 4096)	1	0	3
segment	3787	((4987 : ℚ) / 4096)	((1247 : ℚ) / 1024)	1	0	3
segment	3788	((1247 : ℚ) / 1024)	((4989 : ℚ) / 4096)	1	0	3
segment	3789	((4989 : ℚ) / 4096)	((2495 : ℚ) / 2048)	1	0	3
segment	3790	((2495 : ℚ) / 2048)	((4991 : ℚ) / 4096)	1	0	3
segment	3791	((4991 : ℚ) / 4096)	((39 : ℚ) / 32)	1	0	3
segment	3792	((39 : ℚ) / 32)	((4993 : ℚ) / 4096)	1	0	3
segment	3793	((4993 : ℚ) / 4096)	((2497 : ℚ) / 2048)	1	0	3
segment	3794	((2497 : ℚ) / 2048)	((4995 : ℚ) / 4096)	1	0	3
segment	3795	((4995 : ℚ) / 4096)	((1249 : ℚ) / 1024)	1	0	3
segment	3796	((1249 : ℚ) / 1024)	((4997 : ℚ) / 4096)	1	0	3
segment	3797	((4997 : ℚ) / 4096)	((2499 : ℚ) / 2048)	1	0	3
segment	3798	((2499 : ℚ) / 2048)	((4999 : ℚ) / 4096)	1	0	3
segment	3799	((4999 : ℚ) / 4096)	((625 : ℚ) / 512)	1	0	3
segment	3800	((625 : ℚ) / 512)	((5001 : ℚ) / 4096)	1	0	3
segment	3801	((5001 : ℚ) / 4096)	((2501 : ℚ) / 2048)	1	0	3
segment	3802	((2501 : ℚ) / 2048)	((5003 : ℚ) / 4096)	1	0	3
segment	3803	((5003 : ℚ) / 4096)	((1251 : ℚ) / 1024)	1	0	3
segment	3804	((1251 : ℚ) / 1024)	((5005 : ℚ) / 4096)	1	0	3
segment	3805	((5005 : ℚ) / 4096)	((2503 : ℚ) / 2048)	1	0	3
segment	3806	((2503 : ℚ) / 2048)	((5007 : ℚ) / 4096)	1	0	3
segment	3807	((5007 : ℚ) / 4096)	((313 : ℚ) / 256)	1	0	3
segment	3808	((313 : ℚ) / 256)	((5009 : ℚ) / 4096)	1	0	3
segment	3809	((5009 : ℚ) / 4096)	((2505 : ℚ) / 2048)	1	0	3
segment	3810	((2505 : ℚ) / 2048)	((5011 : ℚ) / 4096)	1	0	3
segment	3811	((5011 : ℚ) / 4096)	((1253 : ℚ) / 1024)	1	0	3
segment	3812	((1253 : ℚ) / 1024)	((5013 : ℚ) / 4096)	1	0	3
segment	3813	((5013 : ℚ) / 4096)	((2507 : ℚ) / 2048)	1	0	3
segment	3814	((2507 : ℚ) / 2048)	((5015 : ℚ) / 4096)	1	0	3
segment	3815	((5015 : ℚ) / 4096)	((627 : ℚ) / 512)	1	0	3
segment	3816	((627 : ℚ) / 512)	((5017 : ℚ) / 4096)	1	0	3
segment	3817	((5017 : ℚ) / 4096)	((2509 : ℚ) / 2048)	1	0	3
segment	3818	((2509 : ℚ) / 2048)	((5019 : ℚ) / 4096)	1	0	3
segment	3819	((5019 : ℚ) / 4096)	((1255 : ℚ) / 1024)	1	0	3
segment	3820	((1255 : ℚ) / 1024)	((5021 : ℚ) / 4096)	1	0	3
segment	3821	((5021 : ℚ) / 4096)	((2511 : ℚ) / 2048)	1	0	3
segment	3822	((2511 : ℚ) / 2048)	((5023 : ℚ) / 4096)	1	0	3
segment	3823	((5023 : ℚ) / 4096)	((157 : ℚ) / 128)	1	0	3
segment	3824	((157 : ℚ) / 128)	((5025 : ℚ) / 4096)	1	0	3
segment	3825	((5025 : ℚ) / 4096)	((2513 : ℚ) / 2048)	1	0	3
segment	3826	((2513 : ℚ) / 2048)	((5027 : ℚ) / 4096)	1	0	3
segment	3827	((5027 : ℚ) / 4096)	((1257 : ℚ) / 1024)	1	0	3
segment	3828	((1257 : ℚ) / 1024)	((5029 : ℚ) / 4096)	1	0	3
segment	3829	((5029 : ℚ) / 4096)	((2515 : ℚ) / 2048)	1	0	3
segment	3830	((2515 : ℚ) / 2048)	((5031 : ℚ) / 4096)	1	0	3
segment	3831	((5031 : ℚ) / 4096)	((629 : ℚ) / 512)	1	0	3
segment	3832	((629 : ℚ) / 512)	((5033 : ℚ) / 4096)	1	0	3
segment	3833	((5033 : ℚ) / 4096)	((2517 : ℚ) / 2048)	1	0	3
segment	3834	((2517 : ℚ) / 2048)	((5035 : ℚ) / 4096)	1	0	3
segment	3835	((5035 : ℚ) / 4096)	((1259 : ℚ) / 1024)	1	0	3
segment	3836	((1259 : ℚ) / 1024)	((5037 : ℚ) / 4096)	1	0	3
segment	3837	((5037 : ℚ) / 4096)	((2519 : ℚ) / 2048)	1	0	3
segment	3838	((2519 : ℚ) / 2048)	((5039 : ℚ) / 4096)	1	0	3
segment	3839	((5039 : ℚ) / 4096)	((315 : ℚ) / 256)	1	0	3
segment	3840	((315 : ℚ) / 256)	((5041 : ℚ) / 4096)	1	0	3
segment	3841	((5041 : ℚ) / 4096)	((2521 : ℚ) / 2048)	1	0	3
segment	3842	((2521 : ℚ) / 2048)	((5043 : ℚ) / 4096)	1	0	3
segment	3843	((5043 : ℚ) / 4096)	((1261 : ℚ) / 1024)	1	0	3
segment	3844	((1261 : ℚ) / 1024)	((5045 : ℚ) / 4096)	1	0	3
segment	3845	((5045 : ℚ) / 4096)	((2523 : ℚ) / 2048)	1	0	3
segment	3846	((2523 : ℚ) / 2048)	((5047 : ℚ) / 4096)	1	0	3
segment	3847	((5047 : ℚ) / 4096)	((631 : ℚ) / 512)	1	0	3
segment	3848	((631 : ℚ) / 512)	((5049 : ℚ) / 4096)	1	0	3
segment	3849	((5049 : ℚ) / 4096)	((2525 : ℚ) / 2048)	1	0	3
segment	3850	((2525 : ℚ) / 2048)	((5051 : ℚ) / 4096)	1	0	3
segment	3851	((5051 : ℚ) / 4096)	((1263 : ℚ) / 1024)	1	0	3
segment	3852	((1263 : ℚ) / 1024)	((5053 : ℚ) / 4096)	1	0	3
segment	3853	((5053 : ℚ) / 4096)	((2527 : ℚ) / 2048)	1	0	3
segment	3854	((2527 : ℚ) / 2048)	((5055 : ℚ) / 4096)	1	0	3
segment	3855	((5055 : ℚ) / 4096)	((79 : ℚ) / 64)	1	0	3
segment	3856	((79 : ℚ) / 64)	((5057 : ℚ) / 4096)	1	0	3
segment	3857	((5057 : ℚ) / 4096)	((2529 : ℚ) / 2048)	1	0	3
segment	3858	((2529 : ℚ) / 2048)	((5059 : ℚ) / 4096)	1	0	3
segment	3859	((5059 : ℚ) / 4096)	((1265 : ℚ) / 1024)	1	0	3
segment	3860	((1265 : ℚ) / 1024)	((5061 : ℚ) / 4096)	1	0	3
segment	3861	((5061 : ℚ) / 4096)	((2531 : ℚ) / 2048)	1	0	3
segment	3862	((2531 : ℚ) / 2048)	((5063 : ℚ) / 4096)	1	0	3
segment	3863	((5063 : ℚ) / 4096)	((633 : ℚ) / 512)	1	0	3
segment	3864	((633 : ℚ) / 512)	((5065 : ℚ) / 4096)	1	0	3
segment	3865	((5065 : ℚ) / 4096)	((2533 : ℚ) / 2048)	1	0	3
segment	3866	((2533 : ℚ) / 2048)	((5067 : ℚ) / 4096)	1	0	3
segment	3867	((5067 : ℚ) / 4096)	((1267 : ℚ) / 1024)	1	0	3
segment	3868	((1267 : ℚ) / 1024)	((5069 : ℚ) / 4096)	1	0	3
segment	3869	((5069 : ℚ) / 4096)	((2535 : ℚ) / 2048)	1	0	3
segment	3870	((2535 : ℚ) / 2048)	((5071 : ℚ) / 4096)	1	0	3
segment	3871	((5071 : ℚ) / 4096)	((317 : ℚ) / 256)	1	0	3
segment	3872	((317 : ℚ) / 256)	((5073 : ℚ) / 4096)	1	0	3
segment	3873	((5073 : ℚ) / 4096)	((2537 : ℚ) / 2048)	1	0	3
segment	3874	((2537 : ℚ) / 2048)	((5075 : ℚ) / 4096)	1	0	3
segment	3875	((5075 : ℚ) / 4096)	((1269 : ℚ) / 1024)	1	0	3
segment	3876	((1269 : ℚ) / 1024)	((5077 : ℚ) / 4096)	1	0	3
segment	3877	((5077 : ℚ) / 4096)	((2539 : ℚ) / 2048)	1	0	3
segment	3878	((2539 : ℚ) / 2048)	((5079 : ℚ) / 4096)	1	0	3
segment	3879	((5079 : ℚ) / 4096)	((635 : ℚ) / 512)	1	0	3
segment	3880	((635 : ℚ) / 512)	((5081 : ℚ) / 4096)	1	0	3
segment	3881	((5081 : ℚ) / 4096)	((2541 : ℚ) / 2048)	1	0	3
segment	3882	((2541 : ℚ) / 2048)	((5083 : ℚ) / 4096)	1	0	3
segment	3883	((5083 : ℚ) / 4096)	((1271 : ℚ) / 1024)	1	0	3
segment	3884	((1271 : ℚ) / 1024)	((5085 : ℚ) / 4096)	1	0	3
segment	3885	((5085 : ℚ) / 4096)	((2543 : ℚ) / 2048)	1	0	3
segment	3886	((2543 : ℚ) / 2048)	((5087 : ℚ) / 4096)	1	0	3
segment	3887	((5087 : ℚ) / 4096)	((159 : ℚ) / 128)	1	0	3
segment	3888	((159 : ℚ) / 128)	((5089 : ℚ) / 4096)	1	0	3
segment	3889	((5089 : ℚ) / 4096)	((2545 : ℚ) / 2048)	1	0	3
segment	3890	((2545 : ℚ) / 2048)	((5091 : ℚ) / 4096)	1	0	3
segment	3891	((5091 : ℚ) / 4096)	((1273 : ℚ) / 1024)	1	0	3
segment	3892	((1273 : ℚ) / 1024)	((5093 : ℚ) / 4096)	1	0	3
segment	3893	((5093 : ℚ) / 4096)	((2547 : ℚ) / 2048)	1	0	3
segment	3894	((2547 : ℚ) / 2048)	((5095 : ℚ) / 4096)	1	0	3
segment	3895	((5095 : ℚ) / 4096)	((637 : ℚ) / 512)	1	0	3
segment	3896	((637 : ℚ) / 512)	((5097 : ℚ) / 4096)	1	0	3
segment	3897	((5097 : ℚ) / 4096)	((2549 : ℚ) / 2048)	1	0	3
segment	3898	((2549 : ℚ) / 2048)	((5099 : ℚ) / 4096)	1	0	3
segment	3899	((5099 : ℚ) / 4096)	((1275 : ℚ) / 1024)	1	0	3
segment	3900	((1275 : ℚ) / 1024)	((5101 : ℚ) / 4096)	1	0	3
segment	3901	((5101 : ℚ) / 4096)	((2551 : ℚ) / 2048)	1	0	3
segment	3902	((2551 : ℚ) / 2048)	((5103 : ℚ) / 4096)	1	0	3
segment	3903	((5103 : ℚ) / 4096)	((319 : ℚ) / 256)	1	0	3
segment	3904	((319 : ℚ) / 256)	((5105 : ℚ) / 4096)	1	0	3
segment	3905	((5105 : ℚ) / 4096)	((2553 : ℚ) / 2048)	1	0	3
segment	3906	((2553 : ℚ) / 2048)	((5107 : ℚ) / 4096)	1	0	3
segment	3907	((5107 : ℚ) / 4096)	((1277 : ℚ) / 1024)	1	0	3
segment	3908	((1277 : ℚ) / 1024)	((5109 : ℚ) / 4096)	1	0	3
segment	3909	((5109 : ℚ) / 4096)	((2555 : ℚ) / 2048)	1	0	3
segment	3910	((2555 : ℚ) / 2048)	((5111 : ℚ) / 4096)	1	0	3
segment	3911	((5111 : ℚ) / 4096)	((639 : ℚ) / 512)	1	0	3
segment	3912	((639 : ℚ) / 512)	((5113 : ℚ) / 4096)	1	0	3
segment	3913	((5113 : ℚ) / 4096)	((2557 : ℚ) / 2048)	1	0	3
segment	3914	((2557 : ℚ) / 2048)	((5115 : ℚ) / 4096)	1	0	3
segment	3915	((5115 : ℚ) / 4096)	((1279 : ℚ) / 1024)	1	0	3
segment	3916	((1279 : ℚ) / 1024)	((5117 : ℚ) / 4096)	1	0	3
segment	3917	((5117 : ℚ) / 4096)	((2559 : ℚ) / 2048)	1	0	3
segment	3918	((2559 : ℚ) / 2048)	((5119 : ℚ) / 4096)	1	0	3
segment	3919	((5119 : ℚ) / 4096)	((5 : ℚ) / 4)	1	0	3
segment	3920	((5 : ℚ) / 4)	((5121 : ℚ) / 4096)	1	0	3
segment	3921	((5121 : ℚ) / 4096)	((2561 : ℚ) / 2048)	1	0	3
segment	3922	((2561 : ℚ) / 2048)	((5123 : ℚ) / 4096)	1	0	3
segment	3923	((5123 : ℚ) / 4096)	((1281 : ℚ) / 1024)	1	0	3
segment	3924	((1281 : ℚ) / 1024)	((5125 : ℚ) / 4096)	1	0	3
segment	3925	((5125 : ℚ) / 4096)	((2563 : ℚ) / 2048)	1	0	3
segment	3926	((2563 : ℚ) / 2048)	((5127 : ℚ) / 4096)	1	0	3
segment	3927	((5127 : ℚ) / 4096)	((641 : ℚ) / 512)	1	0	3
segment	3928	((641 : ℚ) / 512)	((5129 : ℚ) / 4096)	1	0	3
segment	3929	((5129 : ℚ) / 4096)	((2565 : ℚ) / 2048)	1	0	3
segment	3930	((2565 : ℚ) / 2048)	((5131 : ℚ) / 4096)	1	0	3
segment	3931	((5131 : ℚ) / 4096)	((1283 : ℚ) / 1024)	1	0	3
segment	3932	((1283 : ℚ) / 1024)	((5133 : ℚ) / 4096)	1	0	3
segment	3933	((5133 : ℚ) / 4096)	((2567 : ℚ) / 2048)	1	0	3
segment	3934	((2567 : ℚ) / 2048)	((5135 : ℚ) / 4096)	1	0	3
segment	3935	((5135 : ℚ) / 4096)	((321 : ℚ) / 256)	1	0	3
segment	3936	((321 : ℚ) / 256)	((5137 : ℚ) / 4096)	1	0	3
segment	3937	((5137 : ℚ) / 4096)	((2569 : ℚ) / 2048)	1	0	3
segment	3938	((2569 : ℚ) / 2048)	((5139 : ℚ) / 4096)	1	0	3
segment	3939	((5139 : ℚ) / 4096)	((1285 : ℚ) / 1024)	1	0	3
segment	3940	((1285 : ℚ) / 1024)	((5141 : ℚ) / 4096)	1	0	3
segment	3941	((5141 : ℚ) / 4096)	((2571 : ℚ) / 2048)	1	0	3
segment	3942	((2571 : ℚ) / 2048)	((5143 : ℚ) / 4096)	1	0	3
segment	3943	((5143 : ℚ) / 4096)	((643 : ℚ) / 512)	1	0	3
segment	3944	((643 : ℚ) / 512)	((5145 : ℚ) / 4096)	1	0	3
segment	3945	((5145 : ℚ) / 4096)	((2573 : ℚ) / 2048)	1	0	3
segment	3946	((2573 : ℚ) / 2048)	((5147 : ℚ) / 4096)	1	0	3
segment	3947	((5147 : ℚ) / 4096)	((1287 : ℚ) / 1024)	1	0	3
segment	3948	((1287 : ℚ) / 1024)	((5149 : ℚ) / 4096)	1	0	3
segment	3949	((5149 : ℚ) / 4096)	((2575 : ℚ) / 2048)	1	0	3
segment	3950	((2575 : ℚ) / 2048)	((5151 : ℚ) / 4096)	1	0	3
segment	3951	((5151 : ℚ) / 4096)	((161 : ℚ) / 128)	1	0	3
segment	3952	((161 : ℚ) / 128)	((5153 : ℚ) / 4096)	1	0	3
segment	3953	((5153 : ℚ) / 4096)	((2577 : ℚ) / 2048)	1	0	3
segment	3954	((2577 : ℚ) / 2048)	((5155 : ℚ) / 4096)	1	0	3
segment	3955	((5155 : ℚ) / 4096)	((1289 : ℚ) / 1024)	1	0	3
segment	3956	((1289 : ℚ) / 1024)	((5157 : ℚ) / 4096)	1	0	3
segment	3957	((5157 : ℚ) / 4096)	((2579 : ℚ) / 2048)	1	0	3
segment	3958	((2579 : ℚ) / 2048)	((5159 : ℚ) / 4096)	1	0	3
segment	3959	((5159 : ℚ) / 4096)	((645 : ℚ) / 512)	1	0	3
segment	3960	((645 : ℚ) / 512)	((5161 : ℚ) / 4096)	1	0	3
segment	3961	((5161 : ℚ) / 4096)	((2581 : ℚ) / 2048)	1	0	3
segment	3962	((2581 : ℚ) / 2048)	((5163 : ℚ) / 4096)	1	0	3
segment	3963	((5163 : ℚ) / 4096)	((1291 : ℚ) / 1024)	1	0	3
segment	3964	((1291 : ℚ) / 1024)	((5165 : ℚ) / 4096)	1	0	3
segment	3965	((5165 : ℚ) / 4096)	((2583 : ℚ) / 2048)	1	0	3
segment	3966	((2583 : ℚ) / 2048)	((5167 : ℚ) / 4096)	1	0	3
segment	3967	((5167 : ℚ) / 4096)	((323 : ℚ) / 256)	1	0	3
segment	3968	((323 : ℚ) / 256)	((5169 : ℚ) / 4096)	1	0	3
segment	3969	((5169 : ℚ) / 4096)	((2585 : ℚ) / 2048)	1	0	3
segment	3970	((2585 : ℚ) / 2048)	((5171 : ℚ) / 4096)	1	0	3
segment	3971	((5171 : ℚ) / 4096)	((1293 : ℚ) / 1024)	1	0	3
segment	3972	((1293 : ℚ) / 1024)	((5173 : ℚ) / 4096)	1	0	3
segment	3973	((5173 : ℚ) / 4096)	((2587 : ℚ) / 2048)	1	0	3
segment	3974	((2587 : ℚ) / 2048)	((5175 : ℚ) / 4096)	1	0	3
segment	3975	((5175 : ℚ) / 4096)	((647 : ℚ) / 512)	1	0	3
segment	3976	((647 : ℚ) / 512)	((5177 : ℚ) / 4096)	1	0	3
segment	3977	((5177 : ℚ) / 4096)	((2589 : ℚ) / 2048)	1	0	3
segment	3978	((2589 : ℚ) / 2048)	((5179 : ℚ) / 4096)	1	0	3
segment	3979	((5179 : ℚ) / 4096)	((1295 : ℚ) / 1024)	1	0	3
segment	3980	((1295 : ℚ) / 1024)	((5181 : ℚ) / 4096)	1	0	3
segment	3981	((5181 : ℚ) / 4096)	((2591 : ℚ) / 2048)	1	0	3
segment	3982	((2591 : ℚ) / 2048)	((5183 : ℚ) / 4096)	1	0	3
segment	3983	((5183 : ℚ) / 4096)	((81 : ℚ) / 64)	1	0	3
segment	3984	((81 : ℚ) / 64)	((5185 : ℚ) / 4096)	1	0	3
segment	3985	((5185 : ℚ) / 4096)	((2593 : ℚ) / 2048)	1	0	3
segment	3986	((2593 : ℚ) / 2048)	((5187 : ℚ) / 4096)	1	0	3
segment	3987	((5187 : ℚ) / 4096)	((1297 : ℚ) / 1024)	1	0	3
segment	3988	((1297 : ℚ) / 1024)	((5189 : ℚ) / 4096)	1	0	3
segment	3989	((5189 : ℚ) / 4096)	((2595 : ℚ) / 2048)	1	0	3
segment	3990	((2595 : ℚ) / 2048)	((5191 : ℚ) / 4096)	1	0	3
segment	3991	((5191 : ℚ) / 4096)	((649 : ℚ) / 512)	1	0	3
segment	3992	((649 : ℚ) / 512)	((5193 : ℚ) / 4096)	1	0	3
segment	3993	((5193 : ℚ) / 4096)	((2597 : ℚ) / 2048)	1	0	3
segment	3994	((2597 : ℚ) / 2048)	((5195 : ℚ) / 4096)	1	0	3
segment	3995	((5195 : ℚ) / 4096)	((1299 : ℚ) / 1024)	1	0	3
segment	3996	((1299 : ℚ) / 1024)	((5197 : ℚ) / 4096)	1	0	3
segment	3997	((5197 : ℚ) / 4096)	((2599 : ℚ) / 2048)	1	0	3
segment	3998	((2599 : ℚ) / 2048)	((5199 : ℚ) / 4096)	1	0	3
segment	3999	((5199 : ℚ) / 4096)	((325 : ℚ) / 256)	1	0	3
segment	4000	((325 : ℚ) / 256)	((5201 : ℚ) / 4096)	1	0	3
segment	4001	((5201 : ℚ) / 4096)	((2601 : ℚ) / 2048)	1	0	3
segment	4002	((2601 : ℚ) / 2048)	((5203 : ℚ) / 4096)	1	0	3
segment	4003	((5203 : ℚ) / 4096)	((1301 : ℚ) / 1024)	1	0	3
segment	4004	((1301 : ℚ) / 1024)	((5205 : ℚ) / 4096)	1	0	3
segment	4005	((5205 : ℚ) / 4096)	((2603 : ℚ) / 2048)	1	0	3
segment	4006	((2603 : ℚ) / 2048)	((5207 : ℚ) / 4096)	1	0	3
segment	4007	((5207 : ℚ) / 4096)	((651 : ℚ) / 512)	1	0	3
segment	4008	((651 : ℚ) / 512)	((5209 : ℚ) / 4096)	1	0	3
segment	4009	((5209 : ℚ) / 4096)	((2605 : ℚ) / 2048)	1	0	3
segment	4010	((2605 : ℚ) / 2048)	((5211 : ℚ) / 4096)	1	0	3
segment	4011	((5211 : ℚ) / 4096)	((1303 : ℚ) / 1024)	1	0	3
segment	4012	((1303 : ℚ) / 1024)	((5213 : ℚ) / 4096)	1	0	3
segment	4013	((5213 : ℚ) / 4096)	((2607 : ℚ) / 2048)	1	0	3
segment	4014	((2607 : ℚ) / 2048)	((5215 : ℚ) / 4096)	1	0	3
segment	4015	((5215 : ℚ) / 4096)	((163 : ℚ) / 128)	1	0	3
segment	4016	((163 : ℚ) / 128)	((5217 : ℚ) / 4096)	1	0	3
segment	4017	((5217 : ℚ) / 4096)	((2609 : ℚ) / 2048)	1	0	3
segment	4018	((2609 : ℚ) / 2048)	((5219 : ℚ) / 4096)	1	0	3
segment	4019	((5219 : ℚ) / 4096)	((1305 : ℚ) / 1024)	1	0	3
segment	4020	((1305 : ℚ) / 1024)	((5221 : ℚ) / 4096)	1	0	3
segment	4021	((5221 : ℚ) / 4096)	((2611 : ℚ) / 2048)	1	0	3
segment	4022	((2611 : ℚ) / 2048)	((5223 : ℚ) / 4096)	1	0	3
segment	4023	((5223 : ℚ) / 4096)	((653 : ℚ) / 512)	1	0	3
segment	4024	((653 : ℚ) / 512)	((5225 : ℚ) / 4096)	1	0	3
segment	4025	((5225 : ℚ) / 4096)	((2613 : ℚ) / 2048)	1	0	3
segment	4026	((2613 : ℚ) / 2048)	((5227 : ℚ) / 4096)	1	0	3
segment	4027	((5227 : ℚ) / 4096)	((1307 : ℚ) / 1024)	1	0	3
segment	4028	((1307 : ℚ) / 1024)	((5229 : ℚ) / 4096)	1	0	3
segment	4029	((5229 : ℚ) / 4096)	((2615 : ℚ) / 2048)	1	0	3
segment	4030	((2615 : ℚ) / 2048)	((5231 : ℚ) / 4096)	1	0	3
segment	4031	((5231 : ℚ) / 4096)	((327 : ℚ) / 256)	1	0	3
segment	4032	((327 : ℚ) / 256)	((5233 : ℚ) / 4096)	1	0	3
segment	4033	((5233 : ℚ) / 4096)	((2617 : ℚ) / 2048)	1	0	3
segment	4034	((2617 : ℚ) / 2048)	((5235 : ℚ) / 4096)	1	0	3
segment	4035	((5235 : ℚ) / 4096)	((1309 : ℚ) / 1024)	1	0	3
segment	4036	((1309 : ℚ) / 1024)	((5237 : ℚ) / 4096)	1	0	3
segment	4037	((5237 : ℚ) / 4096)	((2619 : ℚ) / 2048)	1	0	3
segment	4038	((2619 : ℚ) / 2048)	((5239 : ℚ) / 4096)	1	0	3
segment	4039	((5239 : ℚ) / 4096)	((655 : ℚ) / 512)	1	0	3
segment	4040	((655 : ℚ) / 512)	((5241 : ℚ) / 4096)	1	0	3
segment	4041	((5241 : ℚ) / 4096)	((2621 : ℚ) / 2048)	1	0	3
segment	4042	((2621 : ℚ) / 2048)	((5243 : ℚ) / 4096)	1	0	3
segment	4043	((5243 : ℚ) / 4096)	((1311 : ℚ) / 1024)	1	0	3
segment	4044	((1311 : ℚ) / 1024)	((5245 : ℚ) / 4096)	1	0	3
segment	4045	((5245 : ℚ) / 4096)	((2623 : ℚ) / 2048)	1	0	3
segment	4046	((2623 : ℚ) / 2048)	((5247 : ℚ) / 4096)	1	0	3
segment	4047	((5247 : ℚ) / 4096)	((41 : ℚ) / 32)	1	0	3
segment	4048	((41 : ℚ) / 32)	((5249 : ℚ) / 4096)	1	0	3
segment	4049	((5249 : ℚ) / 4096)	((2625 : ℚ) / 2048)	1	0	3
segment	4050	((2625 : ℚ) / 2048)	((5251 : ℚ) / 4096)	1	0	3
segment	4051	((5251 : ℚ) / 4096)	((1313 : ℚ) / 1024)	1	0	3
segment	4052	((1313 : ℚ) / 1024)	((5253 : ℚ) / 4096)	1	0	3
segment	4053	((5253 : ℚ) / 4096)	((2627 : ℚ) / 2048)	1	0	3
segment	4054	((2627 : ℚ) / 2048)	((5255 : ℚ) / 4096)	1	0	3
segment	4055	((5255 : ℚ) / 4096)	((657 : ℚ) / 512)	1	0	3
segment	4056	((657 : ℚ) / 512)	((5257 : ℚ) / 4096)	1	0	3
segment	4057	((5257 : ℚ) / 4096)	((2629 : ℚ) / 2048)	1	0	3
segment	4058	((2629 : ℚ) / 2048)	((5259 : ℚ) / 4096)	1	0	3
segment	4059	((5259 : ℚ) / 4096)	((1315 : ℚ) / 1024)	1	0	3
segment	4060	((1315 : ℚ) / 1024)	((5261 : ℚ) / 4096)	1	0	3
segment	4061	((5261 : ℚ) / 4096)	((2631 : ℚ) / 2048)	1	0	3
segment	4062	((2631 : ℚ) / 2048)	((5263 : ℚ) / 4096)	1	0	3
segment	4063	((5263 : ℚ) / 4096)	((329 : ℚ) / 256)	1	0	3
segment	4064	((329 : ℚ) / 256)	((5265 : ℚ) / 4096)	1	0	3
segment	4065	((5265 : ℚ) / 4096)	((2633 : ℚ) / 2048)	1	0	3
segment	4066	((2633 : ℚ) / 2048)	((5267 : ℚ) / 4096)	1	0	3
segment	4067	((5267 : ℚ) / 4096)	((1317 : ℚ) / 1024)	1	0	3
segment	4068	((1317 : ℚ) / 1024)	((5269 : ℚ) / 4096)	1	0	3
segment	4069	((5269 : ℚ) / 4096)	((2635 : ℚ) / 2048)	1	0	3
segment	4070	((2635 : ℚ) / 2048)	((5271 : ℚ) / 4096)	1	0	3
segment	4071	((5271 : ℚ) / 4096)	((659 : ℚ) / 512)	1	0	3
segment	4072	((659 : ℚ) / 512)	((5273 : ℚ) / 4096)	1	0	3
segment	4073	((5273 : ℚ) / 4096)	((2637 : ℚ) / 2048)	1	0	3
segment	4074	((2637 : ℚ) / 2048)	((5275 : ℚ) / 4096)	1	0	3
segment	4075	((5275 : ℚ) / 4096)	((1319 : ℚ) / 1024)	1	0	3
segment	4076	((1319 : ℚ) / 1024)	((5277 : ℚ) / 4096)	1	0	3
segment	4077	((5277 : ℚ) / 4096)	((2639 : ℚ) / 2048)	1	0	3
segment	4078	((2639 : ℚ) / 2048)	((5279 : ℚ) / 4096)	1	0	3
segment	4079	((5279 : ℚ) / 4096)	((165 : ℚ) / 128)	1	0	3
segment	4080	((165 : ℚ) / 128)	((5281 : ℚ) / 4096)	1	0	3
segment	4081	((5281 : ℚ) / 4096)	((2641 : ℚ) / 2048)	1	0	3
segment	4082	((2641 : ℚ) / 2048)	((5283 : ℚ) / 4096)	1	0	3
segment	4083	((5283 : ℚ) / 4096)	((1321 : ℚ) / 1024)	1	0	3
segment	4084	((1321 : ℚ) / 1024)	((5285 : ℚ) / 4096)	1	0	3
segment	4085	((5285 : ℚ) / 4096)	((2643 : ℚ) / 2048)	1	0	3
segment	4086	((2643 : ℚ) / 2048)	((5287 : ℚ) / 4096)	1	0	3
segment	4087	((5287 : ℚ) / 4096)	((661 : ℚ) / 512)	1	0	3
segment	4088	((661 : ℚ) / 512)	((5289 : ℚ) / 4096)	1	0	3
segment	4089	((5289 : ℚ) / 4096)	((2645 : ℚ) / 2048)	1	0	3
segment	4090	((2645 : ℚ) / 2048)	((5291 : ℚ) / 4096)	1	0	3
segment	4091	((5291 : ℚ) / 4096)	((1323 : ℚ) / 1024)	1	0	3
segment	4092	((1323 : ℚ) / 1024)	((5293 : ℚ) / 4096)	1	0	3
segment	4093	((5293 : ℚ) / 4096)	((2647 : ℚ) / 2048)	1	0	3
segment	4094	((2647 : ℚ) / 2048)	((5295 : ℚ) / 4096)	1	0	3
segment	4095	((5295 : ℚ) / 4096)	((331 : ℚ) / 256)	1	0	3
segment	4096	((331 : ℚ) / 256)	((5297 : ℚ) / 4096)	1	0	3
segment	4097	((5297 : ℚ) / 4096)	((2649 : ℚ) / 2048)	1	0	3
segment	4098	((2649 : ℚ) / 2048)	((5299 : ℚ) / 4096)	1	0	3
segment	4099	((5299 : ℚ) / 4096)	((1325 : ℚ) / 1024)	1	0	3
segment	4100	((1325 : ℚ) / 1024)	((5301 : ℚ) / 4096)	1	0	3
segment	4101	((5301 : ℚ) / 4096)	((2651 : ℚ) / 2048)	1	0	3
segment	4102	((2651 : ℚ) / 2048)	((5303 : ℚ) / 4096)	1	0	3
segment	4103	((5303 : ℚ) / 4096)	((663 : ℚ) / 512)	1	0	3
segment	4104	((663 : ℚ) / 512)	((5305 : ℚ) / 4096)	1	0	3
segment	4105	((5305 : ℚ) / 4096)	((2653 : ℚ) / 2048)	1	0	3
segment	4106	((2653 : ℚ) / 2048)	((5307 : ℚ) / 4096)	1	0	3
segment	4107	((5307 : ℚ) / 4096)	((1327 : ℚ) / 1024)	1	0	3
segment	4108	((1327 : ℚ) / 1024)	((5309 : ℚ) / 4096)	1	0	3
segment	4109	((5309 : ℚ) / 4096)	((2655 : ℚ) / 2048)	1	0	3
segment	4110	((2655 : ℚ) / 2048)	((5311 : ℚ) / 4096)	1	0	3
segment	4111	((5311 : ℚ) / 4096)	((83 : ℚ) / 64)	1	0	3
segment	4112	((83 : ℚ) / 64)	((5313 : ℚ) / 4096)	1	0	3
segment	4113	((5313 : ℚ) / 4096)	((2657 : ℚ) / 2048)	1	0	3
segment	4114	((2657 : ℚ) / 2048)	((5315 : ℚ) / 4096)	1	0	3
segment	4115	((5315 : ℚ) / 4096)	((1329 : ℚ) / 1024)	1	0	3
segment	4116	((1329 : ℚ) / 1024)	((5317 : ℚ) / 4096)	1	0	3
segment	4117	((5317 : ℚ) / 4096)	((2659 : ℚ) / 2048)	1	0	3
segment	4118	((2659 : ℚ) / 2048)	((5319 : ℚ) / 4096)	1	0	3
segment	4119	((5319 : ℚ) / 4096)	((665 : ℚ) / 512)	1	0	3
segment	4120	((665 : ℚ) / 512)	((5321 : ℚ) / 4096)	1	0	3
segment	4121	((5321 : ℚ) / 4096)	((2661 : ℚ) / 2048)	1	0	3
segment	4122	((2661 : ℚ) / 2048)	((5323 : ℚ) / 4096)	1	0	3
segment	4123	((5323 : ℚ) / 4096)	((1331 : ℚ) / 1024)	1	0	3
segment	4124	((1331 : ℚ) / 1024)	((5325 : ℚ) / 4096)	1	0	3
segment	4125	((5325 : ℚ) / 4096)	((2663 : ℚ) / 2048)	1	0	3
segment	4126	((2663 : ℚ) / 2048)	((5327 : ℚ) / 4096)	1	0	3
segment	4127	((5327 : ℚ) / 4096)	((333 : ℚ) / 256)	1	0	3
segment	4128	((333 : ℚ) / 256)	((5329 : ℚ) / 4096)	1	0	3
segment	4129	((5329 : ℚ) / 4096)	((2665 : ℚ) / 2048)	1	0	3
segment	4130	((2665 : ℚ) / 2048)	((5331 : ℚ) / 4096)	1	0	3
segment	4131	((5331 : ℚ) / 4096)	((1333 : ℚ) / 1024)	1	0	3
segment	4132	((1333 : ℚ) / 1024)	((5333 : ℚ) / 4096)	1	0	3
segment	4133	((5333 : ℚ) / 4096)	((2667 : ℚ) / 2048)	1	0	3
segment	4134	((2667 : ℚ) / 2048)	((5335 : ℚ) / 4096)	1	0	3
segment	4135	((5335 : ℚ) / 4096)	((667 : ℚ) / 512)	1	0	3
segment	4136	((667 : ℚ) / 512)	((5337 : ℚ) / 4096)	1	0	3
segment	4137	((5337 : ℚ) / 4096)	((2669 : ℚ) / 2048)	1	0	3
segment	4138	((2669 : ℚ) / 2048)	((5339 : ℚ) / 4096)	1	0	3
segment	4139	((5339 : ℚ) / 4096)	((1335 : ℚ) / 1024)	1	0	3
segment	4140	((1335 : ℚ) / 1024)	((5341 : ℚ) / 4096)	1	0	3
segment	4141	((5341 : ℚ) / 4096)	((2671 : ℚ) / 2048)	1	0	3
segment	4142	((2671 : ℚ) / 2048)	((5343 : ℚ) / 4096)	1	0	3
segment	4143	((5343 : ℚ) / 4096)	((167 : ℚ) / 128)	1	0	3
segment	4144	((167 : ℚ) / 128)	((5345 : ℚ) / 4096)	1	0	3
segment	4145	((5345 : ℚ) / 4096)	((2673 : ℚ) / 2048)	1	0	3
segment	4146	((2673 : ℚ) / 2048)	((5347 : ℚ) / 4096)	1	0	3
segment	4147	((5347 : ℚ) / 4096)	((1337 : ℚ) / 1024)	1	0	3
segment	4148	((1337 : ℚ) / 1024)	((5349 : ℚ) / 4096)	1	0	3
segment	4149	((5349 : ℚ) / 4096)	((2675 : ℚ) / 2048)	1	0	3
segment	4150	((2675 : ℚ) / 2048)	((5351 : ℚ) / 4096)	1	0	3
segment	4151	((5351 : ℚ) / 4096)	((669 : ℚ) / 512)	1	0	3
segment	4152	((669 : ℚ) / 512)	((5353 : ℚ) / 4096)	1	0	3
segment	4153	((5353 : ℚ) / 4096)	((2677 : ℚ) / 2048)	1	0	3
segment	4154	((2677 : ℚ) / 2048)	((5355 : ℚ) / 4096)	1	0	3
segment	4155	((5355 : ℚ) / 4096)	((1339 : ℚ) / 1024)	1	0	3
segment	4156	((1339 : ℚ) / 1024)	((5357 : ℚ) / 4096)	1	0	3
segment	4157	((5357 : ℚ) / 4096)	((2679 : ℚ) / 2048)	1	0	3
segment	4158	((2679 : ℚ) / 2048)	((5359 : ℚ) / 4096)	1	0	3
segment	4159	((5359 : ℚ) / 4096)	((335 : ℚ) / 256)	1	0	3
segment	4160	((335 : ℚ) / 256)	((5361 : ℚ) / 4096)	1	0	3
segment	4161	((5361 : ℚ) / 4096)	((2681 : ℚ) / 2048)	1	0	3
segment	4162	((2681 : ℚ) / 2048)	((5363 : ℚ) / 4096)	1	0	3
segment	4163	((5363 : ℚ) / 4096)	((1341 : ℚ) / 1024)	1	0	3
segment	4164	((1341 : ℚ) / 1024)	((5365 : ℚ) / 4096)	1	0	3
segment	4165	((5365 : ℚ) / 4096)	((2683 : ℚ) / 2048)	1	0	3
segment	4166	((2683 : ℚ) / 2048)	((5367 : ℚ) / 4096)	1	0	3
segment	4167	((5367 : ℚ) / 4096)	((671 : ℚ) / 512)	1	0	3
segment	4168	((671 : ℚ) / 512)	((5369 : ℚ) / 4096)	1	0	3
segment	4169	((5369 : ℚ) / 4096)	((2685 : ℚ) / 2048)	1	0	3
segment	4170	((2685 : ℚ) / 2048)	((5371 : ℚ) / 4096)	1	0	3
segment	4171	((5371 : ℚ) / 4096)	((1343 : ℚ) / 1024)	1	0	3
segment	4172	((1343 : ℚ) / 1024)	((5373 : ℚ) / 4096)	1	0	3
segment	4173	((5373 : ℚ) / 4096)	((2687 : ℚ) / 2048)	1	0	3
segment	4174	((2687 : ℚ) / 2048)	((5375 : ℚ) / 4096)	1	0	3
segment	4175	((5375 : ℚ) / 4096)	((21 : ℚ) / 16)	1	0	3
segment	4176	((21 : ℚ) / 16)	((5377 : ℚ) / 4096)	1	0	3
segment	4177	((5377 : ℚ) / 4096)	((2689 : ℚ) / 2048)	1	0	3
segment	4178	((2689 : ℚ) / 2048)	((5379 : ℚ) / 4096)	1	0	3
segment	4179	((5379 : ℚ) / 4096)	((1345 : ℚ) / 1024)	1	0	3
segment	4180	((1345 : ℚ) / 1024)	((5381 : ℚ) / 4096)	1	0	3
segment	4181	((5381 : ℚ) / 4096)	((2691 : ℚ) / 2048)	1	0	3
segment	4182	((2691 : ℚ) / 2048)	((5383 : ℚ) / 4096)	1	0	3
segment	4183	((5383 : ℚ) / 4096)	((673 : ℚ) / 512)	1	0	3
segment	4184	((673 : ℚ) / 512)	((5385 : ℚ) / 4096)	1	0	3
segment	4185	((5385 : ℚ) / 4096)	((2693 : ℚ) / 2048)	1	0	3
segment	4186	((2693 : ℚ) / 2048)	((5387 : ℚ) / 4096)	1	0	3
segment	4187	((5387 : ℚ) / 4096)	((1347 : ℚ) / 1024)	1	0	3
segment	4188	((1347 : ℚ) / 1024)	((5389 : ℚ) / 4096)	1	0	3
segment	4189	((5389 : ℚ) / 4096)	((2695 : ℚ) / 2048)	1	0	3
segment	4190	((2695 : ℚ) / 2048)	((5391 : ℚ) / 4096)	1	0	3
segment	4191	((5391 : ℚ) / 4096)	((337 : ℚ) / 256)	1	0	3
segment	4192	((337 : ℚ) / 256)	((5393 : ℚ) / 4096)	1	0	3
segment	4193	((5393 : ℚ) / 4096)	((2697 : ℚ) / 2048)	1	0	3
segment	4194	((2697 : ℚ) / 2048)	((5395 : ℚ) / 4096)	1	0	3
segment	4195	((5395 : ℚ) / 4096)	((1349 : ℚ) / 1024)	1	0	3
segment	4196	((1349 : ℚ) / 1024)	((5397 : ℚ) / 4096)	1	0	3
segment	4197	((5397 : ℚ) / 4096)	((2699 : ℚ) / 2048)	1	0	3
segment	4198	((2699 : ℚ) / 2048)	((5399 : ℚ) / 4096)	1	0	3
segment	4199	((5399 : ℚ) / 4096)	((675 : ℚ) / 512)	1	0	3
segment	4200	((675 : ℚ) / 512)	((5401 : ℚ) / 4096)	1	0	3
segment	4201	((5401 : ℚ) / 4096)	((2701 : ℚ) / 2048)	1	0	3
segment	4202	((2701 : ℚ) / 2048)	((5403 : ℚ) / 4096)	1	0	3
segment	4203	((5403 : ℚ) / 4096)	((1351 : ℚ) / 1024)	1	0	3
segment	4204	((1351 : ℚ) / 1024)	((5405 : ℚ) / 4096)	1	0	3
segment	4205	((5405 : ℚ) / 4096)	((2703 : ℚ) / 2048)	1	0	3
segment	4206	((2703 : ℚ) / 2048)	((5407 : ℚ) / 4096)	1	0	3
segment	4207	((5407 : ℚ) / 4096)	((169 : ℚ) / 128)	1	0	3
segment	4208	((169 : ℚ) / 128)	((5409 : ℚ) / 4096)	1	0	3
segment	4209	((5409 : ℚ) / 4096)	((2705 : ℚ) / 2048)	1	0	3
segment	4210	((2705 : ℚ) / 2048)	((5411 : ℚ) / 4096)	1	0	3
segment	4211	((5411 : ℚ) / 4096)	((1353 : ℚ) / 1024)	1	0	3
segment	4212	((1353 : ℚ) / 1024)	((5413 : ℚ) / 4096)	1	0	3
segment	4213	((5413 : ℚ) / 4096)	((2707 : ℚ) / 2048)	1	0	3
segment	4214	((2707 : ℚ) / 2048)	((5415 : ℚ) / 4096)	1	0	3
segment	4215	((5415 : ℚ) / 4096)	((677 : ℚ) / 512)	1	0	3
segment	4216	((677 : ℚ) / 512)	((5417 : ℚ) / 4096)	1	0	3
segment	4217	((5417 : ℚ) / 4096)	((2709 : ℚ) / 2048)	1	0	3
segment	4218	((2709 : ℚ) / 2048)	((5419 : ℚ) / 4096)	1	0	3
segment	4219	((5419 : ℚ) / 4096)	((1355 : ℚ) / 1024)	1	0	3
segment	4220	((1355 : ℚ) / 1024)	((5421 : ℚ) / 4096)	1	0	3
segment	4221	((5421 : ℚ) / 4096)	((2711 : ℚ) / 2048)	1	0	3
segment	4222	((2711 : ℚ) / 2048)	((5423 : ℚ) / 4096)	1	0	3
segment	4223	((5423 : ℚ) / 4096)	((339 : ℚ) / 256)	1	0	3
segment	4224	((339 : ℚ) / 256)	((5425 : ℚ) / 4096)	1	0	3
segment	4225	((5425 : ℚ) / 4096)	((2713 : ℚ) / 2048)	1	0	3
segment	4226	((2713 : ℚ) / 2048)	((5427 : ℚ) / 4096)	1	0	3
segment	4227	((5427 : ℚ) / 4096)	((1357 : ℚ) / 1024)	1	0	3
segment	4228	((1357 : ℚ) / 1024)	((5429 : ℚ) / 4096)	1	0	3
segment	4229	((5429 : ℚ) / 4096)	((2715 : ℚ) / 2048)	1	0	3
segment	4230	((2715 : ℚ) / 2048)	((5431 : ℚ) / 4096)	1	0	3
segment	4231	((5431 : ℚ) / 4096)	((679 : ℚ) / 512)	1	0	3
segment	4232	((679 : ℚ) / 512)	((5433 : ℚ) / 4096)	1	0	3
segment	4233	((5433 : ℚ) / 4096)	((2717 : ℚ) / 2048)	1	0	3
segment	4234	((2717 : ℚ) / 2048)	((5435 : ℚ) / 4096)	1	0	3
segment	4235	((5435 : ℚ) / 4096)	((1359 : ℚ) / 1024)	1	0	3
segment	4236	((1359 : ℚ) / 1024)	((5437 : ℚ) / 4096)	1	0	3
segment	4237	((5437 : ℚ) / 4096)	((2719 : ℚ) / 2048)	1	0	3
segment	4238	((2719 : ℚ) / 2048)	((5439 : ℚ) / 4096)	1	0	3
segment	4239	((5439 : ℚ) / 4096)	((85 : ℚ) / 64)	1	0	3
segment	4240	((85 : ℚ) / 64)	((5441 : ℚ) / 4096)	1	0	3
segment	4241	((5441 : ℚ) / 4096)	((2721 : ℚ) / 2048)	1	0	3
segment	4242	((2721 : ℚ) / 2048)	((5443 : ℚ) / 4096)	1	0	3
segment	4243	((5443 : ℚ) / 4096)	((1361 : ℚ) / 1024)	1	0	3
segment	4244	((1361 : ℚ) / 1024)	((5445 : ℚ) / 4096)	1	0	3
segment	4245	((5445 : ℚ) / 4096)	((2723 : ℚ) / 2048)	1	0	3
segment	4246	((2723 : ℚ) / 2048)	((5447 : ℚ) / 4096)	1	0	3
segment	4247	((5447 : ℚ) / 4096)	((681 : ℚ) / 512)	1	0	3
segment	4248	((681 : ℚ) / 512)	((5449 : ℚ) / 4096)	1	0	3
segment	4249	((5449 : ℚ) / 4096)	((2725 : ℚ) / 2048)	1	0	3
segment	4250	((2725 : ℚ) / 2048)	((5451 : ℚ) / 4096)	1	0	3
segment	4251	((5451 : ℚ) / 4096)	((1363 : ℚ) / 1024)	1	0	3
segment	4252	((1363 : ℚ) / 1024)	((5453 : ℚ) / 4096)	1	0	3
segment	4253	((5453 : ℚ) / 4096)	((2727 : ℚ) / 2048)	1	0	3
segment	4254	((2727 : ℚ) / 2048)	((5455 : ℚ) / 4096)	1	0	3
segment	4255	((5455 : ℚ) / 4096)	((341 : ℚ) / 256)	1	0	3
segment	4256	((341 : ℚ) / 256)	((5457 : ℚ) / 4096)	1	0	3
segment	4257	((5457 : ℚ) / 4096)	((2729 : ℚ) / 2048)	1	0	3
segment	4258	((2729 : ℚ) / 2048)	((5459 : ℚ) / 4096)	1	0	3
segment	4259	((5459 : ℚ) / 4096)	((1365 : ℚ) / 1024)	1	0	3
segment	4260	((1365 : ℚ) / 1024)	((5461 : ℚ) / 4096)	1	0	3
segment	4261	((5461 : ℚ) / 4096)	((2731 : ℚ) / 2048)	1	0	3
segment	4262	((2731 : ℚ) / 2048)	((5463 : ℚ) / 4096)	1	0	3
segment	4263	((5463 : ℚ) / 4096)	((683 : ℚ) / 512)	1	0	3
segment	4264	((683 : ℚ) / 512)	((5465 : ℚ) / 4096)	1	0	3
segment	4265	((5465 : ℚ) / 4096)	((2733 : ℚ) / 2048)	1	0	3
segment	4266	((2733 : ℚ) / 2048)	((5467 : ℚ) / 4096)	1	0	3
segment	4267	((5467 : ℚ) / 4096)	((1367 : ℚ) / 1024)	1	0	3
segment	4268	((1367 : ℚ) / 1024)	((5469 : ℚ) / 4096)	1	0	3
segment	4269	((5469 : ℚ) / 4096)	((2735 : ℚ) / 2048)	1	0	3
segment	4270	((2735 : ℚ) / 2048)	((5471 : ℚ) / 4096)	1	0	3
segment	4271	((5471 : ℚ) / 4096)	((171 : ℚ) / 128)	1	0	3
segment	4272	((171 : ℚ) / 128)	((5473 : ℚ) / 4096)	1	0	3
segment	4273	((5473 : ℚ) / 4096)	((2737 : ℚ) / 2048)	1	0	3
segment	4274	((2737 : ℚ) / 2048)	((5475 : ℚ) / 4096)	1	0	3
segment	4275	((5475 : ℚ) / 4096)	((1369 : ℚ) / 1024)	1	0	3
segment	4276	((1369 : ℚ) / 1024)	((5477 : ℚ) / 4096)	1	0	3
segment	4277	((5477 : ℚ) / 4096)	((2739 : ℚ) / 2048)	1	0	3
segment	4278	((2739 : ℚ) / 2048)	((5479 : ℚ) / 4096)	1	0	3
segment	4279	((5479 : ℚ) / 4096)	((685 : ℚ) / 512)	1	0	3
segment	4280	((685 : ℚ) / 512)	((5481 : ℚ) / 4096)	1	0	3
segment	4281	((5481 : ℚ) / 4096)	((2741 : ℚ) / 2048)	1	0	3
segment	4282	((2741 : ℚ) / 2048)	((5483 : ℚ) / 4096)	1	0	3
segment	4283	((5483 : ℚ) / 4096)	((1371 : ℚ) / 1024)	1	0	3
segment	4284	((1371 : ℚ) / 1024)	((5485 : ℚ) / 4096)	1	0	3
segment	4285	((5485 : ℚ) / 4096)	((2743 : ℚ) / 2048)	1	0	3
segment	4286	((2743 : ℚ) / 2048)	((5487 : ℚ) / 4096)	1	0	3
segment	4287	((5487 : ℚ) / 4096)	((343 : ℚ) / 256)	1	0	3
segment	4288	((343 : ℚ) / 256)	((5489 : ℚ) / 4096)	1	0	3
segment	4289	((5489 : ℚ) / 4096)	((2745 : ℚ) / 2048)	1	0	3
segment	4290	((2745 : ℚ) / 2048)	((5491 : ℚ) / 4096)	1	0	3
segment	4291	((5491 : ℚ) / 4096)	((1373 : ℚ) / 1024)	1	0	3
segment	4292	((1373 : ℚ) / 1024)	((5493 : ℚ) / 4096)	1	0	3
segment	4293	((5493 : ℚ) / 4096)	((2747 : ℚ) / 2048)	1	0	3
segment	4294	((2747 : ℚ) / 2048)	((5495 : ℚ) / 4096)	1	0	3
segment	4295	((5495 : ℚ) / 4096)	((687 : ℚ) / 512)	1	0	3
segment	4296	((687 : ℚ) / 512)	((5497 : ℚ) / 4096)	1	0	3
segment	4297	((5497 : ℚ) / 4096)	((2749 : ℚ) / 2048)	1	0	3
segment	4298	((2749 : ℚ) / 2048)	((5499 : ℚ) / 4096)	1	0	3
segment	4299	((5499 : ℚ) / 4096)	((1375 : ℚ) / 1024)	1	0	3
segment	4300	((1375 : ℚ) / 1024)	((5501 : ℚ) / 4096)	1	0	3
segment	4301	((5501 : ℚ) / 4096)	((2751 : ℚ) / 2048)	1	0	3
segment	4302	((2751 : ℚ) / 2048)	((5503 : ℚ) / 4096)	1	0	3
segment	4303	((5503 : ℚ) / 4096)	((43 : ℚ) / 32)	1	0	3
segment	4304	((43 : ℚ) / 32)	((5505 : ℚ) / 4096)	1	0	3
segment	4305	((5505 : ℚ) / 4096)	((2753 : ℚ) / 2048)	1	0	3
segment	4306	((2753 : ℚ) / 2048)	((5507 : ℚ) / 4096)	1	0	3
segment	4307	((5507 : ℚ) / 4096)	((1377 : ℚ) / 1024)	1	0	3
segment	4308	((1377 : ℚ) / 1024)	((5509 : ℚ) / 4096)	1	0	3
segment	4309	((5509 : ℚ) / 4096)	((2755 : ℚ) / 2048)	1	0	3
segment	4310	((2755 : ℚ) / 2048)	((5511 : ℚ) / 4096)	1	0	3
segment	4311	((5511 : ℚ) / 4096)	((689 : ℚ) / 512)	1	0	3
segment	4312	((689 : ℚ) / 512)	((5513 : ℚ) / 4096)	1	0	3
segment	4313	((5513 : ℚ) / 4096)	((2757 : ℚ) / 2048)	1	0	3
segment	4314	((2757 : ℚ) / 2048)	((5515 : ℚ) / 4096)	1	0	3
segment	4315	((5515 : ℚ) / 4096)	((1379 : ℚ) / 1024)	1	0	3
segment	4316	((1379 : ℚ) / 1024)	((5517 : ℚ) / 4096)	1	0	3
segment	4317	((5517 : ℚ) / 4096)	((2759 : ℚ) / 2048)	1	0	3
segment	4318	((2759 : ℚ) / 2048)	((5519 : ℚ) / 4096)	1	0	3
segment	4319	((5519 : ℚ) / 4096)	((345 : ℚ) / 256)	1	0	3
segment	4320	((345 : ℚ) / 256)	((5521 : ℚ) / 4096)	1	0	3
segment	4321	((5521 : ℚ) / 4096)	((2761 : ℚ) / 2048)	1	0	3
segment	4322	((2761 : ℚ) / 2048)	((5523 : ℚ) / 4096)	1	0	3
segment	4323	((5523 : ℚ) / 4096)	((1381 : ℚ) / 1024)	1	0	3
segment	4324	((1381 : ℚ) / 1024)	((5525 : ℚ) / 4096)	1	0	3
segment	4325	((5525 : ℚ) / 4096)	((2763 : ℚ) / 2048)	1	0	3
segment	4326	((2763 : ℚ) / 2048)	((5527 : ℚ) / 4096)	1	0	3
segment	4327	((5527 : ℚ) / 4096)	((691 : ℚ) / 512)	1	0	3
segment	4328	((691 : ℚ) / 512)	((5529 : ℚ) / 4096)	1	0	3
segment	4329	((5529 : ℚ) / 4096)	((2765 : ℚ) / 2048)	1	0	3
segment	4330	((2765 : ℚ) / 2048)	((5531 : ℚ) / 4096)	1	0	3
segment	4331	((5531 : ℚ) / 4096)	((1383 : ℚ) / 1024)	1	0	3
segment	4332	((1383 : ℚ) / 1024)	((5533 : ℚ) / 4096)	1	0	3
segment	4333	((5533 : ℚ) / 4096)	((2767 : ℚ) / 2048)	1	0	3
segment	4334	((2767 : ℚ) / 2048)	((5535 : ℚ) / 4096)	1	0	3
segment	4335	((5535 : ℚ) / 4096)	((173 : ℚ) / 128)	1	0	3
segment	4336	((173 : ℚ) / 128)	((5537 : ℚ) / 4096)	1	0	3
segment	4337	((5537 : ℚ) / 4096)	((2769 : ℚ) / 2048)	1	0	3
segment	4338	((2769 : ℚ) / 2048)	((5539 : ℚ) / 4096)	1	0	3
segment	4339	((5539 : ℚ) / 4096)	((1385 : ℚ) / 1024)	1	0	3
segment	4340	((1385 : ℚ) / 1024)	((5541 : ℚ) / 4096)	1	0	3
segment	4341	((5541 : ℚ) / 4096)	((2771 : ℚ) / 2048)	1	0	3
segment	4342	((2771 : ℚ) / 2048)	((5543 : ℚ) / 4096)	1	0	3
segment	4343	((5543 : ℚ) / 4096)	((693 : ℚ) / 512)	1	0	3
segment	4344	((693 : ℚ) / 512)	((5545 : ℚ) / 4096)	1	0	3
segment	4345	((5545 : ℚ) / 4096)	((2773 : ℚ) / 2048)	1	0	3
segment	4346	((2773 : ℚ) / 2048)	((5547 : ℚ) / 4096)	1	0	3
segment	4347	((5547 : ℚ) / 4096)	((1387 : ℚ) / 1024)	1	0	3
segment	4348	((1387 : ℚ) / 1024)	((5549 : ℚ) / 4096)	1	0	3
segment	4349	((5549 : ℚ) / 4096)	((2775 : ℚ) / 2048)	1	0	3
segment	4350	((2775 : ℚ) / 2048)	((5551 : ℚ) / 4096)	1	0	3
segment	4351	((5551 : ℚ) / 4096)	((347 : ℚ) / 256)	1	0	3
segment	4352	((347 : ℚ) / 256)	((5553 : ℚ) / 4096)	1	0	3
segment	4353	((5553 : ℚ) / 4096)	((2777 : ℚ) / 2048)	1	0	3
segment	4354	((2777 : ℚ) / 2048)	((5555 : ℚ) / 4096)	1	0	3
segment	4355	((5555 : ℚ) / 4096)	((1389 : ℚ) / 1024)	1	0	3
segment	4356	((1389 : ℚ) / 1024)	((5557 : ℚ) / 4096)	1	0	3
segment	4357	((5557 : ℚ) / 4096)	((2779 : ℚ) / 2048)	1	0	3
segment	4358	((2779 : ℚ) / 2048)	((5559 : ℚ) / 4096)	1	0	3
segment	4359	((5559 : ℚ) / 4096)	((695 : ℚ) / 512)	1	0	3
segment	4360	((695 : ℚ) / 512)	((5561 : ℚ) / 4096)	1	0	3
segment	4361	((5561 : ℚ) / 4096)	((2781 : ℚ) / 2048)	1	0	3
segment	4362	((2781 : ℚ) / 2048)	((5563 : ℚ) / 4096)	1	0	3
segment	4363	((5563 : ℚ) / 4096)	((1391 : ℚ) / 1024)	1	0	3
segment	4364	((1391 : ℚ) / 1024)	((5565 : ℚ) / 4096)	1	0	3
segment	4365	((5565 : ℚ) / 4096)	((2783 : ℚ) / 2048)	1	0	3
segment	4366	((2783 : ℚ) / 2048)	((5567 : ℚ) / 4096)	1	0	3
segment	4367	((5567 : ℚ) / 4096)	((87 : ℚ) / 64)	1	0	3
segment	4368	((87 : ℚ) / 64)	((5569 : ℚ) / 4096)	1	0	3
segment	4369	((5569 : ℚ) / 4096)	((2785 : ℚ) / 2048)	1	0	3
segment	4370	((2785 : ℚ) / 2048)	((5571 : ℚ) / 4096)	1	0	3
segment	4371	((5571 : ℚ) / 4096)	((1393 : ℚ) / 1024)	1	0	3
segment	4372	((1393 : ℚ) / 1024)	((5573 : ℚ) / 4096)	1	0	3
segment	4373	((5573 : ℚ) / 4096)	((2787 : ℚ) / 2048)	1	0	3
segment	4374	((2787 : ℚ) / 2048)	((5575 : ℚ) / 4096)	1	0	3
segment	4375	((5575 : ℚ) / 4096)	((697 : ℚ) / 512)	1	0	3
segment	4376	((697 : ℚ) / 512)	((5577 : ℚ) / 4096)	1	0	3
segment	4377	((5577 : ℚ) / 4096)	((2789 : ℚ) / 2048)	1	0	3
segment	4378	((2789 : ℚ) / 2048)	((5579 : ℚ) / 4096)	1	0	3
segment	4379	((5579 : ℚ) / 4096)	((1395 : ℚ) / 1024)	1	0	3
segment	4380	((1395 : ℚ) / 1024)	((5581 : ℚ) / 4096)	1	0	3
segment	4381	((5581 : ℚ) / 4096)	((2791 : ℚ) / 2048)	1	0	3
segment	4382	((2791 : ℚ) / 2048)	((5583 : ℚ) / 4096)	1	0	3
segment	4383	((5583 : ℚ) / 4096)	((349 : ℚ) / 256)	1	0	3
segment	4384	((349 : ℚ) / 256)	((5585 : ℚ) / 4096)	1	0	3
segment	4385	((5585 : ℚ) / 4096)	((2793 : ℚ) / 2048)	1	0	3
segment	4386	((2793 : ℚ) / 2048)	((5587 : ℚ) / 4096)	1	0	3
segment	4387	((5587 : ℚ) / 4096)	((1397 : ℚ) / 1024)	1	0	3
segment	4388	((1397 : ℚ) / 1024)	((5589 : ℚ) / 4096)	1	0	3
segment	4389	((5589 : ℚ) / 4096)	((2795 : ℚ) / 2048)	1	0	3
segment	4390	((2795 : ℚ) / 2048)	((5591 : ℚ) / 4096)	1	0	3
segment	4391	((5591 : ℚ) / 4096)	((699 : ℚ) / 512)	1	0	3
segment	4392	((699 : ℚ) / 512)	((5593 : ℚ) / 4096)	1	0	3
segment	4393	((5593 : ℚ) / 4096)	((2797 : ℚ) / 2048)	1	0	3
segment	4394	((2797 : ℚ) / 2048)	((5595 : ℚ) / 4096)	1	0	3
segment	4395	((5595 : ℚ) / 4096)	((1399 : ℚ) / 1024)	1	0	3
segment	4396	((1399 : ℚ) / 1024)	((5597 : ℚ) / 4096)	1	0	3
segment	4397	((5597 : ℚ) / 4096)	((2799 : ℚ) / 2048)	1	0	3
segment	4398	((2799 : ℚ) / 2048)	((5599 : ℚ) / 4096)	1	0	3
segment	4399	((5599 : ℚ) / 4096)	((175 : ℚ) / 128)	1	0	3
segment	4400	((175 : ℚ) / 128)	((5601 : ℚ) / 4096)	1	0	3
segment	4401	((5601 : ℚ) / 4096)	((2801 : ℚ) / 2048)	1	0	3
segment	4402	((2801 : ℚ) / 2048)	((5603 : ℚ) / 4096)	1	0	3
segment	4403	((5603 : ℚ) / 4096)	((1401 : ℚ) / 1024)	1	0	3
segment	4404	((1401 : ℚ) / 1024)	((5605 : ℚ) / 4096)	1	0	3
segment	4405	((5605 : ℚ) / 4096)	((2803 : ℚ) / 2048)	1	0	3
segment	4406	((2803 : ℚ) / 2048)	((5607 : ℚ) / 4096)	1	0	3
segment	4407	((5607 : ℚ) / 4096)	((701 : ℚ) / 512)	1	0	3
segment	4408	((701 : ℚ) / 512)	((5609 : ℚ) / 4096)	1	0	3
segment	4409	((5609 : ℚ) / 4096)	((2805 : ℚ) / 2048)	1	0	3
segment	4410	((2805 : ℚ) / 2048)	((5611 : ℚ) / 4096)	1	0	3
segment	4411	((5611 : ℚ) / 4096)	((1403 : ℚ) / 1024)	1	0	3
segment	4412	((1403 : ℚ) / 1024)	((5613 : ℚ) / 4096)	1	0	3
segment	4413	((5613 : ℚ) / 4096)	((2807 : ℚ) / 2048)	1	0	3
segment	4414	((2807 : ℚ) / 2048)	((5615 : ℚ) / 4096)	1	0	3
segment	4415	((5615 : ℚ) / 4096)	((351 : ℚ) / 256)	1	0	3
segment	4416	((351 : ℚ) / 256)	((5617 : ℚ) / 4096)	1	0	3
segment	4417	((5617 : ℚ) / 4096)	((2809 : ℚ) / 2048)	1	0	3
segment	4418	((2809 : ℚ) / 2048)	((5619 : ℚ) / 4096)	1	0	3
segment	4419	((5619 : ℚ) / 4096)	((1405 : ℚ) / 1024)	1	0	3
segment	4420	((1405 : ℚ) / 1024)	((5621 : ℚ) / 4096)	1	0	3
segment	4421	((5621 : ℚ) / 4096)	((2811 : ℚ) / 2048)	1	0	3
segment	4422	((2811 : ℚ) / 2048)	((5623 : ℚ) / 4096)	1	0	3
segment	4423	((5623 : ℚ) / 4096)	((703 : ℚ) / 512)	1	0	3
segment	4424	((703 : ℚ) / 512)	((5625 : ℚ) / 4096)	1	0	3
segment	4425	((5625 : ℚ) / 4096)	((2813 : ℚ) / 2048)	1	0	3
segment	4426	((2813 : ℚ) / 2048)	((5627 : ℚ) / 4096)	1	0	3
segment	4427	((5627 : ℚ) / 4096)	((1407 : ℚ) / 1024)	1	0	3
segment	4428	((1407 : ℚ) / 1024)	((5629 : ℚ) / 4096)	1	0	3
segment	4429	((5629 : ℚ) / 4096)	((2815 : ℚ) / 2048)	1	0	3
segment	4430	((2815 : ℚ) / 2048)	((5631 : ℚ) / 4096)	1	0	3
segment	4431	((5631 : ℚ) / 4096)	((11 : ℚ) / 8)	1	0	3
segment	4432	((11 : ℚ) / 8)	((5633 : ℚ) / 4096)	1	0	3
segment	4433	((5633 : ℚ) / 4096)	((2817 : ℚ) / 2048)	1	0	3
segment	4434	((2817 : ℚ) / 2048)	((5635 : ℚ) / 4096)	1	0	3
segment	4435	((5635 : ℚ) / 4096)	((1409 : ℚ) / 1024)	1	0	3
segment	4436	((1409 : ℚ) / 1024)	((5637 : ℚ) / 4096)	1	0	3
segment	4437	((5637 : ℚ) / 4096)	((2819 : ℚ) / 2048)	1	0	3
segment	4438	((2819 : ℚ) / 2048)	((5639 : ℚ) / 4096)	1	0	3
segment	4439	((5639 : ℚ) / 4096)	((705 : ℚ) / 512)	1	0	3
segment	4440	((705 : ℚ) / 512)	((5641 : ℚ) / 4096)	1	0	3
segment	4441	((5641 : ℚ) / 4096)	((2821 : ℚ) / 2048)	1	0	3
segment	4442	((2821 : ℚ) / 2048)	((5643 : ℚ) / 4096)	1	0	3
segment	4443	((5643 : ℚ) / 4096)	((1411 : ℚ) / 1024)	1	0	3
segment	4444	((1411 : ℚ) / 1024)	((5645 : ℚ) / 4096)	1	0	3
segment	4445	((5645 : ℚ) / 4096)	((2823 : ℚ) / 2048)	1	0	3
segment	4446	((2823 : ℚ) / 2048)	((5647 : ℚ) / 4096)	1	0	3
segment	4447	((5647 : ℚ) / 4096)	((353 : ℚ) / 256)	1	0	3
segment	4448	((353 : ℚ) / 256)	((5649 : ℚ) / 4096)	1	0	3
segment	4449	((5649 : ℚ) / 4096)	((2825 : ℚ) / 2048)	1	0	3
segment	4450	((2825 : ℚ) / 2048)	((5651 : ℚ) / 4096)	1	0	3
segment	4451	((5651 : ℚ) / 4096)	((1413 : ℚ) / 1024)	1	0	3
segment	4452	((1413 : ℚ) / 1024)	((5653 : ℚ) / 4096)	1	0	3
segment	4453	((5653 : ℚ) / 4096)	((2827 : ℚ) / 2048)	1	0	3
segment	4454	((2827 : ℚ) / 2048)	((5655 : ℚ) / 4096)	1	0	3
segment	4455	((5655 : ℚ) / 4096)	((707 : ℚ) / 512)	1	0	3
segment	4456	((707 : ℚ) / 512)	((5657 : ℚ) / 4096)	1	0	3
segment	4457	((5657 : ℚ) / 4096)	((2829 : ℚ) / 2048)	1	0	3
segment	4458	((2829 : ℚ) / 2048)	((5659 : ℚ) / 4096)	1	0	3
segment	4459	((5659 : ℚ) / 4096)	((1415 : ℚ) / 1024)	1	0	3
segment	4460	((1415 : ℚ) / 1024)	((5661 : ℚ) / 4096)	1	0	3
segment	4461	((5661 : ℚ) / 4096)	((2831 : ℚ) / 2048)	1	0	3
segment	4462	((2831 : ℚ) / 2048)	((5663 : ℚ) / 4096)	1	0	3
segment	4463	((5663 : ℚ) / 4096)	((177 : ℚ) / 128)	1	0	3
segment	4464	((177 : ℚ) / 128)	((5665 : ℚ) / 4096)	1	0	3
segment	4465	((5665 : ℚ) / 4096)	((2833 : ℚ) / 2048)	1	0	3
segment	4466	((2833 : ℚ) / 2048)	((5667 : ℚ) / 4096)	1	0	3
segment	4467	((5667 : ℚ) / 4096)	((1417 : ℚ) / 1024)	1	0	3
segment	4468	((1417 : ℚ) / 1024)	((5669 : ℚ) / 4096)	1	0	3
segment	4469	((5669 : ℚ) / 4096)	((2835 : ℚ) / 2048)	1	0	3
segment	4470	((2835 : ℚ) / 2048)	((5671 : ℚ) / 4096)	1	0	3
segment	4471	((5671 : ℚ) / 4096)	((709 : ℚ) / 512)	1	0	3
segment	4472	((709 : ℚ) / 512)	((5673 : ℚ) / 4096)	1	0	3
segment	4473	((5673 : ℚ) / 4096)	((2837 : ℚ) / 2048)	1	0	3
segment	4474	((2837 : ℚ) / 2048)	((5675 : ℚ) / 4096)	1	0	3
segment	4475	((5675 : ℚ) / 4096)	((1419 : ℚ) / 1024)	1	0	3
segment	4476	((1419 : ℚ) / 1024)	((5677 : ℚ) / 4096)	1	0	3
segment	4477	((5677 : ℚ) / 4096)	((2839 : ℚ) / 2048)	1	0	3
segment	4478	((2839 : ℚ) / 2048)	((5679 : ℚ) / 4096)	1	0	3
segment	4479	((5679 : ℚ) / 4096)	((355 : ℚ) / 256)	1	0	3
segment	4480	((355 : ℚ) / 256)	((5681 : ℚ) / 4096)	1	0	3
segment	4481	((5681 : ℚ) / 4096)	((2841 : ℚ) / 2048)	1	0	3
segment	4482	((2841 : ℚ) / 2048)	((5683 : ℚ) / 4096)	1	0	3
segment	4483	((5683 : ℚ) / 4096)	((1421 : ℚ) / 1024)	1	0	3
segment	4484	((1421 : ℚ) / 1024)	((5685 : ℚ) / 4096)	1	0	3
segment	4485	((5685 : ℚ) / 4096)	((2843 : ℚ) / 2048)	1	0	3
segment	4486	((2843 : ℚ) / 2048)	((5687 : ℚ) / 4096)	1	0	3
segment	4487	((5687 : ℚ) / 4096)	((711 : ℚ) / 512)	1	0	3
segment	4488	((711 : ℚ) / 512)	((5689 : ℚ) / 4096)	1	0	3
segment	4489	((5689 : ℚ) / 4096)	((2845 : ℚ) / 2048)	1	0	3
segment	4490	((2845 : ℚ) / 2048)	((5691 : ℚ) / 4096)	1	0	3
segment	4491	((5691 : ℚ) / 4096)	((1423 : ℚ) / 1024)	1	0	3
segment	4492	((1423 : ℚ) / 1024)	((5693 : ℚ) / 4096)	1	0	3
segment	4493	((5693 : ℚ) / 4096)	((2847 : ℚ) / 2048)	1	0	3
segment	4494	((2847 : ℚ) / 2048)	((5695 : ℚ) / 4096)	1	0	3
segment	4495	((5695 : ℚ) / 4096)	((89 : ℚ) / 64)	1	0	3
segment	4496	((89 : ℚ) / 64)	((5697 : ℚ) / 4096)	1	0	3
segment	4497	((5697 : ℚ) / 4096)	((2849 : ℚ) / 2048)	1	0	3
segment	4498	((2849 : ℚ) / 2048)	((5699 : ℚ) / 4096)	1	0	3
segment	4499	((5699 : ℚ) / 4096)	((1425 : ℚ) / 1024)	1	0	3
segment	4500	((1425 : ℚ) / 1024)	((5701 : ℚ) / 4096)	1	0	3
segment	4501	((5701 : ℚ) / 4096)	((2851 : ℚ) / 2048)	1	0	3
segment	4502	((2851 : ℚ) / 2048)	((5703 : ℚ) / 4096)	1	0	3
segment	4503	((5703 : ℚ) / 4096)	((713 : ℚ) / 512)	1	0	3
segment	4504	((713 : ℚ) / 512)	((5705 : ℚ) / 4096)	1	0	3
segment	4505	((5705 : ℚ) / 4096)	((2853 : ℚ) / 2048)	1	0	3
segment	4506	((2853 : ℚ) / 2048)	((5707 : ℚ) / 4096)	1	0	3
segment	4507	((5707 : ℚ) / 4096)	((1427 : ℚ) / 1024)	1	0	3
segment	4508	((1427 : ℚ) / 1024)	((5709 : ℚ) / 4096)	1	0	3
segment	4509	((5709 : ℚ) / 4096)	((2855 : ℚ) / 2048)	1	0	3
segment	4510	((2855 : ℚ) / 2048)	((5711 : ℚ) / 4096)	1	0	3
segment	4511	((5711 : ℚ) / 4096)	((357 : ℚ) / 256)	1	0	3
segment	4512	((357 : ℚ) / 256)	((5713 : ℚ) / 4096)	1	0	3
segment	4513	((5713 : ℚ) / 4096)	((2857 : ℚ) / 2048)	1	0	3
segment	4514	((2857 : ℚ) / 2048)	((5715 : ℚ) / 4096)	1	0	3
segment	4515	((5715 : ℚ) / 4096)	((1429 : ℚ) / 1024)	1	0	3
segment	4516	((1429 : ℚ) / 1024)	((5717 : ℚ) / 4096)	1	0	3
segment	4517	((5717 : ℚ) / 4096)	((2859 : ℚ) / 2048)	1	0	3
segment	4518	((2859 : ℚ) / 2048)	((5719 : ℚ) / 4096)	1	0	3
segment	4519	((5719 : ℚ) / 4096)	((715 : ℚ) / 512)	1	0	3
segment	4520	((715 : ℚ) / 512)	((5721 : ℚ) / 4096)	1	0	3
segment	4521	((5721 : ℚ) / 4096)	((2861 : ℚ) / 2048)	1	0	3
segment	4522	((2861 : ℚ) / 2048)	((5723 : ℚ) / 4096)	1	0	3
segment	4523	((5723 : ℚ) / 4096)	((1431 : ℚ) / 1024)	1	0	3
segment	4524	((1431 : ℚ) / 1024)	((5725 : ℚ) / 4096)	1	0	3
segment	4525	((5725 : ℚ) / 4096)	((2863 : ℚ) / 2048)	1	0	3
segment	4526	((2863 : ℚ) / 2048)	((5727 : ℚ) / 4096)	1	0	3
segment	4527	((5727 : ℚ) / 4096)	((179 : ℚ) / 128)	1	0	3
segment	4528	((179 : ℚ) / 128)	((5729 : ℚ) / 4096)	1	0	3
segment	4529	((5729 : ℚ) / 4096)	((2865 : ℚ) / 2048)	1	0	3
segment	4530	((2865 : ℚ) / 2048)	((5731 : ℚ) / 4096)	1	0	3
segment	4531	((5731 : ℚ) / 4096)	((1433 : ℚ) / 1024)	1	0	3
segment	4532	((1433 : ℚ) / 1024)	((5733 : ℚ) / 4096)	1	0	3
segment	4533	((5733 : ℚ) / 4096)	((2867 : ℚ) / 2048)	1	0	3
segment	4534	((2867 : ℚ) / 2048)	((5735 : ℚ) / 4096)	1	0	3
segment	4535	((5735 : ℚ) / 4096)	((717 : ℚ) / 512)	1	0	3
segment	4536	((717 : ℚ) / 512)	((5737 : ℚ) / 4096)	1	0	3
segment	4537	((5737 : ℚ) / 4096)	((2869 : ℚ) / 2048)	1	0	3
segment	4538	((2869 : ℚ) / 2048)	((5739 : ℚ) / 4096)	1	0	3
segment	4539	((5739 : ℚ) / 4096)	((1435 : ℚ) / 1024)	1	0	3
segment	4540	((1435 : ℚ) / 1024)	((5741 : ℚ) / 4096)	1	0	3
segment	4541	((5741 : ℚ) / 4096)	((2871 : ℚ) / 2048)	1	0	3
segment	4542	((2871 : ℚ) / 2048)	((5743 : ℚ) / 4096)	1	0	3
segment	4543	((5743 : ℚ) / 4096)	((359 : ℚ) / 256)	1	0	3
segment	4544	((359 : ℚ) / 256)	((5745 : ℚ) / 4096)	1	0	3
segment	4545	((5745 : ℚ) / 4096)	((2873 : ℚ) / 2048)	1	0	3
segment	4546	((2873 : ℚ) / 2048)	((5747 : ℚ) / 4096)	1	0	3
segment	4547	((5747 : ℚ) / 4096)	((1437 : ℚ) / 1024)	1	0	3
segment	4548	((1437 : ℚ) / 1024)	((5749 : ℚ) / 4096)	1	0	3
segment	4549	((5749 : ℚ) / 4096)	((2875 : ℚ) / 2048)	1	0	3
segment	4550	((2875 : ℚ) / 2048)	((5751 : ℚ) / 4096)	1	0	3
segment	4551	((5751 : ℚ) / 4096)	((719 : ℚ) / 512)	1	0	3
segment	4552	((719 : ℚ) / 512)	((5753 : ℚ) / 4096)	1	0	3
segment	4553	((5753 : ℚ) / 4096)	((2877 : ℚ) / 2048)	1	0	3
segment	4554	((2877 : ℚ) / 2048)	((5755 : ℚ) / 4096)	1	0	3
segment	4555	((5755 : ℚ) / 4096)	((1439 : ℚ) / 1024)	1	0	3
segment	4556	((1439 : ℚ) / 1024)	((5757 : ℚ) / 4096)	1	0	3
segment	4557	((5757 : ℚ) / 4096)	((2879 : ℚ) / 2048)	1	0	3
segment	4558	((2879 : ℚ) / 2048)	((5759 : ℚ) / 4096)	1	0	3
segment	4559	((5759 : ℚ) / 4096)	((45 : ℚ) / 32)	1	0	3
segment	4560	((45 : ℚ) / 32)	((5761 : ℚ) / 4096)	1	0	3
segment	4561	((5761 : ℚ) / 4096)	((2881 : ℚ) / 2048)	1	0	3
segment	4562	((2881 : ℚ) / 2048)	((5763 : ℚ) / 4096)	1	0	3
segment	4563	((5763 : ℚ) / 4096)	((1441 : ℚ) / 1024)	1	0	3
segment	4564	((1441 : ℚ) / 1024)	((5765 : ℚ) / 4096)	1	0	3
segment	4565	((5765 : ℚ) / 4096)	((2883 : ℚ) / 2048)	1	0	3
segment	4566	((2883 : ℚ) / 2048)	((5767 : ℚ) / 4096)	1	0	3
segment	4567	((5767 : ℚ) / 4096)	((721 : ℚ) / 512)	1	0	3
segment	4568	((721 : ℚ) / 512)	((5769 : ℚ) / 4096)	1	0	3
segment	4569	((5769 : ℚ) / 4096)	((2885 : ℚ) / 2048)	1	0	3
segment	4570	((2885 : ℚ) / 2048)	((5771 : ℚ) / 4096)	1	0	3
segment	4571	((5771 : ℚ) / 4096)	((1443 : ℚ) / 1024)	1	0	3
segment	4572	((1443 : ℚ) / 1024)	((5773 : ℚ) / 4096)	1	0	3
segment	4573	((5773 : ℚ) / 4096)	((2887 : ℚ) / 2048)	1	0	3
segment	4574	((2887 : ℚ) / 2048)	((5775 : ℚ) / 4096)	1	0	3
segment	4575	((5775 : ℚ) / 4096)	((361 : ℚ) / 256)	1	0	3
segment	4576	((361 : ℚ) / 256)	((5777 : ℚ) / 4096)	1	0	3
segment	4577	((5777 : ℚ) / 4096)	((2889 : ℚ) / 2048)	1	0	3
segment	4578	((2889 : ℚ) / 2048)	((5779 : ℚ) / 4096)	1	0	3
segment	4579	((5779 : ℚ) / 4096)	((1445 : ℚ) / 1024)	1	0	3
segment	4580	((1445 : ℚ) / 1024)	((5781 : ℚ) / 4096)	1	0	3
segment	4581	((5781 : ℚ) / 4096)	((2891 : ℚ) / 2048)	1	0	3
segment	4582	((2891 : ℚ) / 2048)	((5783 : ℚ) / 4096)	1	0	3
segment	4583	((5783 : ℚ) / 4096)	((723 : ℚ) / 512)	1	0	3
segment	4584	((723 : ℚ) / 512)	((5785 : ℚ) / 4096)	1	0	3
segment	4585	((5785 : ℚ) / 4096)	((2893 : ℚ) / 2048)	1	0	3
segment	4586	((2893 : ℚ) / 2048)	((5787 : ℚ) / 4096)	1	0	3
segment	4587	((5787 : ℚ) / 4096)	((1447 : ℚ) / 1024)	1	0	3
segment	4588	((1447 : ℚ) / 1024)	((5789 : ℚ) / 4096)	1	0	3
segment	4589	((5789 : ℚ) / 4096)	((2895 : ℚ) / 2048)	1	0	3
segment	4590	((2895 : ℚ) / 2048)	((5791 : ℚ) / 4096)	1	0	3
segment	4591	((5791 : ℚ) / 4096)	((181 : ℚ) / 128)	1	0	3
segment	4592	((181 : ℚ) / 128)	((5793 : ℚ) / 4096)	1	0	3
segment	4593	((5793 : ℚ) / 4096)	((2897 : ℚ) / 2048)	1	0	3
segment	4594	((2897 : ℚ) / 2048)	((5795 : ℚ) / 4096)	1	0	3
segment	4595	((5795 : ℚ) / 4096)	((1449 : ℚ) / 1024)	1	0	3
segment	4596	((1449 : ℚ) / 1024)	((5797 : ℚ) / 4096)	1	0	3
segment	4597	((5797 : ℚ) / 4096)	((2899 : ℚ) / 2048)	1	0	3
segment	4598	((2899 : ℚ) / 2048)	((5799 : ℚ) / 4096)	1	0	3
segment	4599	((5799 : ℚ) / 4096)	((725 : ℚ) / 512)	1	0	3
segment	4600	((725 : ℚ) / 512)	((5801 : ℚ) / 4096)	1	0	3
segment	4601	((5801 : ℚ) / 4096)	((2901 : ℚ) / 2048)	1	0	3
segment	4602	((2901 : ℚ) / 2048)	((5803 : ℚ) / 4096)	1	0	3
segment	4603	((5803 : ℚ) / 4096)	((1451 : ℚ) / 1024)	1	0	3
segment	4604	((1451 : ℚ) / 1024)	((5805 : ℚ) / 4096)	1	0	3
segment	4605	((5805 : ℚ) / 4096)	((2903 : ℚ) / 2048)	1	0	3
segment	4606	((2903 : ℚ) / 2048)	((5807 : ℚ) / 4096)	1	0	3
segment	4607	((5807 : ℚ) / 4096)	((363 : ℚ) / 256)	1	0	3
segment	4608	((363 : ℚ) / 256)	((5809 : ℚ) / 4096)	1	0	3
segment	4609	((5809 : ℚ) / 4096)	((2905 : ℚ) / 2048)	1	0	3
segment	4610	((2905 : ℚ) / 2048)	((5811 : ℚ) / 4096)	1	0	3
segment	4611	((5811 : ℚ) / 4096)	((1453 : ℚ) / 1024)	1	0	3
segment	4612	((1453 : ℚ) / 1024)	((5813 : ℚ) / 4096)	1	0	3
segment	4613	((5813 : ℚ) / 4096)	((2907 : ℚ) / 2048)	1	0	3
segment	4614	((2907 : ℚ) / 2048)	((5815 : ℚ) / 4096)	1	0	3
segment	4615	((5815 : ℚ) / 4096)	((727 : ℚ) / 512)	1	0	3
segment	4616	((727 : ℚ) / 512)	((5817 : ℚ) / 4096)	1	0	3
segment	4617	((5817 : ℚ) / 4096)	((2909 : ℚ) / 2048)	1	0	3
segment	4618	((2909 : ℚ) / 2048)	((5819 : ℚ) / 4096)	1	0	3
segment	4619	((5819 : ℚ) / 4096)	((1455 : ℚ) / 1024)	1	0	3
segment	4620	((1455 : ℚ) / 1024)	((5821 : ℚ) / 4096)	1	0	3
segment	4621	((5821 : ℚ) / 4096)	((2911 : ℚ) / 2048)	1	0	3
segment	4622	((2911 : ℚ) / 2048)	((5823 : ℚ) / 4096)	1	0	3
segment	4623	((5823 : ℚ) / 4096)	((91 : ℚ) / 64)	1	0	3
segment	4624	((91 : ℚ) / 64)	((5825 : ℚ) / 4096)	1	0	3
segment	4625	((5825 : ℚ) / 4096)	((2913 : ℚ) / 2048)	1	0	3
segment	4626	((2913 : ℚ) / 2048)	((5827 : ℚ) / 4096)	1	0	3
segment	4627	((5827 : ℚ) / 4096)	((1457 : ℚ) / 1024)	1	0	3
segment	4628	((1457 : ℚ) / 1024)	((5829 : ℚ) / 4096)	1	0	3
segment	4629	((5829 : ℚ) / 4096)	((2915 : ℚ) / 2048)	1	0	3
segment	4630	((2915 : ℚ) / 2048)	((5831 : ℚ) / 4096)	1	0	3
segment	4631	((5831 : ℚ) / 4096)	((729 : ℚ) / 512)	1	0	3
segment	4632	((729 : ℚ) / 512)	((5833 : ℚ) / 4096)	1	0	3
segment	4633	((5833 : ℚ) / 4096)	((2917 : ℚ) / 2048)	1	0	3
segment	4634	((2917 : ℚ) / 2048)	((5835 : ℚ) / 4096)	1	0	3
segment	4635	((5835 : ℚ) / 4096)	((1459 : ℚ) / 1024)	1	0	3
segment	4636	((1459 : ℚ) / 1024)	((5837 : ℚ) / 4096)	1	0	3
segment	4637	((5837 : ℚ) / 4096)	((2919 : ℚ) / 2048)	1	0	3
segment	4638	((2919 : ℚ) / 2048)	((5839 : ℚ) / 4096)	1	0	3
segment	4639	((5839 : ℚ) / 4096)	((365 : ℚ) / 256)	1	0	3
segment	4640	((365 : ℚ) / 256)	((5841 : ℚ) / 4096)	1	0	3
segment	4641	((5841 : ℚ) / 4096)	((2921 : ℚ) / 2048)	1	0	3
segment	4642	((2921 : ℚ) / 2048)	((5843 : ℚ) / 4096)	1	0	3
segment	4643	((5843 : ℚ) / 4096)	((1461 : ℚ) / 1024)	1	0	3
segment	4644	((1461 : ℚ) / 1024)	((5845 : ℚ) / 4096)	1	0	3
segment	4645	((5845 : ℚ) / 4096)	((2923 : ℚ) / 2048)	1	0	3
segment	4646	((2923 : ℚ) / 2048)	((5847 : ℚ) / 4096)	1	0	3
segment	4647	((5847 : ℚ) / 4096)	((731 : ℚ) / 512)	1	0	3
segment	4648	((731 : ℚ) / 512)	((5849 : ℚ) / 4096)	1	0	3
segment	4649	((5849 : ℚ) / 4096)	((2925 : ℚ) / 2048)	1	0	3
segment	4650	((2925 : ℚ) / 2048)	((5851 : ℚ) / 4096)	1	0	3
segment	4651	((5851 : ℚ) / 4096)	((1463 : ℚ) / 1024)	1	0	3
segment	4652	((1463 : ℚ) / 1024)	((5853 : ℚ) / 4096)	1	0	3
segment	4653	((5853 : ℚ) / 4096)	((2927 : ℚ) / 2048)	1	0	3
segment	4654	((2927 : ℚ) / 2048)	((5855 : ℚ) / 4096)	1	0	3
segment	4655	((5855 : ℚ) / 4096)	((183 : ℚ) / 128)	1	0	3
segment	4656	((183 : ℚ) / 128)	((5857 : ℚ) / 4096)	1	0	3
segment	4657	((5857 : ℚ) / 4096)	((2929 : ℚ) / 2048)	1	0	3
segment	4658	((2929 : ℚ) / 2048)	((5859 : ℚ) / 4096)	1	0	3
segment	4659	((5859 : ℚ) / 4096)	((1465 : ℚ) / 1024)	1	0	3
segment	4660	((1465 : ℚ) / 1024)	((5861 : ℚ) / 4096)	1	0	3
segment	4661	((5861 : ℚ) / 4096)	((2931 : ℚ) / 2048)	1	0	3
segment	4662	((2931 : ℚ) / 2048)	((5863 : ℚ) / 4096)	1	0	3
segment	4663	((5863 : ℚ) / 4096)	((733 : ℚ) / 512)	1	0	3
segment	4664	((733 : ℚ) / 512)	((5865 : ℚ) / 4096)	1	0	3
segment	4665	((5865 : ℚ) / 4096)	((2933 : ℚ) / 2048)	1	0	3
segment	4666	((2933 : ℚ) / 2048)	((5867 : ℚ) / 4096)	1	0	3
segment	4667	((5867 : ℚ) / 4096)	((1467 : ℚ) / 1024)	1	0	3
segment	4668	((1467 : ℚ) / 1024)	((5869 : ℚ) / 4096)	1	0	3
segment	4669	((5869 : ℚ) / 4096)	((2935 : ℚ) / 2048)	1	0	3
segment	4670	((2935 : ℚ) / 2048)	((5871 : ℚ) / 4096)	1	0	3
segment	4671	((5871 : ℚ) / 4096)	((367 : ℚ) / 256)	1	0	3
segment	4672	((367 : ℚ) / 256)	((5873 : ℚ) / 4096)	1	0	3
segment	4673	((5873 : ℚ) / 4096)	((2937 : ℚ) / 2048)	1	0	3
segment	4674	((2937 : ℚ) / 2048)	((5875 : ℚ) / 4096)	1	0	3
segment	4675	((5875 : ℚ) / 4096)	((1469 : ℚ) / 1024)	1	0	3
segment	4676	((1469 : ℚ) / 1024)	((5877 : ℚ) / 4096)	1	0	3
segment	4677	((5877 : ℚ) / 4096)	((2939 : ℚ) / 2048)	1	0	3
segment	4678	((2939 : ℚ) / 2048)	((5879 : ℚ) / 4096)	1	0	3
segment	4679	((5879 : ℚ) / 4096)	((735 : ℚ) / 512)	1	0	3
segment	4680	((735 : ℚ) / 512)	((5881 : ℚ) / 4096)	1	0	3
segment	4681	((5881 : ℚ) / 4096)	((2941 : ℚ) / 2048)	1	0	3
segment	4682	((2941 : ℚ) / 2048)	((5883 : ℚ) / 4096)	1	0	3
segment	4683	((5883 : ℚ) / 4096)	((1471 : ℚ) / 1024)	1	0	3
segment	4684	((1471 : ℚ) / 1024)	((5885 : ℚ) / 4096)	1	0	3
segment	4685	((5885 : ℚ) / 4096)	((2943 : ℚ) / 2048)	1	0	3
segment	4686	((2943 : ℚ) / 2048)	((5887 : ℚ) / 4096)	1	0	3
segment	4687	((5887 : ℚ) / 4096)	((23 : ℚ) / 16)	1	0	3
segment	4688	((23 : ℚ) / 16)	((5889 : ℚ) / 4096)	1	0	3
segment	4689	((5889 : ℚ) / 4096)	((2945 : ℚ) / 2048)	1	0	3
segment	4690	((2945 : ℚ) / 2048)	((5891 : ℚ) / 4096)	1	0	3
segment	4691	((5891 : ℚ) / 4096)	((1473 : ℚ) / 1024)	1	0	3
segment	4692	((1473 : ℚ) / 1024)	((5893 : ℚ) / 4096)	1	0	3
segment	4693	((5893 : ℚ) / 4096)	((2947 : ℚ) / 2048)	1	0	3
segment	4694	((2947 : ℚ) / 2048)	((5895 : ℚ) / 4096)	1	0	3
segment	4695	((5895 : ℚ) / 4096)	((737 : ℚ) / 512)	1	0	3
segment	4696	((737 : ℚ) / 512)	((5897 : ℚ) / 4096)	1	0	3
segment	4697	((5897 : ℚ) / 4096)	((2949 : ℚ) / 2048)	1	0	3
segment	4698	((2949 : ℚ) / 2048)	((5899 : ℚ) / 4096)	1	0	3
segment	4699	((5899 : ℚ) / 4096)	((1475 : ℚ) / 1024)	1	0	3
segment	4700	((1475 : ℚ) / 1024)	((5901 : ℚ) / 4096)	1	0	3
segment	4701	((5901 : ℚ) / 4096)	((2951 : ℚ) / 2048)	1	0	3
segment	4702	((2951 : ℚ) / 2048)	((5903 : ℚ) / 4096)	1	0	3
segment	4703	((5903 : ℚ) / 4096)	((369 : ℚ) / 256)	1	0	3
segment	4704	((369 : ℚ) / 256)	((5905 : ℚ) / 4096)	1	0	3
segment	4705	((5905 : ℚ) / 4096)	((2953 : ℚ) / 2048)	1	0	3
segment	4706	((2953 : ℚ) / 2048)	((5907 : ℚ) / 4096)	1	0	3
segment	4707	((5907 : ℚ) / 4096)	((1477 : ℚ) / 1024)	1	0	3
segment	4708	((1477 : ℚ) / 1024)	((5909 : ℚ) / 4096)	1	0	3
segment	4709	((5909 : ℚ) / 4096)	((2955 : ℚ) / 2048)	1	0	3
segment	4710	((2955 : ℚ) / 2048)	((5911 : ℚ) / 4096)	1	0	3
segment	4711	((5911 : ℚ) / 4096)	((739 : ℚ) / 512)	1	0	3
segment	4712	((739 : ℚ) / 512)	((5913 : ℚ) / 4096)	1	0	3
segment	4713	((5913 : ℚ) / 4096)	((2957 : ℚ) / 2048)	1	0	3
segment	4714	((2957 : ℚ) / 2048)	((5915 : ℚ) / 4096)	1	0	3
segment	4715	((5915 : ℚ) / 4096)	((1479 : ℚ) / 1024)	1	0	3
segment	4716	((1479 : ℚ) / 1024)	((5917 : ℚ) / 4096)	1	0	3
segment	4717	((5917 : ℚ) / 4096)	((2959 : ℚ) / 2048)	1	0	3
segment	4718	((2959 : ℚ) / 2048)	((5919 : ℚ) / 4096)	1	0	3
segment	4719	((5919 : ℚ) / 4096)	((185 : ℚ) / 128)	1	0	3
segment	4720	((185 : ℚ) / 128)	((5921 : ℚ) / 4096)	1	0	3
segment	4721	((5921 : ℚ) / 4096)	((2961 : ℚ) / 2048)	1	0	3
segment	4722	((2961 : ℚ) / 2048)	((5923 : ℚ) / 4096)	1	0	3
segment	4723	((5923 : ℚ) / 4096)	((1481 : ℚ) / 1024)	1	0	3
segment	4724	((1481 : ℚ) / 1024)	((5925 : ℚ) / 4096)	1	0	3
segment	4725	((5925 : ℚ) / 4096)	((2963 : ℚ) / 2048)	1	0	3
segment	4726	((2963 : ℚ) / 2048)	((5927 : ℚ) / 4096)	1	0	3
segment	4727	((5927 : ℚ) / 4096)	((741 : ℚ) / 512)	1	0	3
segment	4728	((741 : ℚ) / 512)	((5929 : ℚ) / 4096)	1	0	3
segment	4729	((5929 : ℚ) / 4096)	((2965 : ℚ) / 2048)	1	0	3
segment	4730	((2965 : ℚ) / 2048)	((5931 : ℚ) / 4096)	1	0	3
segment	4731	((5931 : ℚ) / 4096)	((1483 : ℚ) / 1024)	1	0	3
segment	4732	((1483 : ℚ) / 1024)	((5933 : ℚ) / 4096)	1	0	3
segment	4733	((5933 : ℚ) / 4096)	((2967 : ℚ) / 2048)	1	0	3
segment	4734	((2967 : ℚ) / 2048)	((5935 : ℚ) / 4096)	1	0	3
segment	4735	((5935 : ℚ) / 4096)	((371 : ℚ) / 256)	1	0	3
segment	4736	((371 : ℚ) / 256)	((5937 : ℚ) / 4096)	1	0	3
segment	4737	((5937 : ℚ) / 4096)	((2969 : ℚ) / 2048)	1	0	3
segment	4738	((2969 : ℚ) / 2048)	((5939 : ℚ) / 4096)	1	0	3
segment	4739	((5939 : ℚ) / 4096)	((1485 : ℚ) / 1024)	1	0	3
segment	4740	((1485 : ℚ) / 1024)	((5941 : ℚ) / 4096)	1	0	3
segment	4741	((5941 : ℚ) / 4096)	((2971 : ℚ) / 2048)	1	0	3
segment	4742	((2971 : ℚ) / 2048)	((5943 : ℚ) / 4096)	1	0	3
segment	4743	((5943 : ℚ) / 4096)	((743 : ℚ) / 512)	1	0	3
segment	4744	((743 : ℚ) / 512)	((5945 : ℚ) / 4096)	1	0	3
segment	4745	((5945 : ℚ) / 4096)	((2973 : ℚ) / 2048)	1	0	3
segment	4746	((2973 : ℚ) / 2048)	((5947 : ℚ) / 4096)	1	0	3
segment	4747	((5947 : ℚ) / 4096)	((1487 : ℚ) / 1024)	1	0	3
segment	4748	((1487 : ℚ) / 1024)	((5949 : ℚ) / 4096)	1	0	3
segment	4749	((5949 : ℚ) / 4096)	((2975 : ℚ) / 2048)	1	0	3
segment	4750	((2975 : ℚ) / 2048)	((5951 : ℚ) / 4096)	1	0	3
segment	4751	((5951 : ℚ) / 4096)	((93 : ℚ) / 64)	1	0	3
segment	4752	((93 : ℚ) / 64)	((5953 : ℚ) / 4096)	1	0	3
segment	4753	((5953 : ℚ) / 4096)	((2977 : ℚ) / 2048)	1	0	3
segment	4754	((2977 : ℚ) / 2048)	((5955 : ℚ) / 4096)	1	0	3
segment	4755	((5955 : ℚ) / 4096)	((1489 : ℚ) / 1024)	1	0	3
segment	4756	((1489 : ℚ) / 1024)	((5957 : ℚ) / 4096)	1	0	3
segment	4757	((5957 : ℚ) / 4096)	((2979 : ℚ) / 2048)	1	0	3
segment	4758	((2979 : ℚ) / 2048)	((5959 : ℚ) / 4096)	1	0	3
segment	4759	((5959 : ℚ) / 4096)	((745 : ℚ) / 512)	1	0	3
segment	4760	((745 : ℚ) / 512)	((5961 : ℚ) / 4096)	1	0	3
segment	4761	((5961 : ℚ) / 4096)	((2981 : ℚ) / 2048)	1	0	3
segment	4762	((2981 : ℚ) / 2048)	((5963 : ℚ) / 4096)	1	0	3
segment	4763	((5963 : ℚ) / 4096)	((1491 : ℚ) / 1024)	1	0	3
segment	4764	((1491 : ℚ) / 1024)	((5965 : ℚ) / 4096)	1	0	3
segment	4765	((5965 : ℚ) / 4096)	((2983 : ℚ) / 2048)	1	0	3
segment	4766	((2983 : ℚ) / 2048)	((5967 : ℚ) / 4096)	1	0	3
segment	4767	((5967 : ℚ) / 4096)	((373 : ℚ) / 256)	1	0	3
segment	4768	((373 : ℚ) / 256)	((5969 : ℚ) / 4096)	1	0	3
segment	4769	((5969 : ℚ) / 4096)	((2985 : ℚ) / 2048)	1	0	3
segment	4770	((2985 : ℚ) / 2048)	((5971 : ℚ) / 4096)	1	0	3
segment	4771	((5971 : ℚ) / 4096)	((1493 : ℚ) / 1024)	1	0	3
segment	4772	((1493 : ℚ) / 1024)	((5973 : ℚ) / 4096)	1	0	3
segment	4773	((5973 : ℚ) / 4096)	((2987 : ℚ) / 2048)	1	0	3
segment	4774	((2987 : ℚ) / 2048)	((5975 : ℚ) / 4096)	1	0	3
segment	4775	((5975 : ℚ) / 4096)	((747 : ℚ) / 512)	1	0	3
segment	4776	((747 : ℚ) / 512)	((5977 : ℚ) / 4096)	1	0	3
segment	4777	((5977 : ℚ) / 4096)	((2989 : ℚ) / 2048)	1	0	3
segment	4778	((2989 : ℚ) / 2048)	((5979 : ℚ) / 4096)	1	0	3
segment	4779	((5979 : ℚ) / 4096)	((1495 : ℚ) / 1024)	1	0	3
segment	4780	((1495 : ℚ) / 1024)	((5981 : ℚ) / 4096)	1	0	3
segment	4781	((5981 : ℚ) / 4096)	((2991 : ℚ) / 2048)	1	0	3
segment	4782	((2991 : ℚ) / 2048)	((5983 : ℚ) / 4096)	1	0	3
segment	4783	((5983 : ℚ) / 4096)	((187 : ℚ) / 128)	1	0	3
segment	4784	((187 : ℚ) / 128)	((5985 : ℚ) / 4096)	1	0	3
segment	4785	((5985 : ℚ) / 4096)	((2993 : ℚ) / 2048)	1	0	3
segment	4786	((2993 : ℚ) / 2048)	((5987 : ℚ) / 4096)	1	0	3
segment	4787	((5987 : ℚ) / 4096)	((1497 : ℚ) / 1024)	1	0	3
segment	4788	((1497 : ℚ) / 1024)	((5989 : ℚ) / 4096)	1	0	3
segment	4789	((5989 : ℚ) / 4096)	((2995 : ℚ) / 2048)	1	0	3
segment	4790	((2995 : ℚ) / 2048)	((5991 : ℚ) / 4096)	1	0	3
segment	4791	((5991 : ℚ) / 4096)	((749 : ℚ) / 512)	1	0	3
segment	4792	((749 : ℚ) / 512)	((5993 : ℚ) / 4096)	1	0	3
segment	4793	((5993 : ℚ) / 4096)	((2997 : ℚ) / 2048)	1	0	3
segment	4794	((2997 : ℚ) / 2048)	((5995 : ℚ) / 4096)	1	0	3
segment	4795	((5995 : ℚ) / 4096)	((1499 : ℚ) / 1024)	1	0	3
segment	4796	((1499 : ℚ) / 1024)	((5997 : ℚ) / 4096)	1	0	3
segment	4797	((5997 : ℚ) / 4096)	((2999 : ℚ) / 2048)	1	0	3
segment	4798	((2999 : ℚ) / 2048)	((5999 : ℚ) / 4096)	1	0	3
segment	4799	((5999 : ℚ) / 4096)	((375 : ℚ) / 256)	1	0	3
segment	4800	((375 : ℚ) / 256)	((6001 : ℚ) / 4096)	1	0	3
segment	4801	((6001 : ℚ) / 4096)	((3001 : ℚ) / 2048)	1	0	3
segment	4802	((3001 : ℚ) / 2048)	((6003 : ℚ) / 4096)	1	0	3
segment	4803	((6003 : ℚ) / 4096)	((1501 : ℚ) / 1024)	1	0	3
segment	4804	((1501 : ℚ) / 1024)	((6005 : ℚ) / 4096)	1	0	3
segment	4805	((6005 : ℚ) / 4096)	((3003 : ℚ) / 2048)	1	0	3
segment	4806	((3003 : ℚ) / 2048)	((6007 : ℚ) / 4096)	1	0	3
segment	4807	((6007 : ℚ) / 4096)	((751 : ℚ) / 512)	1	0	3
segment	4808	((751 : ℚ) / 512)	((6009 : ℚ) / 4096)	1	0	3
segment	4809	((6009 : ℚ) / 4096)	((3005 : ℚ) / 2048)	1	0	3
segment	4810	((3005 : ℚ) / 2048)	((6011 : ℚ) / 4096)	1	0	3
segment	4811	((6011 : ℚ) / 4096)	((1503 : ℚ) / 1024)	1	0	3
segment	4812	((1503 : ℚ) / 1024)	((6013 : ℚ) / 4096)	1	0	3
segment	4813	((6013 : ℚ) / 4096)	((3007 : ℚ) / 2048)	1	0	3
segment	4814	((3007 : ℚ) / 2048)	((6015 : ℚ) / 4096)	1	0	3
segment	4815	((6015 : ℚ) / 4096)	((47 : ℚ) / 32)	1	0	3
segment	4816	((47 : ℚ) / 32)	((6017 : ℚ) / 4096)	1	0	3
segment	4817	((6017 : ℚ) / 4096)	((3009 : ℚ) / 2048)	1	0	3
segment	4818	((3009 : ℚ) / 2048)	((6019 : ℚ) / 4096)	1	0	3
segment	4819	((6019 : ℚ) / 4096)	((1505 : ℚ) / 1024)	1	0	3
segment	4820	((1505 : ℚ) / 1024)	((6021 : ℚ) / 4096)	1	0	3
segment	4821	((6021 : ℚ) / 4096)	((3011 : ℚ) / 2048)	1	0	3
segment	4822	((3011 : ℚ) / 2048)	((6023 : ℚ) / 4096)	1	0	3
segment	4823	((6023 : ℚ) / 4096)	((753 : ℚ) / 512)	1	0	3
segment	4824	((753 : ℚ) / 512)	((6025 : ℚ) / 4096)	1	0	3
segment	4825	((6025 : ℚ) / 4096)	((3013 : ℚ) / 2048)	1	0	3
segment	4826	((3013 : ℚ) / 2048)	((6027 : ℚ) / 4096)	1	0	3
segment	4827	((6027 : ℚ) / 4096)	((1507 : ℚ) / 1024)	1	0	3
segment	4828	((1507 : ℚ) / 1024)	((6029 : ℚ) / 4096)	1	0	3
segment	4829	((6029 : ℚ) / 4096)	((3015 : ℚ) / 2048)	1	0	3
segment	4830	((3015 : ℚ) / 2048)	((6031 : ℚ) / 4096)	1	0	3
segment	4831	((6031 : ℚ) / 4096)	((377 : ℚ) / 256)	1	0	3
segment	4832	((377 : ℚ) / 256)	((6033 : ℚ) / 4096)	1	0	3
segment	4833	((6033 : ℚ) / 4096)	((3017 : ℚ) / 2048)	1	0	3
segment	4834	((3017 : ℚ) / 2048)	((6035 : ℚ) / 4096)	1	0	3
segment	4835	((6035 : ℚ) / 4096)	((1509 : ℚ) / 1024)	1	0	3
segment	4836	((1509 : ℚ) / 1024)	((6037 : ℚ) / 4096)	1	0	3
segment	4837	((6037 : ℚ) / 4096)	((3019 : ℚ) / 2048)	1	0	3
segment	4838	((3019 : ℚ) / 2048)	((6039 : ℚ) / 4096)	1	0	3
segment	4839	((6039 : ℚ) / 4096)	((755 : ℚ) / 512)	1	0	3
segment	4840	((755 : ℚ) / 512)	((6041 : ℚ) / 4096)	1	0	3
segment	4841	((6041 : ℚ) / 4096)	((3021 : ℚ) / 2048)	1	0	3
segment	4842	((3021 : ℚ) / 2048)	((6043 : ℚ) / 4096)	1	0	3
segment	4843	((6043 : ℚ) / 4096)	((1511 : ℚ) / 1024)	1	0	3
segment	4844	((1511 : ℚ) / 1024)	((6045 : ℚ) / 4096)	1	0	3
segment	4845	((6045 : ℚ) / 4096)	((3023 : ℚ) / 2048)	1	0	3
segment	4846	((3023 : ℚ) / 2048)	((6047 : ℚ) / 4096)	1	0	3
segment	4847	((6047 : ℚ) / 4096)	((189 : ℚ) / 128)	1	0	3
segment	4848	((189 : ℚ) / 128)	((6049 : ℚ) / 4096)	1	0	3
segment	4849	((6049 : ℚ) / 4096)	((3025 : ℚ) / 2048)	1	0	3
segment	4850	((3025 : ℚ) / 2048)	((6051 : ℚ) / 4096)	1	0	3
segment	4851	((6051 : ℚ) / 4096)	((1513 : ℚ) / 1024)	1	0	3
segment	4852	((1513 : ℚ) / 1024)	((6053 : ℚ) / 4096)	1	0	3
segment	4853	((6053 : ℚ) / 4096)	((3027 : ℚ) / 2048)	1	0	3
segment	4854	((3027 : ℚ) / 2048)	((6055 : ℚ) / 4096)	1	0	3
segment	4855	((6055 : ℚ) / 4096)	((757 : ℚ) / 512)	1	0	3
segment	4856	((757 : ℚ) / 512)	((6057 : ℚ) / 4096)	1	0	3
segment	4857	((6057 : ℚ) / 4096)	((3029 : ℚ) / 2048)	1	0	3
segment	4858	((3029 : ℚ) / 2048)	((6059 : ℚ) / 4096)	1	0	3
segment	4859	((6059 : ℚ) / 4096)	((1515 : ℚ) / 1024)	1	0	3
segment	4860	((1515 : ℚ) / 1024)	((6061 : ℚ) / 4096)	1	0	3
segment	4861	((6061 : ℚ) / 4096)	((3031 : ℚ) / 2048)	1	0	3
segment	4862	((3031 : ℚ) / 2048)	((6063 : ℚ) / 4096)	1	0	3
segment	4863	((6063 : ℚ) / 4096)	((379 : ℚ) / 256)	1	0	3
segment	4864	((379 : ℚ) / 256)	((6065 : ℚ) / 4096)	1	0	3
segment	4865	((6065 : ℚ) / 4096)	((3033 : ℚ) / 2048)	1	0	3
segment	4866	((3033 : ℚ) / 2048)	((6067 : ℚ) / 4096)	1	0	3
segment	4867	((6067 : ℚ) / 4096)	((1517 : ℚ) / 1024)	1	0	3
segment	4868	((1517 : ℚ) / 1024)	((6069 : ℚ) / 4096)	1	0	3
segment	4869	((6069 : ℚ) / 4096)	((3035 : ℚ) / 2048)	1	0	3
segment	4870	((3035 : ℚ) / 2048)	((6071 : ℚ) / 4096)	1	0	3
segment	4871	((6071 : ℚ) / 4096)	((759 : ℚ) / 512)	1	0	3
segment	4872	((759 : ℚ) / 512)	((6073 : ℚ) / 4096)	1	0	3
segment	4873	((6073 : ℚ) / 4096)	((3037 : ℚ) / 2048)	1	0	3
segment	4874	((3037 : ℚ) / 2048)	((6075 : ℚ) / 4096)	1	0	3
segment	4875	((6075 : ℚ) / 4096)	((1519 : ℚ) / 1024)	1	0	3
segment	4876	((1519 : ℚ) / 1024)	((6077 : ℚ) / 4096)	1	0	3
segment	4877	((6077 : ℚ) / 4096)	((3039 : ℚ) / 2048)	1	0	3
segment	4878	((3039 : ℚ) / 2048)	((6079 : ℚ) / 4096)	1	0	3
segment	4879	((6079 : ℚ) / 4096)	((95 : ℚ) / 64)	1	0	3
segment	4880	((95 : ℚ) / 64)	((6081 : ℚ) / 4096)	1	0	3
segment	4881	((6081 : ℚ) / 4096)	((3041 : ℚ) / 2048)	1	0	3
segment	4882	((3041 : ℚ) / 2048)	((6083 : ℚ) / 4096)	1	0	3
segment	4883	((6083 : ℚ) / 4096)	((1521 : ℚ) / 1024)	1	0	3
segment	4884	((1521 : ℚ) / 1024)	((6085 : ℚ) / 4096)	1	0	3
segment	4885	((6085 : ℚ) / 4096)	((3043 : ℚ) / 2048)	1	0	3
segment	4886	((3043 : ℚ) / 2048)	((6087 : ℚ) / 4096)	1	0	3
segment	4887	((6087 : ℚ) / 4096)	((761 : ℚ) / 512)	1	0	3
segment	4888	((761 : ℚ) / 512)	((6089 : ℚ) / 4096)	1	0	3
segment	4889	((6089 : ℚ) / 4096)	((3045 : ℚ) / 2048)	1	0	3
segment	4890	((3045 : ℚ) / 2048)	((6091 : ℚ) / 4096)	1	0	3
segment	4891	((6091 : ℚ) / 4096)	((1523 : ℚ) / 1024)	1	0	3
segment	4892	((1523 : ℚ) / 1024)	((6093 : ℚ) / 4096)	1	0	3
segment	4893	((6093 : ℚ) / 4096)	((3047 : ℚ) / 2048)	1	0	3
segment	4894	((3047 : ℚ) / 2048)	((6095 : ℚ) / 4096)	1	0	3
segment	4895	((6095 : ℚ) / 4096)	((381 : ℚ) / 256)	1	0	3
segment	4896	((381 : ℚ) / 256)	((6097 : ℚ) / 4096)	1	0	3
segment	4897	((6097 : ℚ) / 4096)	((3049 : ℚ) / 2048)	1	0	3
segment	4898	((3049 : ℚ) / 2048)	((6099 : ℚ) / 4096)	1	0	3
segment	4899	((6099 : ℚ) / 4096)	((1525 : ℚ) / 1024)	1	0	3
segment	4900	((1525 : ℚ) / 1024)	((6101 : ℚ) / 4096)	1	0	3
segment	4901	((6101 : ℚ) / 4096)	((3051 : ℚ) / 2048)	1	0	3
segment	4902	((3051 : ℚ) / 2048)	((6103 : ℚ) / 4096)	1	0	3
segment	4903	((6103 : ℚ) / 4096)	((763 : ℚ) / 512)	1	0	3
segment	4904	((763 : ℚ) / 512)	((6105 : ℚ) / 4096)	1	0	3
segment	4905	((6105 : ℚ) / 4096)	((3053 : ℚ) / 2048)	1	0	3
segment	4906	((3053 : ℚ) / 2048)	((6107 : ℚ) / 4096)	1	0	3
segment	4907	((6107 : ℚ) / 4096)	((1527 : ℚ) / 1024)	1	0	3
segment	4908	((1527 : ℚ) / 1024)	((6109 : ℚ) / 4096)	1	0	3
segment	4909	((6109 : ℚ) / 4096)	((3055 : ℚ) / 2048)	1	0	3
segment	4910	((3055 : ℚ) / 2048)	((6111 : ℚ) / 4096)	1	0	3
segment	4911	((6111 : ℚ) / 4096)	((191 : ℚ) / 128)	1	0	3
segment	4912	((191 : ℚ) / 128)	((6113 : ℚ) / 4096)	1	0	3
segment	4913	((6113 : ℚ) / 4096)	((3057 : ℚ) / 2048)	1	0	3
segment	4914	((3057 : ℚ) / 2048)	((6115 : ℚ) / 4096)	1	0	3
segment	4915	((6115 : ℚ) / 4096)	((1529 : ℚ) / 1024)	1	0	3
segment	4916	((1529 : ℚ) / 1024)	((6117 : ℚ) / 4096)	1	0	3
segment	4917	((6117 : ℚ) / 4096)	((3059 : ℚ) / 2048)	1	0	3
segment	4918	((3059 : ℚ) / 2048)	((6119 : ℚ) / 4096)	1	0	3
segment	4919	((6119 : ℚ) / 4096)	((765 : ℚ) / 512)	1	0	3
segment	4920	((765 : ℚ) / 512)	((6121 : ℚ) / 4096)	1	0	3
segment	4921	((6121 : ℚ) / 4096)	((3061 : ℚ) / 2048)	1	0	3
segment	4922	((3061 : ℚ) / 2048)	((6123 : ℚ) / 4096)	1	0	3
segment	4923	((6123 : ℚ) / 4096)	((1531 : ℚ) / 1024)	1	0	3
segment	4924	((1531 : ℚ) / 1024)	((6125 : ℚ) / 4096)	1	0	3
segment	4925	((6125 : ℚ) / 4096)	((3063 : ℚ) / 2048)	1	0	3
segment	4926	((3063 : ℚ) / 2048)	((6127 : ℚ) / 4096)	1	0	3
segment	4927	((6127 : ℚ) / 4096)	((383 : ℚ) / 256)	1	0	3
segment	4928	((383 : ℚ) / 256)	((6129 : ℚ) / 4096)	1	0	3
segment	4929	((6129 : ℚ) / 4096)	((3065 : ℚ) / 2048)	1	0	3
segment	4930	((3065 : ℚ) / 2048)	((6131 : ℚ) / 4096)	1	0	3
segment	4931	((6131 : ℚ) / 4096)	((1533 : ℚ) / 1024)	1	0	3
segment	4932	((1533 : ℚ) / 1024)	((6133 : ℚ) / 4096)	1	0	3
segment	4933	((6133 : ℚ) / 4096)	((3067 : ℚ) / 2048)	1	0	3
segment	4934	((3067 : ℚ) / 2048)	((6135 : ℚ) / 4096)	1	0	3
segment	4935	((6135 : ℚ) / 4096)	((767 : ℚ) / 512)	1	0	3
segment	4936	((767 : ℚ) / 512)	((6137 : ℚ) / 4096)	1	0	3
segment	4937	((6137 : ℚ) / 4096)	((3069 : ℚ) / 2048)	1	0	3
segment	4938	((3069 : ℚ) / 2048)	((6139 : ℚ) / 4096)	1	0	3
segment	4939	((6139 : ℚ) / 4096)	((1535 : ℚ) / 1024)	1	0	3
segment	4940	((1535 : ℚ) / 1024)	((6141 : ℚ) / 4096)	1	0	3
segment	4941	((6141 : ℚ) / 4096)	((3071 : ℚ) / 2048)	1	0	3
segment	4942	((3071 : ℚ) / 2048)	((6143 : ℚ) / 4096)	1	0	3
segment	4943	((6143 : ℚ) / 4096)	((3 : ℚ) / 2)	1	0	3
segment	4944	((3 : ℚ) / 2)	((6145 : ℚ) / 4096)	1	0	3
segment	4945	((6145 : ℚ) / 4096)	((3073 : ℚ) / 2048)	1	0	3
segment	4946	((3073 : ℚ) / 2048)	((6147 : ℚ) / 4096)	1	0	3
segment	4947	((6147 : ℚ) / 4096)	((1537 : ℚ) / 1024)	1	0	3
segment	4948	((1537 : ℚ) / 1024)	((6149 : ℚ) / 4096)	1	0	3
segment	4949	((6149 : ℚ) / 4096)	((3075 : ℚ) / 2048)	1	0	3
segment	4950	((3075 : ℚ) / 2048)	((6151 : ℚ) / 4096)	1	0	3
segment	4951	((6151 : ℚ) / 4096)	((769 : ℚ) / 512)	1	0	3
segment	4952	((769 : ℚ) / 512)	((6153 : ℚ) / 4096)	1	0	3
segment	4953	((6153 : ℚ) / 4096)	((3077 : ℚ) / 2048)	1	0	3
segment	4954	((3077 : ℚ) / 2048)	((6155 : ℚ) / 4096)	1	0	3
segment	4955	((6155 : ℚ) / 4096)	((1539 : ℚ) / 1024)	1	0	3
segment	4956	((1539 : ℚ) / 1024)	((6157 : ℚ) / 4096)	1	0	3
segment	4957	((6157 : ℚ) / 4096)	((3079 : ℚ) / 2048)	1	0	3
segment	4958	((3079 : ℚ) / 2048)	((6159 : ℚ) / 4096)	1	0	3
segment	4959	((6159 : ℚ) / 4096)	((385 : ℚ) / 256)	1	0	3
segment	4960	((385 : ℚ) / 256)	((6161 : ℚ) / 4096)	1	0	3
segment	4961	((6161 : ℚ) / 4096)	((3081 : ℚ) / 2048)	1	0	3
segment	4962	((3081 : ℚ) / 2048)	((6163 : ℚ) / 4096)	1	0	3
segment	4963	((6163 : ℚ) / 4096)	((1541 : ℚ) / 1024)	1	0	3
segment	4964	((1541 : ℚ) / 1024)	((6165 : ℚ) / 4096)	1	0	3
segment	4965	((6165 : ℚ) / 4096)	((3083 : ℚ) / 2048)	1	0	3
segment	4966	((3083 : ℚ) / 2048)	((6167 : ℚ) / 4096)	1	0	3
segment	4967	((6167 : ℚ) / 4096)	((771 : ℚ) / 512)	1	0	3
segment	4968	((771 : ℚ) / 512)	((6169 : ℚ) / 4096)	1	0	3
segment	4969	((6169 : ℚ) / 4096)	((3085 : ℚ) / 2048)	1	0	3
segment	4970	((3085 : ℚ) / 2048)	((6171 : ℚ) / 4096)	1	0	3
segment	4971	((6171 : ℚ) / 4096)	((1543 : ℚ) / 1024)	1	0	3
segment	4972	((1543 : ℚ) / 1024)	((6173 : ℚ) / 4096)	1	0	3
segment	4973	((6173 : ℚ) / 4096)	((3087 : ℚ) / 2048)	1	0	3
segment	4974	((3087 : ℚ) / 2048)	((6175 : ℚ) / 4096)	1	0	3
segment	4975	((6175 : ℚ) / 4096)	((193 : ℚ) / 128)	1	0	3
segment	4976	((193 : ℚ) / 128)	((6177 : ℚ) / 4096)	1	0	3
segment	4977	((6177 : ℚ) / 4096)	((3089 : ℚ) / 2048)	1	0	3
segment	4978	((3089 : ℚ) / 2048)	((6179 : ℚ) / 4096)	1	0	3
segment	4979	((6179 : ℚ) / 4096)	((1545 : ℚ) / 1024)	1	0	3
segment	4980	((1545 : ℚ) / 1024)	((6181 : ℚ) / 4096)	1	0	3
segment	4981	((6181 : ℚ) / 4096)	((3091 : ℚ) / 2048)	1	0	3
segment	4982	((3091 : ℚ) / 2048)	((6183 : ℚ) / 4096)	1	0	3
segment	4983	((6183 : ℚ) / 4096)	((773 : ℚ) / 512)	1	0	3
segment	4984	((773 : ℚ) / 512)	((6185 : ℚ) / 4096)	1	0	3
segment	4985	((6185 : ℚ) / 4096)	((3093 : ℚ) / 2048)	1	0	3
segment	4986	((3093 : ℚ) / 2048)	((6187 : ℚ) / 4096)	1	0	3
segment	4987	((6187 : ℚ) / 4096)	((1547 : ℚ) / 1024)	1	0	3
segment	4988	((1547 : ℚ) / 1024)	((6189 : ℚ) / 4096)	1	0	3
segment	4989	((6189 : ℚ) / 4096)	((3095 : ℚ) / 2048)	1	0	3
segment	4990	((3095 : ℚ) / 2048)	((6191 : ℚ) / 4096)	1	0	3
segment	4991	((6191 : ℚ) / 4096)	((387 : ℚ) / 256)	1	0	3
segment	4992	((387 : ℚ) / 256)	((6193 : ℚ) / 4096)	1	0	3
segment	4993	((6193 : ℚ) / 4096)	((3097 : ℚ) / 2048)	1	0	3
segment	4994	((3097 : ℚ) / 2048)	((6195 : ℚ) / 4096)	1	0	3
segment	4995	((6195 : ℚ) / 4096)	((1549 : ℚ) / 1024)	1	0	3
segment	4996	((1549 : ℚ) / 1024)	((6197 : ℚ) / 4096)	1	0	3
segment	4997	((6197 : ℚ) / 4096)	((3099 : ℚ) / 2048)	1	0	3
segment	4998	((3099 : ℚ) / 2048)	((6199 : ℚ) / 4096)	1	0	3
segment	4999	((6199 : ℚ) / 4096)	((775 : ℚ) / 512)	1	0	3
segment	5000	((775 : ℚ) / 512)	((6201 : ℚ) / 4096)	1	0	3
segment	5001	((6201 : ℚ) / 4096)	((3101 : ℚ) / 2048)	1	0	3
segment	5002	((3101 : ℚ) / 2048)	((6203 : ℚ) / 4096)	1	0	3
segment	5003	((6203 : ℚ) / 4096)	((1551 : ℚ) / 1024)	1	0	3
segment	5004	((1551 : ℚ) / 1024)	((6205 : ℚ) / 4096)	1	0	3
segment	5005	((6205 : ℚ) / 4096)	((3103 : ℚ) / 2048)	1	0	3
segment	5006	((3103 : ℚ) / 2048)	((6207 : ℚ) / 4096)	1	0	3
segment	5007	((6207 : ℚ) / 4096)	((97 : ℚ) / 64)	1	0	3
segment	5008	((97 : ℚ) / 64)	((6209 : ℚ) / 4096)	1	0	3
segment	5009	((6209 : ℚ) / 4096)	((3105 : ℚ) / 2048)	1	0	3
segment	5010	((3105 : ℚ) / 2048)	((6211 : ℚ) / 4096)	1	0	3
segment	5011	((6211 : ℚ) / 4096)	((1553 : ℚ) / 1024)	1	0	3
segment	5012	((1553 : ℚ) / 1024)	((6213 : ℚ) / 4096)	1	0	3
segment	5013	((6213 : ℚ) / 4096)	((3107 : ℚ) / 2048)	1	0	3
segment	5014	((3107 : ℚ) / 2048)	((6215 : ℚ) / 4096)	1	0	3
segment	5015	((6215 : ℚ) / 4096)	((777 : ℚ) / 512)	1	0	3
segment	5016	((777 : ℚ) / 512)	((6217 : ℚ) / 4096)	1	0	3
segment	5017	((6217 : ℚ) / 4096)	((3109 : ℚ) / 2048)	1	0	3
segment	5018	((3109 : ℚ) / 2048)	((6219 : ℚ) / 4096)	1	0	3
segment	5019	((6219 : ℚ) / 4096)	((1555 : ℚ) / 1024)	1	0	3
segment	5020	((1555 : ℚ) / 1024)	((6221 : ℚ) / 4096)	1	0	3
segment	5021	((6221 : ℚ) / 4096)	((3111 : ℚ) / 2048)	1	0	3
segment	5022	((3111 : ℚ) / 2048)	((6223 : ℚ) / 4096)	1	0	3
segment	5023	((6223 : ℚ) / 4096)	((389 : ℚ) / 256)	1	0	3
segment	5024	((389 : ℚ) / 256)	((6225 : ℚ) / 4096)	1	0	3
segment	5025	((6225 : ℚ) / 4096)	((3113 : ℚ) / 2048)	1	0	3
segment	5026	((3113 : ℚ) / 2048)	((6227 : ℚ) / 4096)	1	0	3
segment	5027	((6227 : ℚ) / 4096)	((1557 : ℚ) / 1024)	1	0	3
segment	5028	((1557 : ℚ) / 1024)	((6229 : ℚ) / 4096)	1	0	3
segment	5029	((6229 : ℚ) / 4096)	((3115 : ℚ) / 2048)	1	0	3
segment	5030	((3115 : ℚ) / 2048)	((6231 : ℚ) / 4096)	1	0	3
segment	5031	((6231 : ℚ) / 4096)	((779 : ℚ) / 512)	1	0	3
segment	5032	((779 : ℚ) / 512)	((6233 : ℚ) / 4096)	1	0	3
segment	5033	((6233 : ℚ) / 4096)	((3117 : ℚ) / 2048)	1	0	3
segment	5034	((3117 : ℚ) / 2048)	((6235 : ℚ) / 4096)	1	0	3
segment	5035	((6235 : ℚ) / 4096)	((1559 : ℚ) / 1024)	1	0	3
segment	5036	((1559 : ℚ) / 1024)	((6237 : ℚ) / 4096)	1	0	3
segment	5037	((6237 : ℚ) / 4096)	((3119 : ℚ) / 2048)	1	0	3
segment	5038	((3119 : ℚ) / 2048)	((6239 : ℚ) / 4096)	1	0	3
segment	5039	((6239 : ℚ) / 4096)	((195 : ℚ) / 128)	1	0	3
segment	5040	((195 : ℚ) / 128)	((6241 : ℚ) / 4096)	1	0	3
segment	5041	((6241 : ℚ) / 4096)	((3121 : ℚ) / 2048)	1	0	3
segment	5042	((3121 : ℚ) / 2048)	((6243 : ℚ) / 4096)	1	0	3
segment	5043	((6243 : ℚ) / 4096)	((1561 : ℚ) / 1024)	1	0	3
segment	5044	((1561 : ℚ) / 1024)	((6245 : ℚ) / 4096)	1	0	3
segment	5045	((6245 : ℚ) / 4096)	((3123 : ℚ) / 2048)	1	0	3
segment	5046	((3123 : ℚ) / 2048)	((6247 : ℚ) / 4096)	1	0	3
segment	5047	((6247 : ℚ) / 4096)	((781 : ℚ) / 512)	1	0	3
segment	5048	((781 : ℚ) / 512)	((6249 : ℚ) / 4096)	1	0	3
segment	5049	((6249 : ℚ) / 4096)	((3125 : ℚ) / 2048)	1	0	3
segment	5050	((3125 : ℚ) / 2048)	((6251 : ℚ) / 4096)	1	0	3
segment	5051	((6251 : ℚ) / 4096)	((1563 : ℚ) / 1024)	1	0	3
segment	5052	((1563 : ℚ) / 1024)	((6253 : ℚ) / 4096)	1	0	3
segment	5053	((6253 : ℚ) / 4096)	((3127 : ℚ) / 2048)	1	0	3
segment	5054	((3127 : ℚ) / 2048)	((6255 : ℚ) / 4096)	1	0	3
segment	5055	((6255 : ℚ) / 4096)	((391 : ℚ) / 256)	1	0	3
segment	5056	((391 : ℚ) / 256)	((6257 : ℚ) / 4096)	1	0	3
segment	5057	((6257 : ℚ) / 4096)	((3129 : ℚ) / 2048)	1	0	3
segment	5058	((3129 : ℚ) / 2048)	((6259 : ℚ) / 4096)	1	0	3
segment	5059	((6259 : ℚ) / 4096)	((1565 : ℚ) / 1024)	1	0	3
segment	5060	((1565 : ℚ) / 1024)	((6261 : ℚ) / 4096)	1	0	3
segment	5061	((6261 : ℚ) / 4096)	((3131 : ℚ) / 2048)	1	0	3
segment	5062	((3131 : ℚ) / 2048)	((6263 : ℚ) / 4096)	1	0	3
segment	5063	((6263 : ℚ) / 4096)	((783 : ℚ) / 512)	1	0	3
segment	5064	((783 : ℚ) / 512)	((6265 : ℚ) / 4096)	1	0	3
segment	5065	((6265 : ℚ) / 4096)	((3133 : ℚ) / 2048)	1	0	3
segment	5066	((3133 : ℚ) / 2048)	((6267 : ℚ) / 4096)	1	0	3
segment	5067	((6267 : ℚ) / 4096)	((1567 : ℚ) / 1024)	1	0	3
segment	5068	((1567 : ℚ) / 1024)	((6269 : ℚ) / 4096)	1	0	3
segment	5069	((6269 : ℚ) / 4096)	((3135 : ℚ) / 2048)	1	0	3
segment	5070	((3135 : ℚ) / 2048)	((6271 : ℚ) / 4096)	1	0	3
segment	5071	((6271 : ℚ) / 4096)	((49 : ℚ) / 32)	1	0	3
segment	5072	((49 : ℚ) / 32)	((6273 : ℚ) / 4096)	1	0	3
segment	5073	((6273 : ℚ) / 4096)	((3137 : ℚ) / 2048)	1	0	3
segment	5074	((3137 : ℚ) / 2048)	((6275 : ℚ) / 4096)	1	0	3
segment	5075	((6275 : ℚ) / 4096)	((1569 : ℚ) / 1024)	1	0	3
segment	5076	((1569 : ℚ) / 1024)	((6277 : ℚ) / 4096)	1	0	3
segment	5077	((6277 : ℚ) / 4096)	((3139 : ℚ) / 2048)	1	0	3
segment	5078	((3139 : ℚ) / 2048)	((6279 : ℚ) / 4096)	1	0	3
segment	5079	((6279 : ℚ) / 4096)	((785 : ℚ) / 512)	1	0	3
segment	5080	((785 : ℚ) / 512)	((6281 : ℚ) / 4096)	1	0	3
segment	5081	((6281 : ℚ) / 4096)	((3141 : ℚ) / 2048)	1	0	3
segment	5082	((3141 : ℚ) / 2048)	((6283 : ℚ) / 4096)	1	0	3
segment	5083	((6283 : ℚ) / 4096)	((1571 : ℚ) / 1024)	1	0	3
segment	5084	((1571 : ℚ) / 1024)	((6285 : ℚ) / 4096)	1	0	3
segment	5085	((6285 : ℚ) / 4096)	((3143 : ℚ) / 2048)	1	0	3
segment	5086	((3143 : ℚ) / 2048)	((6287 : ℚ) / 4096)	1	0	3
segment	5087	((6287 : ℚ) / 4096)	((393 : ℚ) / 256)	1	0	3
segment	5088	((393 : ℚ) / 256)	((6289 : ℚ) / 4096)	1	0	3
segment	5089	((6289 : ℚ) / 4096)	((3145 : ℚ) / 2048)	1	0	3
segment	5090	((3145 : ℚ) / 2048)	((6291 : ℚ) / 4096)	1	0	3
segment	5091	((6291 : ℚ) / 4096)	((1573 : ℚ) / 1024)	1	0	3
segment	5092	((1573 : ℚ) / 1024)	((6293 : ℚ) / 4096)	1	0	3
segment	5093	((6293 : ℚ) / 4096)	((3147 : ℚ) / 2048)	1	0	3
segment	5094	((3147 : ℚ) / 2048)	((6295 : ℚ) / 4096)	1	0	3
segment	5095	((6295 : ℚ) / 4096)	((787 : ℚ) / 512)	1	0	3
segment	5096	((787 : ℚ) / 512)	((6297 : ℚ) / 4096)	1	0	3
segment	5097	((6297 : ℚ) / 4096)	((3149 : ℚ) / 2048)	1	0	3
segment	5098	((3149 : ℚ) / 2048)	((6299 : ℚ) / 4096)	1	0	3
segment	5099	((6299 : ℚ) / 4096)	((1575 : ℚ) / 1024)	1	0	3
segment	5100	((1575 : ℚ) / 1024)	((6301 : ℚ) / 4096)	1	0	3
segment	5101	((6301 : ℚ) / 4096)	((3151 : ℚ) / 2048)	1	0	3
segment	5102	((3151 : ℚ) / 2048)	((6303 : ℚ) / 4096)	1	0	3
segment	5103	((6303 : ℚ) / 4096)	((197 : ℚ) / 128)	1	0	3
segment	5104	((197 : ℚ) / 128)	((6305 : ℚ) / 4096)	1	0	3
segment	5105	((6305 : ℚ) / 4096)	((3153 : ℚ) / 2048)	1	0	3
segment	5106	((3153 : ℚ) / 2048)	((6307 : ℚ) / 4096)	1	0	3
segment	5107	((6307 : ℚ) / 4096)	((1577 : ℚ) / 1024)	1	0	3
segment	5108	((1577 : ℚ) / 1024)	((6309 : ℚ) / 4096)	1	0	3
segment	5109	((6309 : ℚ) / 4096)	((3155 : ℚ) / 2048)	1	0	3
segment	5110	((3155 : ℚ) / 2048)	((6311 : ℚ) / 4096)	1	0	3
segment	5111	((6311 : ℚ) / 4096)	((789 : ℚ) / 512)	1	0	3
segment	5112	((789 : ℚ) / 512)	((6313 : ℚ) / 4096)	1	0	3
segment	5113	((6313 : ℚ) / 4096)	((3157 : ℚ) / 2048)	1	0	3
segment	5114	((3157 : ℚ) / 2048)	((6315 : ℚ) / 4096)	1	0	3
segment	5115	((6315 : ℚ) / 4096)	((1579 : ℚ) / 1024)	1	0	3
segment	5116	((1579 : ℚ) / 1024)	((6317 : ℚ) / 4096)	1	0	3
segment	5117	((6317 : ℚ) / 4096)	((3159 : ℚ) / 2048)	1	0	3
segment	5118	((3159 : ℚ) / 2048)	((6319 : ℚ) / 4096)	1	0	3
segment	5119	((6319 : ℚ) / 4096)	((395 : ℚ) / 256)	1	0	3
segment	5120	((395 : ℚ) / 256)	((6321 : ℚ) / 4096)	1	0	3
segment	5121	((6321 : ℚ) / 4096)	((3161 : ℚ) / 2048)	1	0	3
segment	5122	((3161 : ℚ) / 2048)	((6323 : ℚ) / 4096)	1	0	3
segment	5123	((6323 : ℚ) / 4096)	((1581 : ℚ) / 1024)	1	0	3
segment	5124	((1581 : ℚ) / 1024)	((6325 : ℚ) / 4096)	1	0	3
segment	5125	((6325 : ℚ) / 4096)	((3163 : ℚ) / 2048)	1	0	3
segment	5126	((3163 : ℚ) / 2048)	((6327 : ℚ) / 4096)	1	0	3
segment	5127	((6327 : ℚ) / 4096)	((791 : ℚ) / 512)	1	0	3
segment	5128	((791 : ℚ) / 512)	((6329 : ℚ) / 4096)	1	0	3
segment	5129	((6329 : ℚ) / 4096)	((3165 : ℚ) / 2048)	1	0	3
segment	5130	((3165 : ℚ) / 2048)	((6331 : ℚ) / 4096)	1	0	3
segment	5131	((6331 : ℚ) / 4096)	((1583 : ℚ) / 1024)	1	0	3
segment	5132	((1583 : ℚ) / 1024)	((6333 : ℚ) / 4096)	1	0	3
segment	5133	((6333 : ℚ) / 4096)	((3167 : ℚ) / 2048)	1	0	3
segment	5134	((3167 : ℚ) / 2048)	((6335 : ℚ) / 4096)	1	0	3
segment	5135	((6335 : ℚ) / 4096)	((99 : ℚ) / 64)	1	0	3
segment	5136	((99 : ℚ) / 64)	((6337 : ℚ) / 4096)	1	0	3
segment	5137	((6337 : ℚ) / 4096)	((3169 : ℚ) / 2048)	1	0	3
segment	5138	((3169 : ℚ) / 2048)	((6339 : ℚ) / 4096)	1	0	3
segment	5139	((6339 : ℚ) / 4096)	((1585 : ℚ) / 1024)	1	0	3
segment	5140	((1585 : ℚ) / 1024)	((6341 : ℚ) / 4096)	1	0	3
segment	5141	((6341 : ℚ) / 4096)	((3171 : ℚ) / 2048)	1	0	3
segment	5142	((3171 : ℚ) / 2048)	((6343 : ℚ) / 4096)	1	0	3
segment	5143	((6343 : ℚ) / 4096)	((793 : ℚ) / 512)	1	0	3
segment	5144	((793 : ℚ) / 512)	((6345 : ℚ) / 4096)	1	0	3
segment	5145	((6345 : ℚ) / 4096)	((3173 : ℚ) / 2048)	1	0	3
segment	5146	((3173 : ℚ) / 2048)	((6347 : ℚ) / 4096)	1	0	3
segment	5147	((6347 : ℚ) / 4096)	((1587 : ℚ) / 1024)	1	0	3
segment	5148	((1587 : ℚ) / 1024)	((6349 : ℚ) / 4096)	1	0	3
segment	5149	((6349 : ℚ) / 4096)	((3175 : ℚ) / 2048)	1	0	3
segment	5150	((3175 : ℚ) / 2048)	((6351 : ℚ) / 4096)	1	0	3
segment	5151	((6351 : ℚ) / 4096)	((397 : ℚ) / 256)	1	0	3
segment	5152	((397 : ℚ) / 256)	((6353 : ℚ) / 4096)	1	0	3
segment	5153	((6353 : ℚ) / 4096)	((3177 : ℚ) / 2048)	1	0	3
segment	5154	((3177 : ℚ) / 2048)	((6355 : ℚ) / 4096)	1	0	3
segment	5155	((6355 : ℚ) / 4096)	((1589 : ℚ) / 1024)	1	0	3
segment	5156	((1589 : ℚ) / 1024)	((6357 : ℚ) / 4096)	1	0	3
segment	5157	((6357 : ℚ) / 4096)	((3179 : ℚ) / 2048)	1	0	3
segment	5158	((3179 : ℚ) / 2048)	((6359 : ℚ) / 4096)	1	0	3
segment	5159	((6359 : ℚ) / 4096)	((795 : ℚ) / 512)	1	0	3
segment	5160	((795 : ℚ) / 512)	((6361 : ℚ) / 4096)	1	0	3
segment	5161	((6361 : ℚ) / 4096)	((3181 : ℚ) / 2048)	1	0	3
segment	5162	((3181 : ℚ) / 2048)	((6363 : ℚ) / 4096)	1	0	3
segment	5163	((6363 : ℚ) / 4096)	((1591 : ℚ) / 1024)	1	0	3
segment	5164	((1591 : ℚ) / 1024)	((6365 : ℚ) / 4096)	1	0	3
segment	5165	((6365 : ℚ) / 4096)	((3183 : ℚ) / 2048)	1	0	3
segment	5166	((3183 : ℚ) / 2048)	((6367 : ℚ) / 4096)	1	0	3
segment	5167	((6367 : ℚ) / 4096)	((199 : ℚ) / 128)	1	0	3
segment	5168	((199 : ℚ) / 128)	((6369 : ℚ) / 4096)	1	0	3
segment	5169	((6369 : ℚ) / 4096)	((3185 : ℚ) / 2048)	1	0	3
segment	5170	((3185 : ℚ) / 2048)	((6371 : ℚ) / 4096)	1	0	3
segment	5171	((6371 : ℚ) / 4096)	((1593 : ℚ) / 1024)	1	0	3
segment	5172	((1593 : ℚ) / 1024)	((6373 : ℚ) / 4096)	1	0	3
segment	5173	((6373 : ℚ) / 4096)	((3187 : ℚ) / 2048)	1	0	3
segment	5174	((3187 : ℚ) / 2048)	((6375 : ℚ) / 4096)	1	0	3
segment	5175	((6375 : ℚ) / 4096)	((797 : ℚ) / 512)	1	0	3
segment	5176	((797 : ℚ) / 512)	((6377 : ℚ) / 4096)	1	0	3
segment	5177	((6377 : ℚ) / 4096)	((3189 : ℚ) / 2048)	1	0	3
segment	5178	((3189 : ℚ) / 2048)	((6379 : ℚ) / 4096)	1	0	3
segment	5179	((6379 : ℚ) / 4096)	((1595 : ℚ) / 1024)	1	0	3
segment	5180	((1595 : ℚ) / 1024)	((6381 : ℚ) / 4096)	1	0	3
segment	5181	((6381 : ℚ) / 4096)	((3191 : ℚ) / 2048)	1	0	3
segment	5182	((3191 : ℚ) / 2048)	((6383 : ℚ) / 4096)	1	0	3
segment	5183	((6383 : ℚ) / 4096)	((399 : ℚ) / 256)	1	0	3
segment	5184	((399 : ℚ) / 256)	((6385 : ℚ) / 4096)	1	0	3
segment	5185	((6385 : ℚ) / 4096)	((3193 : ℚ) / 2048)	1	0	3
segment	5186	((3193 : ℚ) / 2048)	((6387 : ℚ) / 4096)	1	0	3
segment	5187	((6387 : ℚ) / 4096)	((1597 : ℚ) / 1024)	1	0	3
segment	5188	((1597 : ℚ) / 1024)	((6389 : ℚ) / 4096)	1	0	3
segment	5189	((6389 : ℚ) / 4096)	((3195 : ℚ) / 2048)	1	0	3
segment	5190	((3195 : ℚ) / 2048)	((6391 : ℚ) / 4096)	1	0	3
segment	5191	((6391 : ℚ) / 4096)	((799 : ℚ) / 512)	1	0	3
segment	5192	((799 : ℚ) / 512)	((6393 : ℚ) / 4096)	1	0	3
segment	5193	((6393 : ℚ) / 4096)	((3197 : ℚ) / 2048)	1	0	3
segment	5194	((3197 : ℚ) / 2048)	((6395 : ℚ) / 4096)	1	0	3
segment	5195	((6395 : ℚ) / 4096)	((1599 : ℚ) / 1024)	1	0	3
segment	5196	((1599 : ℚ) / 1024)	((6397 : ℚ) / 4096)	1	0	3
segment	5197	((6397 : ℚ) / 4096)	((3199 : ℚ) / 2048)	1	0	3
segment	5198	((3199 : ℚ) / 2048)	((6399 : ℚ) / 4096)	1	0	3
segment	5199	((6399 : ℚ) / 4096)	((25 : ℚ) / 16)	1	0	3
segment	5200	((25 : ℚ) / 16)	((6401 : ℚ) / 4096)	1	0	3
segment	5201	((6401 : ℚ) / 4096)	((3201 : ℚ) / 2048)	1	0	3
segment	5202	((3201 : ℚ) / 2048)	((6403 : ℚ) / 4096)	1	0	3
segment	5203	((6403 : ℚ) / 4096)	((1601 : ℚ) / 1024)	1	0	3
segment	5204	((1601 : ℚ) / 1024)	((6405 : ℚ) / 4096)	1	0	3
segment	5205	((6405 : ℚ) / 4096)	((3203 : ℚ) / 2048)	1	0	3
segment	5206	((3203 : ℚ) / 2048)	((6407 : ℚ) / 4096)	1	0	3
segment	5207	((6407 : ℚ) / 4096)	((801 : ℚ) / 512)	1	0	3
segment	5208	((801 : ℚ) / 512)	((6409 : ℚ) / 4096)	1	0	3
segment	5209	((6409 : ℚ) / 4096)	((3205 : ℚ) / 2048)	1	0	3
segment	5210	((3205 : ℚ) / 2048)	((6411 : ℚ) / 4096)	1	0	3
segment	5211	((6411 : ℚ) / 4096)	((1603 : ℚ) / 1024)	1	0	3
segment	5212	((1603 : ℚ) / 1024)	((6413 : ℚ) / 4096)	1	0	3
segment	5213	((6413 : ℚ) / 4096)	((3207 : ℚ) / 2048)	1	0	3
segment	5214	((3207 : ℚ) / 2048)	((6415 : ℚ) / 4096)	1	0	3
segment	5215	((6415 : ℚ) / 4096)	((401 : ℚ) / 256)	1	0	3
segment	5216	((401 : ℚ) / 256)	((6417 : ℚ) / 4096)	1	0	3
segment	5217	((6417 : ℚ) / 4096)	((3209 : ℚ) / 2048)	1	0	3
segment	5218	((3209 : ℚ) / 2048)	((6419 : ℚ) / 4096)	1	0	3
segment	5219	((6419 : ℚ) / 4096)	((1605 : ℚ) / 1024)	1	0	3
segment	5220	((1605 : ℚ) / 1024)	((6421 : ℚ) / 4096)	1	0	3
segment	5221	((6421 : ℚ) / 4096)	((3211 : ℚ) / 2048)	1	0	3
segment	5222	((3211 : ℚ) / 2048)	((6423 : ℚ) / 4096)	1	0	3
segment	5223	((6423 : ℚ) / 4096)	((803 : ℚ) / 512)	1	0	3
segment	5224	((803 : ℚ) / 512)	((6425 : ℚ) / 4096)	1	0	3
segment	5225	((6425 : ℚ) / 4096)	((3213 : ℚ) / 2048)	1	0	3
segment	5226	((3213 : ℚ) / 2048)	((6427 : ℚ) / 4096)	1	0	3
segment	5227	((6427 : ℚ) / 4096)	((1607 : ℚ) / 1024)	1	0	3
segment	5228	((1607 : ℚ) / 1024)	((6429 : ℚ) / 4096)	1	0	3
segment	5229	((6429 : ℚ) / 4096)	((3215 : ℚ) / 2048)	1	0	3
segment	5230	((3215 : ℚ) / 2048)	((6431 : ℚ) / 4096)	1	0	3
segment	5231	((6431 : ℚ) / 4096)	((201 : ℚ) / 128)	1	0	3
segment	5232	((201 : ℚ) / 128)	((6433 : ℚ) / 4096)	1	0	3
segment	5233	((6433 : ℚ) / 4096)	((3217 : ℚ) / 2048)	1	0	3
segment	5234	((3217 : ℚ) / 2048)	((6435 : ℚ) / 4096)	1	0	3
segment	5235	((6435 : ℚ) / 4096)	((1609 : ℚ) / 1024)	1	0	3
segment	5236	((1609 : ℚ) / 1024)	((6437 : ℚ) / 4096)	1	0	3
segment	5237	((6437 : ℚ) / 4096)	((3219 : ℚ) / 2048)	1	0	3
segment	5238	((3219 : ℚ) / 2048)	((6439 : ℚ) / 4096)	1	0	3
segment	5239	((6439 : ℚ) / 4096)	((805 : ℚ) / 512)	1	0	3
segment	5240	((805 : ℚ) / 512)	((6441 : ℚ) / 4096)	1	0	3
segment	5241	((6441 : ℚ) / 4096)	((3221 : ℚ) / 2048)	1	0	3
segment	5242	((3221 : ℚ) / 2048)	((6443 : ℚ) / 4096)	1	0	3
segment	5243	((6443 : ℚ) / 4096)	((1611 : ℚ) / 1024)	1	0	3
segment	5244	((1611 : ℚ) / 1024)	((6445 : ℚ) / 4096)	1	0	3
segment	5245	((6445 : ℚ) / 4096)	((3223 : ℚ) / 2048)	1	0	3
segment	5246	((3223 : ℚ) / 2048)	((6447 : ℚ) / 4096)	1	0	3
segment	5247	((6447 : ℚ) / 4096)	((403 : ℚ) / 256)	1	0	3
segment	5248	((403 : ℚ) / 256)	((6449 : ℚ) / 4096)	1	0	3
segment	5249	((6449 : ℚ) / 4096)	((3225 : ℚ) / 2048)	1	0	3
segment	5250	((3225 : ℚ) / 2048)	((6451 : ℚ) / 4096)	1	0	3
segment	5251	((6451 : ℚ) / 4096)	((1613 : ℚ) / 1024)	1	0	3
segment	5252	((1613 : ℚ) / 1024)	((6453 : ℚ) / 4096)	1	0	3
segment	5253	((6453 : ℚ) / 4096)	((3227 : ℚ) / 2048)	1	0	3
segment	5254	((3227 : ℚ) / 2048)	((6455 : ℚ) / 4096)	1	0	3
segment	5255	((6455 : ℚ) / 4096)	((807 : ℚ) / 512)	1	0	3
segment	5256	((807 : ℚ) / 512)	((6457 : ℚ) / 4096)	1	0	3
segment	5257	((6457 : ℚ) / 4096)	((3229 : ℚ) / 2048)	1	0	3
segment	5258	((3229 : ℚ) / 2048)	((6459 : ℚ) / 4096)	1	0	3
segment	5259	((6459 : ℚ) / 4096)	((1615 : ℚ) / 1024)	1	0	3
segment	5260	((1615 : ℚ) / 1024)	((6461 : ℚ) / 4096)	1	0	3
segment	5261	((6461 : ℚ) / 4096)	((3231 : ℚ) / 2048)	1	0	3
segment	5262	((3231 : ℚ) / 2048)	((6463 : ℚ) / 4096)	1	0	3
segment	5263	((6463 : ℚ) / 4096)	((101 : ℚ) / 64)	1	0	3
segment	5264	((101 : ℚ) / 64)	((6465 : ℚ) / 4096)	1	0	3
segment	5265	((6465 : ℚ) / 4096)	((3233 : ℚ) / 2048)	1	0	3
segment	5266	((3233 : ℚ) / 2048)	((6467 : ℚ) / 4096)	1	0	3
segment	5267	((6467 : ℚ) / 4096)	((1617 : ℚ) / 1024)	1	0	3
segment	5268	((1617 : ℚ) / 1024)	((6469 : ℚ) / 4096)	1	0	3
segment	5269	((6469 : ℚ) / 4096)	((3235 : ℚ) / 2048)	1	0	3
segment	5270	((3235 : ℚ) / 2048)	((6471 : ℚ) / 4096)	1	0	3
segment	5271	((6471 : ℚ) / 4096)	((809 : ℚ) / 512)	1	0	3
segment	5272	((809 : ℚ) / 512)	((6473 : ℚ) / 4096)	1	0	3
segment	5273	((6473 : ℚ) / 4096)	((3237 : ℚ) / 2048)	1	0	3
segment	5274	((3237 : ℚ) / 2048)	((6475 : ℚ) / 4096)	1	0	3
segment	5275	((6475 : ℚ) / 4096)	((1619 : ℚ) / 1024)	1	0	3
segment	5276	((1619 : ℚ) / 1024)	((6477 : ℚ) / 4096)	1	0	3
segment	5277	((6477 : ℚ) / 4096)	((3239 : ℚ) / 2048)	1	0	3
segment	5278	((3239 : ℚ) / 2048)	((6479 : ℚ) / 4096)	1	0	3
segment	5279	((6479 : ℚ) / 4096)	((405 : ℚ) / 256)	1	0	3
segment	5280	((405 : ℚ) / 256)	((6481 : ℚ) / 4096)	1	0	3
segment	5281	((6481 : ℚ) / 4096)	((3241 : ℚ) / 2048)	1	0	3
segment	5282	((3241 : ℚ) / 2048)	((6483 : ℚ) / 4096)	1	0	3
segment	5283	((6483 : ℚ) / 4096)	((1621 : ℚ) / 1024)	1	0	3
segment	5284	((1621 : ℚ) / 1024)	((6485 : ℚ) / 4096)	1	0	3
segment	5285	((6485 : ℚ) / 4096)	((3243 : ℚ) / 2048)	1	0	3
segment	5286	((3243 : ℚ) / 2048)	((6487 : ℚ) / 4096)	1	0	3
segment	5287	((6487 : ℚ) / 4096)	((811 : ℚ) / 512)	1	0	3
segment	5288	((811 : ℚ) / 512)	((6489 : ℚ) / 4096)	1	0	3
segment	5289	((6489 : ℚ) / 4096)	((3245 : ℚ) / 2048)	1	0	3
segment	5290	((3245 : ℚ) / 2048)	((6491 : ℚ) / 4096)	1	0	3
segment	5291	((6491 : ℚ) / 4096)	((1623 : ℚ) / 1024)	1	0	3
segment	5292	((1623 : ℚ) / 1024)	((6493 : ℚ) / 4096)	1	0	3
segment	5293	((6493 : ℚ) / 4096)	((3247 : ℚ) / 2048)	1	0	3
segment	5294	((3247 : ℚ) / 2048)	((6495 : ℚ) / 4096)	1	0	3
segment	5295	((6495 : ℚ) / 4096)	((203 : ℚ) / 128)	1	0	3
segment	5296	((203 : ℚ) / 128)	((6497 : ℚ) / 4096)	1	0	3
segment	5297	((6497 : ℚ) / 4096)	((3249 : ℚ) / 2048)	1	0	3
segment	5298	((3249 : ℚ) / 2048)	((6499 : ℚ) / 4096)	1	0	3
segment	5299	((6499 : ℚ) / 4096)	((1625 : ℚ) / 1024)	1	0	3
segment	5300	((1625 : ℚ) / 1024)	((6501 : ℚ) / 4096)	1	0	3
segment	5301	((6501 : ℚ) / 4096)	((3251 : ℚ) / 2048)	1	0	3
segment	5302	((3251 : ℚ) / 2048)	((6503 : ℚ) / 4096)	1	0	3
segment	5303	((6503 : ℚ) / 4096)	((813 : ℚ) / 512)	1	0	3
segment	5304	((813 : ℚ) / 512)	((6505 : ℚ) / 4096)	1	0	3
segment	5305	((6505 : ℚ) / 4096)	((3253 : ℚ) / 2048)	1	0	3
segment	5306	((3253 : ℚ) / 2048)	((6507 : ℚ) / 4096)	1	0	3
segment	5307	((6507 : ℚ) / 4096)	((1627 : ℚ) / 1024)	1	0	3
segment	5308	((1627 : ℚ) / 1024)	((6509 : ℚ) / 4096)	1	0	3
segment	5309	((6509 : ℚ) / 4096)	((3255 : ℚ) / 2048)	1	0	3
segment	5310	((3255 : ℚ) / 2048)	((6511 : ℚ) / 4096)	1	0	3
segment	5311	((6511 : ℚ) / 4096)	((407 : ℚ) / 256)	1	0	3
segment	5312	((407 : ℚ) / 256)	((6513 : ℚ) / 4096)	1	0	3
segment	5313	((6513 : ℚ) / 4096)	((3257 : ℚ) / 2048)	1	0	3
segment	5314	((3257 : ℚ) / 2048)	((6515 : ℚ) / 4096)	1	0	3
segment	5315	((6515 : ℚ) / 4096)	((1629 : ℚ) / 1024)	1	0	3
segment	5316	((1629 : ℚ) / 1024)	((6517 : ℚ) / 4096)	1	0	3
segment	5317	((6517 : ℚ) / 4096)	((3259 : ℚ) / 2048)	1	0	3
segment	5318	((3259 : ℚ) / 2048)	((6519 : ℚ) / 4096)	1	0	3
segment	5319	((6519 : ℚ) / 4096)	((815 : ℚ) / 512)	1	0	3
segment	5320	((815 : ℚ) / 512)	((6521 : ℚ) / 4096)	1	0	3
segment	5321	((6521 : ℚ) / 4096)	((3261 : ℚ) / 2048)	1	0	3
segment	5322	((3261 : ℚ) / 2048)	((6523 : ℚ) / 4096)	1	0	3
segment	5323	((6523 : ℚ) / 4096)	((1631 : ℚ) / 1024)	1	0	3
segment	5324	((1631 : ℚ) / 1024)	((6525 : ℚ) / 4096)	1	0	3
segment	5325	((6525 : ℚ) / 4096)	((3263 : ℚ) / 2048)	1	0	3
segment	5326	((3263 : ℚ) / 2048)	((6527 : ℚ) / 4096)	1	0	3
segment	5327	((6527 : ℚ) / 4096)	((51 : ℚ) / 32)	1	0	3
segment	5328	((51 : ℚ) / 32)	((6529 : ℚ) / 4096)	1	0	3
segment	5329	((6529 : ℚ) / 4096)	((3265 : ℚ) / 2048)	1	0	3
segment	5330	((3265 : ℚ) / 2048)	((6531 : ℚ) / 4096)	1	0	3
segment	5331	((6531 : ℚ) / 4096)	((1633 : ℚ) / 1024)	1	0	3
segment	5332	((1633 : ℚ) / 1024)	((6533 : ℚ) / 4096)	1	0	3
segment	5333	((6533 : ℚ) / 4096)	((3267 : ℚ) / 2048)	1	0	3
segment	5334	((3267 : ℚ) / 2048)	((6535 : ℚ) / 4096)	1	0	3
segment	5335	((6535 : ℚ) / 4096)	((817 : ℚ) / 512)	1	0	3
segment	5336	((817 : ℚ) / 512)	((6537 : ℚ) / 4096)	1	0	3
segment	5337	((6537 : ℚ) / 4096)	((3269 : ℚ) / 2048)	1	0	3
segment	5338	((3269 : ℚ) / 2048)	((6539 : ℚ) / 4096)	1	0	3
segment	5339	((6539 : ℚ) / 4096)	((1635 : ℚ) / 1024)	1	0	3
segment	5340	((1635 : ℚ) / 1024)	((6541 : ℚ) / 4096)	1	0	3
segment	5341	((6541 : ℚ) / 4096)	((3271 : ℚ) / 2048)	1	0	3
segment	5342	((3271 : ℚ) / 2048)	((6543 : ℚ) / 4096)	1	0	3
segment	5343	((6543 : ℚ) / 4096)	((409 : ℚ) / 256)	1	0	3
segment	5344	((409 : ℚ) / 256)	((6545 : ℚ) / 4096)	1	0	3
segment	5345	((6545 : ℚ) / 4096)	((3273 : ℚ) / 2048)	1	0	3
segment	5346	((3273 : ℚ) / 2048)	((6547 : ℚ) / 4096)	1	0	3
segment	5347	((6547 : ℚ) / 4096)	((1637 : ℚ) / 1024)	1	0	3
segment	5348	((1637 : ℚ) / 1024)	((6549 : ℚ) / 4096)	1	0	3
segment	5349	((6549 : ℚ) / 4096)	((3275 : ℚ) / 2048)	1	0	3
segment	5350	((3275 : ℚ) / 2048)	((6551 : ℚ) / 4096)	1	0	3
segment	5351	((6551 : ℚ) / 4096)	((819 : ℚ) / 512)	1	0	3
segment	5352	((819 : ℚ) / 512)	((6553 : ℚ) / 4096)	1	0	3
segment	5353	((6553 : ℚ) / 4096)	((3277 : ℚ) / 2048)	1	0	3
segment	5354	((3277 : ℚ) / 2048)	((6555 : ℚ) / 4096)	1	0	3
segment	5355	((6555 : ℚ) / 4096)	((1639 : ℚ) / 1024)	1	0	3
segment	5356	((1639 : ℚ) / 1024)	((6557 : ℚ) / 4096)	1	0	3
segment	5357	((6557 : ℚ) / 4096)	((3279 : ℚ) / 2048)	1	0	3
segment	5358	((3279 : ℚ) / 2048)	((6559 : ℚ) / 4096)	1	0	3
segment	5359	((6559 : ℚ) / 4096)	((205 : ℚ) / 128)	1	0	3
segment	5360	((205 : ℚ) / 128)	((6561 : ℚ) / 4096)	1	0	3
segment	5361	((6561 : ℚ) / 4096)	((3281 : ℚ) / 2048)	1	0	3
segment	5362	((3281 : ℚ) / 2048)	((6563 : ℚ) / 4096)	1	0	3
segment	5363	((6563 : ℚ) / 4096)	((1641 : ℚ) / 1024)	1	0	3
segment	5364	((1641 : ℚ) / 1024)	((6565 : ℚ) / 4096)	1	0	3
segment	5365	((6565 : ℚ) / 4096)	((3283 : ℚ) / 2048)	1	0	3
segment	5366	((3283 : ℚ) / 2048)	((6567 : ℚ) / 4096)	1	0	3
segment	5367	((6567 : ℚ) / 4096)	((821 : ℚ) / 512)	1	0	3
segment	5368	((821 : ℚ) / 512)	((6569 : ℚ) / 4096)	1	0	3
segment	5369	((6569 : ℚ) / 4096)	((3285 : ℚ) / 2048)	1	0	3
segment	5370	((3285 : ℚ) / 2048)	((6571 : ℚ) / 4096)	1	0	3
segment	5371	((6571 : ℚ) / 4096)	((1643 : ℚ) / 1024)	1	0	3
segment	5372	((1643 : ℚ) / 1024)	((6573 : ℚ) / 4096)	1	0	3
segment	5373	((6573 : ℚ) / 4096)	((3287 : ℚ) / 2048)	1	0	3
segment	5374	((3287 : ℚ) / 2048)	((6575 : ℚ) / 4096)	1	0	3
segment	5375	((6575 : ℚ) / 4096)	((411 : ℚ) / 256)	1	0	3
segment	5376	((411 : ℚ) / 256)	((6577 : ℚ) / 4096)	1	0	3
segment	5377	((6577 : ℚ) / 4096)	((3289 : ℚ) / 2048)	1	0	3
segment	5378	((3289 : ℚ) / 2048)	((6579 : ℚ) / 4096)	1	0	3
segment	5379	((6579 : ℚ) / 4096)	((1645 : ℚ) / 1024)	1	0	3
segment	5380	((1645 : ℚ) / 1024)	((6581 : ℚ) / 4096)	1	0	3
segment	5381	((6581 : ℚ) / 4096)	((3291 : ℚ) / 2048)	1	0	3
segment	5382	((3291 : ℚ) / 2048)	((6583 : ℚ) / 4096)	1	0	3
segment	5383	((6583 : ℚ) / 4096)	((823 : ℚ) / 512)	1	0	3
segment	5384	((823 : ℚ) / 512)	((6585 : ℚ) / 4096)	1	0	3
segment	5385	((6585 : ℚ) / 4096)	((3293 : ℚ) / 2048)	1	0	3
segment	5386	((3293 : ℚ) / 2048)	((6587 : ℚ) / 4096)	1	0	3
segment	5387	((6587 : ℚ) / 4096)	((1647 : ℚ) / 1024)	1	0	3
segment	5388	((1647 : ℚ) / 1024)	((6589 : ℚ) / 4096)	1	0	3
segment	5389	((6589 : ℚ) / 4096)	((3295 : ℚ) / 2048)	1	0	3
segment	5390	((3295 : ℚ) / 2048)	((6591 : ℚ) / 4096)	1	0	3
segment	5391	((6591 : ℚ) / 4096)	((103 : ℚ) / 64)	1	0	3
segment	5392	((103 : ℚ) / 64)	((6593 : ℚ) / 4096)	1	0	3
segment	5393	((6593 : ℚ) / 4096)	((3297 : ℚ) / 2048)	1	0	3
segment	5394	((3297 : ℚ) / 2048)	((6595 : ℚ) / 4096)	1	0	3
segment	5395	((6595 : ℚ) / 4096)	((1649 : ℚ) / 1024)	1	0	3
segment	5396	((1649 : ℚ) / 1024)	((6597 : ℚ) / 4096)	1	0	3
segment	5397	((6597 : ℚ) / 4096)	((3299 : ℚ) / 2048)	1	0	3
segment	5398	((3299 : ℚ) / 2048)	((6599 : ℚ) / 4096)	1	0	3
segment	5399	((6599 : ℚ) / 4096)	((825 : ℚ) / 512)	1	0	3
segment	5400	((825 : ℚ) / 512)	((6601 : ℚ) / 4096)	1	0	3
segment	5401	((6601 : ℚ) / 4096)	((3301 : ℚ) / 2048)	1	0	3
segment	5402	((3301 : ℚ) / 2048)	((6603 : ℚ) / 4096)	1	0	3
segment	5403	((6603 : ℚ) / 4096)	((1651 : ℚ) / 1024)	1	0	3
segment	5404	((1651 : ℚ) / 1024)	((6605 : ℚ) / 4096)	1	0	3
segment	5405	((6605 : ℚ) / 4096)	((3303 : ℚ) / 2048)	1	0	3
segment	5406	((3303 : ℚ) / 2048)	((6607 : ℚ) / 4096)	1	0	3
segment	5407	((6607 : ℚ) / 4096)	((413 : ℚ) / 256)	1	0	3
segment	5408	((413 : ℚ) / 256)	((6609 : ℚ) / 4096)	1	0	3
segment	5409	((6609 : ℚ) / 4096)	((3305 : ℚ) / 2048)	1	0	3
segment	5410	((3305 : ℚ) / 2048)	((6611 : ℚ) / 4096)	1	0	3
segment	5411	((6611 : ℚ) / 4096)	((1653 : ℚ) / 1024)	1	0	3
segment	5412	((1653 : ℚ) / 1024)	((6613 : ℚ) / 4096)	1	0	3
segment	5413	((6613 : ℚ) / 4096)	((3307 : ℚ) / 2048)	1	0	3
segment	5414	((3307 : ℚ) / 2048)	((6615 : ℚ) / 4096)	1	0	3
segment	5415	((6615 : ℚ) / 4096)	((827 : ℚ) / 512)	1	0	3
segment	5416	((827 : ℚ) / 512)	((6617 : ℚ) / 4096)	1	0	3
segment	5417	((6617 : ℚ) / 4096)	((3309 : ℚ) / 2048)	1	0	3
segment	5418	((3309 : ℚ) / 2048)	((6619 : ℚ) / 4096)	1	0	3
segment	5419	((6619 : ℚ) / 4096)	((1655 : ℚ) / 1024)	1	0	3
segment	5420	((1655 : ℚ) / 1024)	((6621 : ℚ) / 4096)	1	0	3
segment	5421	((6621 : ℚ) / 4096)	((3311 : ℚ) / 2048)	1	0	3
segment	5422	((3311 : ℚ) / 2048)	((6623 : ℚ) / 4096)	1	0	3
segment	5423	((6623 : ℚ) / 4096)	((207 : ℚ) / 128)	1	0	3
segment	5424	((207 : ℚ) / 128)	((6625 : ℚ) / 4096)	1	0	3
segment	5425	((6625 : ℚ) / 4096)	((3313 : ℚ) / 2048)	1	0	3
segment	5426	((3313 : ℚ) / 2048)	((6627 : ℚ) / 4096)	1	0	3
segment	5427	((6627 : ℚ) / 4096)	((1657 : ℚ) / 1024)	1	0	3
segment	5428	((1657 : ℚ) / 1024)	((6629 : ℚ) / 4096)	1	0	3
segment	5429	((6629 : ℚ) / 4096)	((3315 : ℚ) / 2048)	1	0	3
segment	5430	((3315 : ℚ) / 2048)	((6631 : ℚ) / 4096)	1	0	3
segment	5431	((6631 : ℚ) / 4096)	((829 : ℚ) / 512)	1	0	3
segment	5432	((829 : ℚ) / 512)	((6633 : ℚ) / 4096)	1	0	3
segment	5433	((6633 : ℚ) / 4096)	((3317 : ℚ) / 2048)	1	0	3
segment	5434	((3317 : ℚ) / 2048)	((6635 : ℚ) / 4096)	1	0	3
segment	5435	((6635 : ℚ) / 4096)	((1659 : ℚ) / 1024)	1	0	3
segment	5436	((1659 : ℚ) / 1024)	((6637 : ℚ) / 4096)	1	0	3
segment	5437	((6637 : ℚ) / 4096)	((3319 : ℚ) / 2048)	1	0	3
segment	5438	((3319 : ℚ) / 2048)	((6639 : ℚ) / 4096)	1	0	3
segment	5439	((6639 : ℚ) / 4096)	((415 : ℚ) / 256)	1	0	3
segment	5440	((415 : ℚ) / 256)	((6641 : ℚ) / 4096)	1	0	3
segment	5441	((6641 : ℚ) / 4096)	((3321 : ℚ) / 2048)	1	0	3
segment	5442	((3321 : ℚ) / 2048)	((6643 : ℚ) / 4096)	1	0	3
segment	5443	((6643 : ℚ) / 4096)	((1661 : ℚ) / 1024)	1	0	3
segment	5444	((1661 : ℚ) / 1024)	((6645 : ℚ) / 4096)	1	0	3
segment	5445	((6645 : ℚ) / 4096)	((3323 : ℚ) / 2048)	1	0	3
segment	5446	((3323 : ℚ) / 2048)	((6647 : ℚ) / 4096)	1	0	3
segment	5447	((6647 : ℚ) / 4096)	((831 : ℚ) / 512)	1	0	3
segment	5448	((831 : ℚ) / 512)	((6649 : ℚ) / 4096)	1	0	3
segment	5449	((6649 : ℚ) / 4096)	((3325 : ℚ) / 2048)	1	0	3
segment	5450	((3325 : ℚ) / 2048)	((6651 : ℚ) / 4096)	1	0	3
segment	5451	((6651 : ℚ) / 4096)	((1663 : ℚ) / 1024)	1	0	3
segment	5452	((1663 : ℚ) / 1024)	((6653 : ℚ) / 4096)	1	0	3
segment	5453	((6653 : ℚ) / 4096)	((3327 : ℚ) / 2048)	1	0	3
segment	5454	((3327 : ℚ) / 2048)	((6655 : ℚ) / 4096)	1	0	3
segment	5455	((6655 : ℚ) / 4096)	((13 : ℚ) / 8)	1	0	3
segment	5456	((13 : ℚ) / 8)	((6657 : ℚ) / 4096)	1	0	3
segment	5457	((6657 : ℚ) / 4096)	((3329 : ℚ) / 2048)	1	0	3
segment	5458	((3329 : ℚ) / 2048)	((6659 : ℚ) / 4096)	1	0	3
segment	5459	((6659 : ℚ) / 4096)	((1665 : ℚ) / 1024)	1	0	3
segment	5460	((1665 : ℚ) / 1024)	((6661 : ℚ) / 4096)	1	0	3
segment	5461	((6661 : ℚ) / 4096)	((3331 : ℚ) / 2048)	1	0	3
segment	5462	((3331 : ℚ) / 2048)	((6663 : ℚ) / 4096)	1	0	3
segment	5463	((6663 : ℚ) / 4096)	((833 : ℚ) / 512)	1	0	3
segment	5464	((833 : ℚ) / 512)	((6665 : ℚ) / 4096)	1	0	3
segment	5465	((6665 : ℚ) / 4096)	((3333 : ℚ) / 2048)	1	0	3
segment	5466	((3333 : ℚ) / 2048)	((6667 : ℚ) / 4096)	1	0	3
segment	5467	((6667 : ℚ) / 4096)	((1667 : ℚ) / 1024)	1	0	3
segment	5468	((1667 : ℚ) / 1024)	((6669 : ℚ) / 4096)	1	0	3
segment	5469	((6669 : ℚ) / 4096)	((3335 : ℚ) / 2048)	1	0	3
segment	5470	((3335 : ℚ) / 2048)	((6671 : ℚ) / 4096)	1	0	3
segment	5471	((6671 : ℚ) / 4096)	((417 : ℚ) / 256)	1	0	3
segment	5472	((417 : ℚ) / 256)	((6673 : ℚ) / 4096)	1	0	3
segment	5473	((6673 : ℚ) / 4096)	((3337 : ℚ) / 2048)	1	0	3
segment	5474	((3337 : ℚ) / 2048)	((6675 : ℚ) / 4096)	1	0	3
segment	5475	((6675 : ℚ) / 4096)	((1669 : ℚ) / 1024)	1	0	3
segment	5476	((1669 : ℚ) / 1024)	((6677 : ℚ) / 4096)	1	0	3
segment	5477	((6677 : ℚ) / 4096)	((3339 : ℚ) / 2048)	1	0	3
segment	5478	((3339 : ℚ) / 2048)	((6679 : ℚ) / 4096)	1	0	3
segment	5479	((6679 : ℚ) / 4096)	((835 : ℚ) / 512)	1	0	3
segment	5480	((835 : ℚ) / 512)	((6681 : ℚ) / 4096)	1	0	3
segment	5481	((6681 : ℚ) / 4096)	((3341 : ℚ) / 2048)	1	0	3
segment	5482	((3341 : ℚ) / 2048)	((6683 : ℚ) / 4096)	1	0	3
segment	5483	((6683 : ℚ) / 4096)	((1671 : ℚ) / 1024)	1	0	3
segment	5484	((1671 : ℚ) / 1024)	((6685 : ℚ) / 4096)	1	0	3
segment	5485	((6685 : ℚ) / 4096)	((3343 : ℚ) / 2048)	1	0	3
segment	5486	((3343 : ℚ) / 2048)	((6687 : ℚ) / 4096)	1	0	3
segment	5487	((6687 : ℚ) / 4096)	((209 : ℚ) / 128)	1	0	3
segment	5488	((209 : ℚ) / 128)	((6689 : ℚ) / 4096)	1	0	3
segment	5489	((6689 : ℚ) / 4096)	((3345 : ℚ) / 2048)	1	0	3
segment	5490	((3345 : ℚ) / 2048)	((6691 : ℚ) / 4096)	1	0	3
segment	5491	((6691 : ℚ) / 4096)	((1673 : ℚ) / 1024)	1	0	3
segment	5492	((1673 : ℚ) / 1024)	((6693 : ℚ) / 4096)	1	0	3
segment	5493	((6693 : ℚ) / 4096)	((3347 : ℚ) / 2048)	1	0	3
segment	5494	((3347 : ℚ) / 2048)	((6695 : ℚ) / 4096)	1	0	3
segment	5495	((6695 : ℚ) / 4096)	((837 : ℚ) / 512)	1	0	3
segment	5496	((837 : ℚ) / 512)	((6697 : ℚ) / 4096)	1	0	3
segment	5497	((6697 : ℚ) / 4096)	((3349 : ℚ) / 2048)	1	0	3
segment	5498	((3349 : ℚ) / 2048)	((6699 : ℚ) / 4096)	1	0	3
segment	5499	((6699 : ℚ) / 4096)	((1675 : ℚ) / 1024)	1	0	3
segment	5500	((1675 : ℚ) / 1024)	((6701 : ℚ) / 4096)	1	0	3
segment	5501	((6701 : ℚ) / 4096)	((3351 : ℚ) / 2048)	1	0	3
segment	5502	((3351 : ℚ) / 2048)	((6703 : ℚ) / 4096)	1	0	3
segment	5503	((6703 : ℚ) / 4096)	((419 : ℚ) / 256)	1	0	3
segment	5504	((419 : ℚ) / 256)	((6705 : ℚ) / 4096)	1	0	3
segment	5505	((6705 : ℚ) / 4096)	((3353 : ℚ) / 2048)	1	0	3
segment	5506	((3353 : ℚ) / 2048)	((6707 : ℚ) / 4096)	1	0	3
segment	5507	((6707 : ℚ) / 4096)	((1677 : ℚ) / 1024)	1	0	3
segment	5508	((1677 : ℚ) / 1024)	((6709 : ℚ) / 4096)	1	0	3
segment	5509	((6709 : ℚ) / 4096)	((3355 : ℚ) / 2048)	1	0	3
segment	5510	((3355 : ℚ) / 2048)	((6711 : ℚ) / 4096)	1	0	3
segment	5511	((6711 : ℚ) / 4096)	((839 : ℚ) / 512)	1	0	3
segment	5512	((839 : ℚ) / 512)	((6713 : ℚ) / 4096)	1	0	3
segment	5513	((6713 : ℚ) / 4096)	((3357 : ℚ) / 2048)	1	0	3
segment	5514	((3357 : ℚ) / 2048)	((6715 : ℚ) / 4096)	1	0	3
segment	5515	((6715 : ℚ) / 4096)	((1679 : ℚ) / 1024)	1	0	3
segment	5516	((1679 : ℚ) / 1024)	((6717 : ℚ) / 4096)	1	0	3
segment	5517	((6717 : ℚ) / 4096)	((3359 : ℚ) / 2048)	1	0	3
segment	5518	((3359 : ℚ) / 2048)	((6719 : ℚ) / 4096)	1	0	3
segment	5519	((6719 : ℚ) / 4096)	((105 : ℚ) / 64)	1	0	3
segment	5520	((105 : ℚ) / 64)	((6721 : ℚ) / 4096)	1	0	3
segment	5521	((6721 : ℚ) / 4096)	((3361 : ℚ) / 2048)	1	0	3
segment	5522	((3361 : ℚ) / 2048)	((6723 : ℚ) / 4096)	1	0	3
segment	5523	((6723 : ℚ) / 4096)	((1681 : ℚ) / 1024)	1	0	3
segment	5524	((1681 : ℚ) / 1024)	((6725 : ℚ) / 4096)	1	0	3
segment	5525	((6725 : ℚ) / 4096)	((3363 : ℚ) / 2048)	1	0	3
segment	5526	((3363 : ℚ) / 2048)	((6727 : ℚ) / 4096)	1	0	3
segment	5527	((6727 : ℚ) / 4096)	((841 : ℚ) / 512)	1	0	3
segment	5528	((841 : ℚ) / 512)	((6729 : ℚ) / 4096)	1	0	3
segment	5529	((6729 : ℚ) / 4096)	((3365 : ℚ) / 2048)	1	0	3
segment	5530	((3365 : ℚ) / 2048)	((6731 : ℚ) / 4096)	1	0	3
segment	5531	((6731 : ℚ) / 4096)	((1683 : ℚ) / 1024)	1	0	3
segment	5532	((1683 : ℚ) / 1024)	((6733 : ℚ) / 4096)	1	0	3
segment	5533	((6733 : ℚ) / 4096)	((3367 : ℚ) / 2048)	1	0	3
segment	5534	((3367 : ℚ) / 2048)	((6735 : ℚ) / 4096)	1	0	3
segment	5535	((6735 : ℚ) / 4096)	((421 : ℚ) / 256)	1	0	3
segment	5536	((421 : ℚ) / 256)	((6737 : ℚ) / 4096)	1	0	3
segment	5537	((6737 : ℚ) / 4096)	((3369 : ℚ) / 2048)	1	0	3
segment	5538	((3369 : ℚ) / 2048)	((6739 : ℚ) / 4096)	1	0	3
segment	5539	((6739 : ℚ) / 4096)	((1685 : ℚ) / 1024)	1	0	3
segment	5540	((1685 : ℚ) / 1024)	((6741 : ℚ) / 4096)	1	0	3
segment	5541	((6741 : ℚ) / 4096)	((3371 : ℚ) / 2048)	1	0	3
segment	5542	((3371 : ℚ) / 2048)	((6743 : ℚ) / 4096)	1	0	3
segment	5543	((6743 : ℚ) / 4096)	((843 : ℚ) / 512)	1	0	3
segment	5544	((843 : ℚ) / 512)	((6745 : ℚ) / 4096)	1	0	3
segment	5545	((6745 : ℚ) / 4096)	((3373 : ℚ) / 2048)	1	0	3
segment	5546	((3373 : ℚ) / 2048)	((6747 : ℚ) / 4096)	1	0	3
segment	5547	((6747 : ℚ) / 4096)	((1687 : ℚ) / 1024)	1	0	3
segment	5548	((1687 : ℚ) / 1024)	((6749 : ℚ) / 4096)	1	0	3
segment	5549	((6749 : ℚ) / 4096)	((3375 : ℚ) / 2048)	1	0	3
segment	5550	((3375 : ℚ) / 2048)	((6751 : ℚ) / 4096)	1	0	3
segment	5551	((6751 : ℚ) / 4096)	((211 : ℚ) / 128)	1	0	3
segment	5552	((211 : ℚ) / 128)	((6753 : ℚ) / 4096)	1	0	3
segment	5553	((6753 : ℚ) / 4096)	((3377 : ℚ) / 2048)	1	0	3
segment	5554	((3377 : ℚ) / 2048)	((6755 : ℚ) / 4096)	1	0	3
segment	5555	((6755 : ℚ) / 4096)	((1689 : ℚ) / 1024)	1	0	3
segment	5556	((1689 : ℚ) / 1024)	((6757 : ℚ) / 4096)	1	0	3
segment	5557	((6757 : ℚ) / 4096)	((3379 : ℚ) / 2048)	1	0	3
segment	5558	((3379 : ℚ) / 2048)	((6759 : ℚ) / 4096)	1	0	3
segment	5559	((6759 : ℚ) / 4096)	((845 : ℚ) / 512)	1	0	3
segment	5560	((845 : ℚ) / 512)	((6761 : ℚ) / 4096)	1	0	3
segment	5561	((6761 : ℚ) / 4096)	((3381 : ℚ) / 2048)	1	0	3
segment	5562	((3381 : ℚ) / 2048)	((6763 : ℚ) / 4096)	1	0	3
segment	5563	((6763 : ℚ) / 4096)	((1691 : ℚ) / 1024)	1	0	3
segment	5564	((1691 : ℚ) / 1024)	((6765 : ℚ) / 4096)	1	0	3
segment	5565	((6765 : ℚ) / 4096)	((3383 : ℚ) / 2048)	1	0	3
segment	5566	((3383 : ℚ) / 2048)	((6767 : ℚ) / 4096)	1	0	3
segment	5567	((6767 : ℚ) / 4096)	((423 : ℚ) / 256)	1	0	3
segment	5568	((423 : ℚ) / 256)	((6769 : ℚ) / 4096)	1	0	3
segment	5569	((6769 : ℚ) / 4096)	((3385 : ℚ) / 2048)	1	0	3
segment	5570	((3385 : ℚ) / 2048)	((6771 : ℚ) / 4096)	1	0	3
segment	5571	((6771 : ℚ) / 4096)	((1693 : ℚ) / 1024)	1	0	3
segment	5572	((1693 : ℚ) / 1024)	((6773 : ℚ) / 4096)	1	0	3
segment	5573	((6773 : ℚ) / 4096)	((3387 : ℚ) / 2048)	1	0	3
segment	5574	((3387 : ℚ) / 2048)	((6775 : ℚ) / 4096)	1	0	3
segment	5575	((6775 : ℚ) / 4096)	((847 : ℚ) / 512)	1	0	3
segment	5576	((847 : ℚ) / 512)	((6777 : ℚ) / 4096)	1	0	3
segment	5577	((6777 : ℚ) / 4096)	((3389 : ℚ) / 2048)	1	0	3
segment	5578	((3389 : ℚ) / 2048)	((6779 : ℚ) / 4096)	1	0	3
segment	5579	((6779 : ℚ) / 4096)	((1695 : ℚ) / 1024)	1	0	3
segment	5580	((1695 : ℚ) / 1024)	((6781 : ℚ) / 4096)	1	0	3
segment	5581	((6781 : ℚ) / 4096)	((3391 : ℚ) / 2048)	1	0	3
segment	5582	((3391 : ℚ) / 2048)	((6783 : ℚ) / 4096)	1	0	3
segment	5583	((6783 : ℚ) / 4096)	((53 : ℚ) / 32)	1	0	3
segment	5584	((53 : ℚ) / 32)	((6785 : ℚ) / 4096)	1	0	3
segment	5585	((6785 : ℚ) / 4096)	((3393 : ℚ) / 2048)	1	0	3
segment	5586	((3393 : ℚ) / 2048)	((6787 : ℚ) / 4096)	1	0	3
segment	5587	((6787 : ℚ) / 4096)	((1697 : ℚ) / 1024)	1	0	3
segment	5588	((1697 : ℚ) / 1024)	((6789 : ℚ) / 4096)	1	0	3
segment	5589	((6789 : ℚ) / 4096)	((3395 : ℚ) / 2048)	1	0	3
segment	5590	((3395 : ℚ) / 2048)	((6791 : ℚ) / 4096)	1	0	3
segment	5591	((6791 : ℚ) / 4096)	((849 : ℚ) / 512)	1	0	3
segment	5592	((849 : ℚ) / 512)	((6793 : ℚ) / 4096)	1	0	3
segment	5593	((6793 : ℚ) / 4096)	((3397 : ℚ) / 2048)	1	0	3
segment	5594	((3397 : ℚ) / 2048)	((6795 : ℚ) / 4096)	1	0	3
segment	5595	((6795 : ℚ) / 4096)	((1699 : ℚ) / 1024)	1	0	3
segment	5596	((1699 : ℚ) / 1024)	((6797 : ℚ) / 4096)	1	0	3
segment	5597	((6797 : ℚ) / 4096)	((3399 : ℚ) / 2048)	1	0	3
segment	5598	((3399 : ℚ) / 2048)	((6799 : ℚ) / 4096)	1	0	3
segment	5599	((6799 : ℚ) / 4096)	((425 : ℚ) / 256)	1	0	3
segment	5600	((425 : ℚ) / 256)	((6801 : ℚ) / 4096)	1	0	3
segment	5601	((6801 : ℚ) / 4096)	((3401 : ℚ) / 2048)	1	0	3
segment	5602	((3401 : ℚ) / 2048)	((6803 : ℚ) / 4096)	1	0	3
segment	5603	((6803 : ℚ) / 4096)	((1701 : ℚ) / 1024)	1	0	3
segment	5604	((1701 : ℚ) / 1024)	((6805 : ℚ) / 4096)	1	0	3
segment	5605	((6805 : ℚ) / 4096)	((3403 : ℚ) / 2048)	1	0	3
segment	5606	((3403 : ℚ) / 2048)	((6807 : ℚ) / 4096)	1	0	3
segment	5607	((6807 : ℚ) / 4096)	((851 : ℚ) / 512)	1	0	3
segment	5608	((851 : ℚ) / 512)	((6809 : ℚ) / 4096)	1	0	3
segment	5609	((6809 : ℚ) / 4096)	((3405 : ℚ) / 2048)	1	0	3
segment	5610	((3405 : ℚ) / 2048)	((6811 : ℚ) / 4096)	1	0	3
segment	5611	((6811 : ℚ) / 4096)	((1703 : ℚ) / 1024)	1	0	3
segment	5612	((1703 : ℚ) / 1024)	((6813 : ℚ) / 4096)	1	0	3
segment	5613	((6813 : ℚ) / 4096)	((3407 : ℚ) / 2048)	1	0	3
segment	5614	((3407 : ℚ) / 2048)	((6815 : ℚ) / 4096)	1	0	3
segment	5615	((6815 : ℚ) / 4096)	((213 : ℚ) / 128)	1	0	3
segment	5616	((213 : ℚ) / 128)	((6817 : ℚ) / 4096)	1	0	3
segment	5617	((6817 : ℚ) / 4096)	((3409 : ℚ) / 2048)	1	0	3
segment	5618	((3409 : ℚ) / 2048)	((6819 : ℚ) / 4096)	1	0	3
segment	5619	((6819 : ℚ) / 4096)	((1705 : ℚ) / 1024)	1	0	3
segment	5620	((1705 : ℚ) / 1024)	((6821 : ℚ) / 4096)	1	0	3
segment	5621	((6821 : ℚ) / 4096)	((3411 : ℚ) / 2048)	1	0	3
segment	5622	((3411 : ℚ) / 2048)	((6823 : ℚ) / 4096)	1	0	3
segment	5623	((6823 : ℚ) / 4096)	((853 : ℚ) / 512)	1	0	3
segment	5624	((853 : ℚ) / 512)	((6825 : ℚ) / 4096)	1	0	3
segment	5625	((6825 : ℚ) / 4096)	((3413 : ℚ) / 2048)	1	0	3
segment	5626	((3413 : ℚ) / 2048)	((6827 : ℚ) / 4096)	1	0	3
segment	5627	((6827 : ℚ) / 4096)	((1707 : ℚ) / 1024)	1	0	3
segment	5628	((1707 : ℚ) / 1024)	((6829 : ℚ) / 4096)	1	0	3
segment	5629	((6829 : ℚ) / 4096)	((3415 : ℚ) / 2048)	1	0	3
segment	5630	((3415 : ℚ) / 2048)	((6831 : ℚ) / 4096)	1	0	3
segment	5631	((6831 : ℚ) / 4096)	((427 : ℚ) / 256)	1	0	3
segment	5632	((427 : ℚ) / 256)	((6833 : ℚ) / 4096)	1	0	3
segment	5633	((6833 : ℚ) / 4096)	((3417 : ℚ) / 2048)	1	0	3
segment	5634	((3417 : ℚ) / 2048)	((6835 : ℚ) / 4096)	1	0	3
segment	5635	((6835 : ℚ) / 4096)	((1709 : ℚ) / 1024)	1	0	3
segment	5636	((1709 : ℚ) / 1024)	((6837 : ℚ) / 4096)	1	0	3
segment	5637	((6837 : ℚ) / 4096)	((3419 : ℚ) / 2048)	1	0	3
segment	5638	((3419 : ℚ) / 2048)	((6839 : ℚ) / 4096)	1	0	3
segment	5639	((6839 : ℚ) / 4096)	((855 : ℚ) / 512)	1	0	3
segment	5640	((855 : ℚ) / 512)	((6841 : ℚ) / 4096)	1	0	3
segment	5641	((6841 : ℚ) / 4096)	((3421 : ℚ) / 2048)	1	0	3
segment	5642	((3421 : ℚ) / 2048)	((6843 : ℚ) / 4096)	1	0	3
segment	5643	((6843 : ℚ) / 4096)	((1711 : ℚ) / 1024)	1	0	3
segment	5644	((1711 : ℚ) / 1024)	((6845 : ℚ) / 4096)	1	0	3
segment	5645	((6845 : ℚ) / 4096)	((3423 : ℚ) / 2048)	1	0	3
segment	5646	((3423 : ℚ) / 2048)	((6847 : ℚ) / 4096)	1	0	3
segment	5647	((6847 : ℚ) / 4096)	((107 : ℚ) / 64)	1	0	3
segment	5648	((107 : ℚ) / 64)	((6849 : ℚ) / 4096)	1	0	3
segment	5649	((6849 : ℚ) / 4096)	((3425 : ℚ) / 2048)	1	0	3
segment	5650	((3425 : ℚ) / 2048)	((6851 : ℚ) / 4096)	1	0	3
segment	5651	((6851 : ℚ) / 4096)	((1713 : ℚ) / 1024)	1	0	3
segment	5652	((1713 : ℚ) / 1024)	((6853 : ℚ) / 4096)	1	0	3
segment	5653	((6853 : ℚ) / 4096)	((3427 : ℚ) / 2048)	1	0	3
segment	5654	((3427 : ℚ) / 2048)	((6855 : ℚ) / 4096)	1	0	3
segment	5655	((6855 : ℚ) / 4096)	((857 : ℚ) / 512)	1	0	3
segment	5656	((857 : ℚ) / 512)	((6857 : ℚ) / 4096)	1	0	3
segment	5657	((6857 : ℚ) / 4096)	((3429 : ℚ) / 2048)	1	0	3
segment	5658	((3429 : ℚ) / 2048)	((6859 : ℚ) / 4096)	1	0	3
segment	5659	((6859 : ℚ) / 4096)	((1715 : ℚ) / 1024)	1	0	3
segment	5660	((1715 : ℚ) / 1024)	((6861 : ℚ) / 4096)	1	0	3
segment	5661	((6861 : ℚ) / 4096)	((3431 : ℚ) / 2048)	1	0	3
segment	5662	((3431 : ℚ) / 2048)	((6863 : ℚ) / 4096)	1	0	3
segment	5663	((6863 : ℚ) / 4096)	((429 : ℚ) / 256)	1	0	3
segment	5664	((429 : ℚ) / 256)	((6865 : ℚ) / 4096)	1	0	3
segment	5665	((6865 : ℚ) / 4096)	((3433 : ℚ) / 2048)	1	0	3
segment	5666	((3433 : ℚ) / 2048)	((6867 : ℚ) / 4096)	1	0	3
segment	5667	((6867 : ℚ) / 4096)	((1717 : ℚ) / 1024)	1	0	3
segment	5668	((1717 : ℚ) / 1024)	((6869 : ℚ) / 4096)	1	0	3
segment	5669	((6869 : ℚ) / 4096)	((3435 : ℚ) / 2048)	1	0	3
segment	5670	((3435 : ℚ) / 2048)	((6871 : ℚ) / 4096)	1	0	3
segment	5671	((6871 : ℚ) / 4096)	((859 : ℚ) / 512)	1	0	3
segment	5672	((859 : ℚ) / 512)	((6873 : ℚ) / 4096)	1	0	3
segment	5673	((6873 : ℚ) / 4096)	((3437 : ℚ) / 2048)	1	0	3
segment	5674	((3437 : ℚ) / 2048)	((6875 : ℚ) / 4096)	1	0	3
segment	5675	((6875 : ℚ) / 4096)	((1719 : ℚ) / 1024)	1	0	3
segment	5676	((1719 : ℚ) / 1024)	((6877 : ℚ) / 4096)	1	0	3
segment	5677	((6877 : ℚ) / 4096)	((3439 : ℚ) / 2048)	1	0	3
segment	5678	((3439 : ℚ) / 2048)	((6879 : ℚ) / 4096)	1	0	3
segment	5679	((6879 : ℚ) / 4096)	((215 : ℚ) / 128)	1	0	3
segment	5680	((215 : ℚ) / 128)	((6881 : ℚ) / 4096)	1	0	3
segment	5681	((6881 : ℚ) / 4096)	((3441 : ℚ) / 2048)	1	0	3
segment	5682	((3441 : ℚ) / 2048)	((6883 : ℚ) / 4096)	1	0	3
segment	5683	((6883 : ℚ) / 4096)	((1721 : ℚ) / 1024)	1	0	3
segment	5684	((1721 : ℚ) / 1024)	((6885 : ℚ) / 4096)	1	0	3
segment	5685	((6885 : ℚ) / 4096)	((3443 : ℚ) / 2048)	1	0	3
segment	5686	((3443 : ℚ) / 2048)	((6887 : ℚ) / 4096)	1	0	3
segment	5687	((6887 : ℚ) / 4096)	((861 : ℚ) / 512)	1	0	3
segment	5688	((861 : ℚ) / 512)	((6889 : ℚ) / 4096)	1	0	3
segment	5689	((6889 : ℚ) / 4096)	((3445 : ℚ) / 2048)	1	0	3
segment	5690	((3445 : ℚ) / 2048)	((6891 : ℚ) / 4096)	1	0	3
segment	5691	((6891 : ℚ) / 4096)	((1723 : ℚ) / 1024)	1	0	3
segment	5692	((1723 : ℚ) / 1024)	((6893 : ℚ) / 4096)	1	0	3
segment	5693	((6893 : ℚ) / 4096)	((3447 : ℚ) / 2048)	1	0	3
segment	5694	((3447 : ℚ) / 2048)	((6895 : ℚ) / 4096)	1	0	3
segment	5695	((6895 : ℚ) / 4096)	((431 : ℚ) / 256)	1	0	3
segment	5696	((431 : ℚ) / 256)	((6897 : ℚ) / 4096)	1	0	3
segment	5697	((6897 : ℚ) / 4096)	((3449 : ℚ) / 2048)	1	0	3
segment	5698	((3449 : ℚ) / 2048)	((6899 : ℚ) / 4096)	1	0	3
segment	5699	((6899 : ℚ) / 4096)	((1725 : ℚ) / 1024)	1	0	3
segment	5700	((1725 : ℚ) / 1024)	((6901 : ℚ) / 4096)	1	0	3
segment	5701	((6901 : ℚ) / 4096)	((3451 : ℚ) / 2048)	1	0	3
segment	5702	((3451 : ℚ) / 2048)	((6903 : ℚ) / 4096)	1	0	3
segment	5703	((6903 : ℚ) / 4096)	((863 : ℚ) / 512)	1	0	3
segment	5704	((863 : ℚ) / 512)	((6905 : ℚ) / 4096)	1	0	3
segment	5705	((6905 : ℚ) / 4096)	((3453 : ℚ) / 2048)	1	0	3
segment	5706	((3453 : ℚ) / 2048)	((6907 : ℚ) / 4096)	1	0	3
segment	5707	((6907 : ℚ) / 4096)	((1727 : ℚ) / 1024)	1	0	3
segment	5708	((1727 : ℚ) / 1024)	((6909 : ℚ) / 4096)	1	0	3
segment	5709	((6909 : ℚ) / 4096)	((3455 : ℚ) / 2048)	1	0	3
segment	5710	((3455 : ℚ) / 2048)	((6911 : ℚ) / 4096)	1	0	3
segment	5711	((6911 : ℚ) / 4096)	((27 : ℚ) / 16)	1	0	3
segment	5712	((27 : ℚ) / 16)	((6913 : ℚ) / 4096)	1	0	3
segment	5713	((6913 : ℚ) / 4096)	((3457 : ℚ) / 2048)	1	0	3
segment	5714	((3457 : ℚ) / 2048)	((6915 : ℚ) / 4096)	1	0	3
segment	5715	((6915 : ℚ) / 4096)	((1729 : ℚ) / 1024)	1	0	3
segment	5716	((1729 : ℚ) / 1024)	((6917 : ℚ) / 4096)	1	0	3
segment	5717	((6917 : ℚ) / 4096)	((3459 : ℚ) / 2048)	1	0	3
segment	5718	((3459 : ℚ) / 2048)	((6919 : ℚ) / 4096)	1	0	3
segment	5719	((6919 : ℚ) / 4096)	((865 : ℚ) / 512)	1	0	3
segment	5720	((865 : ℚ) / 512)	((6921 : ℚ) / 4096)	1	0	3
segment	5721	((6921 : ℚ) / 4096)	((3461 : ℚ) / 2048)	1	0	3
segment	5722	((3461 : ℚ) / 2048)	((6923 : ℚ) / 4096)	1	0	3
segment	5723	((6923 : ℚ) / 4096)	((1731 : ℚ) / 1024)	1	0	3
segment	5724	((1731 : ℚ) / 1024)	((6925 : ℚ) / 4096)	1	0	3
segment	5725	((6925 : ℚ) / 4096)	((3463 : ℚ) / 2048)	1	0	3
segment	5726	((3463 : ℚ) / 2048)	((6927 : ℚ) / 4096)	1	0	3
segment	5727	((6927 : ℚ) / 4096)	((433 : ℚ) / 256)	1	0	3
segment	5728	((433 : ℚ) / 256)	((6929 : ℚ) / 4096)	1	0	3
segment	5729	((6929 : ℚ) / 4096)	((3465 : ℚ) / 2048)	1	0	3
segment	5730	((3465 : ℚ) / 2048)	((6931 : ℚ) / 4096)	1	0	3
segment	5731	((6931 : ℚ) / 4096)	((1733 : ℚ) / 1024)	1	0	3
segment	5732	((1733 : ℚ) / 1024)	((6933 : ℚ) / 4096)	1	0	3
segment	5733	((6933 : ℚ) / 4096)	((3467 : ℚ) / 2048)	1	0	3
segment	5734	((3467 : ℚ) / 2048)	((6935 : ℚ) / 4096)	1	0	3
segment	5735	((6935 : ℚ) / 4096)	((867 : ℚ) / 512)	1	0	3
segment	5736	((867 : ℚ) / 512)	((6937 : ℚ) / 4096)	1	0	3
segment	5737	((6937 : ℚ) / 4096)	((3469 : ℚ) / 2048)	1	0	3
segment	5738	((3469 : ℚ) / 2048)	((6939 : ℚ) / 4096)	1	0	3
segment	5739	((6939 : ℚ) / 4096)	((1735 : ℚ) / 1024)	1	0	3
segment	5740	((1735 : ℚ) / 1024)	((6941 : ℚ) / 4096)	1	0	3
segment	5741	((6941 : ℚ) / 4096)	((3471 : ℚ) / 2048)	1	0	3
segment	5742	((3471 : ℚ) / 2048)	((6943 : ℚ) / 4096)	1	0	3
segment	5743	((6943 : ℚ) / 4096)	((217 : ℚ) / 128)	1	0	3
segment	5744	((217 : ℚ) / 128)	((6945 : ℚ) / 4096)	1	0	3
segment	5745	((6945 : ℚ) / 4096)	((3473 : ℚ) / 2048)	1	0	3
segment	5746	((3473 : ℚ) / 2048)	((6947 : ℚ) / 4096)	1	0	3
segment	5747	((6947 : ℚ) / 4096)	((1737 : ℚ) / 1024)	1	0	3
segment	5748	((1737 : ℚ) / 1024)	((6949 : ℚ) / 4096)	1	0	3
segment	5749	((6949 : ℚ) / 4096)	((3475 : ℚ) / 2048)	1	0	3
segment	5750	((3475 : ℚ) / 2048)	((6951 : ℚ) / 4096)	1	0	3
segment	5751	((6951 : ℚ) / 4096)	((869 : ℚ) / 512)	1	0	3
segment	5752	((869 : ℚ) / 512)	((6953 : ℚ) / 4096)	1	0	3
segment	5753	((6953 : ℚ) / 4096)	((3477 : ℚ) / 2048)	1	0	3
segment	5754	((3477 : ℚ) / 2048)	((6955 : ℚ) / 4096)	1	0	3
segment	5755	((6955 : ℚ) / 4096)	((1739 : ℚ) / 1024)	1	0	3
segment	5756	((1739 : ℚ) / 1024)	((6957 : ℚ) / 4096)	1	0	3
segment	5757	((6957 : ℚ) / 4096)	((3479 : ℚ) / 2048)	1	0	3
segment	5758	((3479 : ℚ) / 2048)	((6959 : ℚ) / 4096)	1	0	3
segment	5759	((6959 : ℚ) / 4096)	((435 : ℚ) / 256)	1	0	3
segment	5760	((435 : ℚ) / 256)	((6961 : ℚ) / 4096)	1	0	3
segment	5761	((6961 : ℚ) / 4096)	((3481 : ℚ) / 2048)	1	0	3
segment	5762	((3481 : ℚ) / 2048)	((6963 : ℚ) / 4096)	1	0	3
segment	5763	((6963 : ℚ) / 4096)	((1741 : ℚ) / 1024)	1	0	3
segment	5764	((1741 : ℚ) / 1024)	((6965 : ℚ) / 4096)	1	0	3
segment	5765	((6965 : ℚ) / 4096)	((3483 : ℚ) / 2048)	1	0	3
segment	5766	((3483 : ℚ) / 2048)	((6967 : ℚ) / 4096)	1	0	3
segment	5767	((6967 : ℚ) / 4096)	((871 : ℚ) / 512)	1	0	3
segment	5768	((871 : ℚ) / 512)	((6969 : ℚ) / 4096)	1	0	3
segment	5769	((6969 : ℚ) / 4096)	((3485 : ℚ) / 2048)	1	0	3
segment	5770	((3485 : ℚ) / 2048)	((6971 : ℚ) / 4096)	1	0	3
segment	5771	((6971 : ℚ) / 4096)	((1743 : ℚ) / 1024)	1	0	3
segment	5772	((1743 : ℚ) / 1024)	((6973 : ℚ) / 4096)	1	0	3
segment	5773	((6973 : ℚ) / 4096)	((3487 : ℚ) / 2048)	1	0	3
segment	5774	((3487 : ℚ) / 2048)	((6975 : ℚ) / 4096)	1	0	3
segment	5775	((6975 : ℚ) / 4096)	((109 : ℚ) / 64)	1	0	3
segment	5776	((109 : ℚ) / 64)	((6977 : ℚ) / 4096)	1	0	3
segment	5777	((6977 : ℚ) / 4096)	((3489 : ℚ) / 2048)	1	0	3
segment	5778	((3489 : ℚ) / 2048)	((6979 : ℚ) / 4096)	1	0	3
segment	5779	((6979 : ℚ) / 4096)	((1745 : ℚ) / 1024)	1	0	3
segment	5780	((1745 : ℚ) / 1024)	((6981 : ℚ) / 4096)	1	0	3
segment	5781	((6981 : ℚ) / 4096)	((3491 : ℚ) / 2048)	1	0	3
segment	5782	((3491 : ℚ) / 2048)	((6983 : ℚ) / 4096)	1	0	3
segment	5783	((6983 : ℚ) / 4096)	((873 : ℚ) / 512)	1	0	3
segment	5784	((873 : ℚ) / 512)	((6985 : ℚ) / 4096)	1	0	3
segment	5785	((6985 : ℚ) / 4096)	((3493 : ℚ) / 2048)	1	0	3
segment	5786	((3493 : ℚ) / 2048)	((6987 : ℚ) / 4096)	1	0	3
segment	5787	((6987 : ℚ) / 4096)	((1747 : ℚ) / 1024)	1	0	3
segment	5788	((1747 : ℚ) / 1024)	((6989 : ℚ) / 4096)	1	0	3
segment	5789	((6989 : ℚ) / 4096)	((3495 : ℚ) / 2048)	1	0	3
segment	5790	((3495 : ℚ) / 2048)	((6991 : ℚ) / 4096)	1	0	3
segment	5791	((6991 : ℚ) / 4096)	((437 : ℚ) / 256)	1	0	3
segment	5792	((437 : ℚ) / 256)	((6993 : ℚ) / 4096)	1	0	3
segment	5793	((6993 : ℚ) / 4096)	((3497 : ℚ) / 2048)	1	0	3
segment	5794	((3497 : ℚ) / 2048)	((6995 : ℚ) / 4096)	1	0	3
segment	5795	((6995 : ℚ) / 4096)	((1749 : ℚ) / 1024)	1	0	3
segment	5796	((1749 : ℚ) / 1024)	((6997 : ℚ) / 4096)	1	0	3
segment	5797	((6997 : ℚ) / 4096)	((3499 : ℚ) / 2048)	1	43176307102222	3
segment	5798	((3499 : ℚ) / 2048)	((6999 : ℚ) / 4096)	1	341196265378719	3
segment	5799	((6999 : ℚ) / 4096)	((875 : ℚ) / 512)	1	706757805456290	3
segment	5800	((875 : ℚ) / 512)	((7001 : ℚ) / 4096)	1	1094521090226003	3
segment	5801	((7001 : ℚ) / 4096)	((3501 : ℚ) / 2048)	1	1491596607310982	3
segment	5802	((3501 : ℚ) / 2048)	((7003 : ℚ) / 4096)	1	1881570397792371	3
segment	5803	((7003 : ℚ) / 4096)	((1751 : ℚ) / 1024)	1	2244223751319722	3
segment	5804	((1751 : ℚ) / 1024)	((7005 : ℚ) / 4096)	1	2555285590697870	3
segment	5805	((7005 : ℚ) / 4096)	((3503 : ℚ) / 2048)	1	2786225235433221	3
segment	5806	((3503 : ℚ) / 2048)	((7007 : ℚ) / 4096)	1	2904093118085106	3
segment	5807	((7007 : ℚ) / 4096)	((219 : ℚ) / 128)	1	2905280194970966	3
segment	5808	((219 : ℚ) / 128)	((7009 : ℚ) / 4096)	1	2779185331512778	3
segment	5809	((7009 : ℚ) / 4096)	((3505 : ℚ) / 2048)	1	2438949043148603	3
segment	5810	((3505 : ℚ) / 2048)	((7011 : ℚ) / 4096)	1	1834457113177294	3
segment	5811	((7011 : ℚ) / 4096)	((1753 : ℚ) / 1024)	1	912545693768273	3
segment	5812	((1753 : ℚ) / 1024)	((7013 : ℚ) / 4096)	1	0	3
segment	5813	((7013 : ℚ) / 4096)	((3507 : ℚ) / 2048)	1	0	3
segment	5814	((3507 : ℚ) / 2048)	((7015 : ℚ) / 4096)	1	0	3
segment	5815	((7015 : ℚ) / 4096)	((877 : ℚ) / 512)	1	0	1
segment	5816	((877 : ℚ) / 512)	((3509 : ℚ) / 2048)	2	0	3
segment	5817	((3509 : ℚ) / 2048)	((1755 : ℚ) / 1024)	2	0	3
segment	5818	((1755 : ℚ) / 1024)	((439 : ℚ) / 256)	3	0	3
segment	5819	((439 : ℚ) / 256)	((1757 : ℚ) / 1024)	3	0	3
segment	5820	((1757 : ℚ) / 1024)	((879 : ℚ) / 512)	3	0	1
segment	5821	((879 : ℚ) / 512)	((55 : ℚ) / 32)	4	0	3
segment	5822	((55 : ℚ) / 32)	((881 : ℚ) / 512)	4	0	3
segment	5823	((881 : ℚ) / 512)	((441 : ℚ) / 256)	4	0	1
segment	5824	((441 : ℚ) / 256)	((221 : ℚ) / 128)	5	0	3
segment	5825	((221 : ℚ) / 128)	((443 : ℚ) / 256)	5	0	3
segment	5826	((443 : ℚ) / 256)	((111 : ℚ) / 64)	5	0	3
segment	5827	((111 : ℚ) / 64)	((445 : ℚ) / 256)	5	0	3
segment	5828	((445 : ℚ) / 256)	((223 : ℚ) / 128)	5	0	1
segment	5829	((223 : ℚ) / 128)	((7 : ℚ) / 4)	6	0	3
segment	5830	((7 : ℚ) / 4)	((225 : ℚ) / 128)	6	0	3
segment	5831	((225 : ℚ) / 128)	((113 : ℚ) / 64)	6	0	3
segment	5832	((113 : ℚ) / 64)	((57 : ℚ) / 32)	7	0	3
segment	5833	((57 : ℚ) / 32)	((115 : ℚ) / 64)	7	0	3
segment	5834	((115 : ℚ) / 64)	((29 : ℚ) / 16)	7	0	1
segment	5835	((29 : ℚ) / 16)	((59 : ℚ) / 32)	8	0	3
segment	5836	((59 : ℚ) / 32)	((15 : ℚ) / 8)	8	0	3
segment	5837	((15 : ℚ) / 8)	((61 : ℚ) / 32)	8	0	3
segment	5838	((61 : ℚ) / 32)	((31 : ℚ) / 16)	8	0	1
segment	5839	((31 : ℚ) / 16)	((63 : ℚ) / 32)	8	0	1
segment	5840	((63 : ℚ) / 32)	((2 : ℚ) / 1)	8	0	1
frontier	5841	maxnodes	3
total	1208925759762035886496581	canonical	1208925759762035886496581
row1 cells=128 depth=8 budget=1208925759762035886496581/1208925819614629174706176
