segment	0	((0 : ℚ) / 1)	((1 : ℚ) / 256)	9	0	1
segment	1	((1 : ℚ) / 256)	((3 : ℚ) / 512)	8	0	1
segment	2	((3 : ℚ) / 512)	((7 : ℚ) / 1024)	7	0	1
segment	3	((7 : ℚ) / 1024)	((1 : ℚ) / 128)	7	0	3
segment	4	((1 : ℚ) / 128)	((65 : ℚ) / 8192)	4	0	1
segment	5	((65 : ℚ) / 8192)	((131 : ℚ) / 16384)	3	0	1
segment	6	((131 : ℚ) / 16384)	((525 : ℚ) / 65536)	1	47743666494256	3
segment	7	((525 : ℚ) / 65536)	((263 : ℚ) / 32768)	1	246507014530779	1
segment	8	((263 : ℚ) / 32768)	((33 : ℚ) / 4096)	2	1163412018651791	1
segment	9	((33 : ℚ) / 4096)	((17 : ℚ) / 2048)	5	38702611775008840	1
segment	10	((17 : ℚ) / 2048)	((9 : ℚ) / 1024)	6	197465825035575463	1
segment	11	((9 : ℚ) / 1024)	((5 : ℚ) / 512)	7	598702544688215604	1
segment	12	((5 : ℚ) / 512)	((11 : ℚ) / 1024)	7	508646364910862614	1
segment	13	((11 : ℚ) / 1024)	((3 : ℚ) / 256)	7	223682958559218670	3
segment	14	((3 : ℚ) / 256)	((49 : ℚ) / 4096)	5	10012323732573917	3
segment	15	((49 : ℚ) / 4096)	((785 : ℚ) / 65536)	1	87154830682377	1
segment	16	((785 : ℚ) / 65536)	((393 : ℚ) / 32768)	1	34133559451587	3
segment	17	((393 : ℚ) / 32768)	((197 : ℚ) / 16384)	2	0	1
segment	18	((197 : ℚ) / 16384)	((99 : ℚ) / 8192)	3	0	1
segment	19	((99 : ℚ) / 8192)	((25 : ℚ) / 2048)	4	0	1
segment	20	((25 : ℚ) / 2048)	((13 : ℚ) / 1024)	6	0	3
segment	21	((13 : ℚ) / 1024)	((7 : ℚ) / 512)	7	0	3
segment	22	((7 : ℚ) / 512)	((15 : ℚ) / 1024)	7	0	3
segment	23	((15 : ℚ) / 1024)	((31 : ℚ) / 2048)	6	0	1
segment	24	((31 : ℚ) / 2048)	((1 : ℚ) / 64)	6	0	3
segment	25	((1 : ℚ) / 64)	((65 : ℚ) / 4096)	5	0	1
segment	26	((65 : ℚ) / 4096)	((131 : ℚ) / 8192)	4	0	3
segment	27	((131 : ℚ) / 8192)	((1049 : ℚ) / 65536)	1	0	1
segment	28	((1049 : ℚ) / 65536)	((525 : ℚ) / 32768)	1	2427589646901	3
segment	29	((525 : ℚ) / 32768)	((263 : ℚ) / 16384)	2	57008314614077	1
segment	30	((263 : ℚ) / 16384)	((33 : ℚ) / 2048)	3	396394414246297	1
segment	31	((33 : ℚ) / 2048)	((67 : ℚ) / 4096)	5	5147516690492541	3
segment	32	((67 : ℚ) / 4096)	((17 : ℚ) / 1024)	5	10254171705969385	1
segment	33	((17 : ℚ) / 1024)	((35 : ℚ) / 2048)	6	32244961271946973	3
segment	34	((35 : ℚ) / 2048)	((9 : ℚ) / 512)	6	41439148335941818	1
segment	35	((9 : ℚ) / 512)	((19 : ℚ) / 1024)	7	81302736569914783	3
segment	36	((19 : ℚ) / 1024)	((39 : ℚ) / 2048)	6	28776239546199626	3
segment	37	((39 : ℚ) / 2048)	((5 : ℚ) / 256)	6	16823947136408887	3
segment	38	((5 : ℚ) / 256)	((81 : ℚ) / 4096)	5	3730034861813464	3
segment	39	((81 : ℚ) / 4096)	((163 : ℚ) / 8192)	4	730647806418360	3
segment	40	((163 : ℚ) / 8192)	((653 : ℚ) / 32768)	2	68188021419448	1
segment	41	((653 : ℚ) / 32768)	((1307 : ℚ) / 65536)	1	17206874994259	1
segment	42	((1307 : ℚ) / 65536)	((327 : ℚ) / 16384)	1	6022566870185	3
segment	43	((327 : ℚ) / 16384)	((1309 : ℚ) / 65536)	1	323471593172	3
segment	44	((1309 : ℚ) / 65536)	((655 : ℚ) / 32768)	1	0	1
segment	45	((655 : ℚ) / 32768)	((41 : ℚ) / 2048)	2	0	1
segment	46	((41 : ℚ) / 2048)	((165 : ℚ) / 8192)	4	0	3
segment	47	((165 : ℚ) / 8192)	((83 : ℚ) / 4096)	4	0	1
segment	48	((83 : ℚ) / 4096)	((21 : ℚ) / 1024)	5	0	1
segment	49	((21 : ℚ) / 1024)	((43 : ℚ) / 2048)	6	0	3
segment	50	((43 : ℚ) / 2048)	((11 : ℚ) / 512)	6	0	3
segment	51	((11 : ℚ) / 512)	((45 : ℚ) / 2048)	6	0	3
segment	52	((45 : ℚ) / 2048)	((23 : ℚ) / 1024)	6	0	3
segment	53	((23 : ℚ) / 1024)	((47 : ℚ) / 2048)	6	0	3
segment	54	((47 : ℚ) / 2048)	((3 : ℚ) / 128)	6	0	3
segment	55	((3 : ℚ) / 128)	((97 : ℚ) / 4096)	5	0	1
segment	56	((97 : ℚ) / 4096)	((49 : ℚ) / 2048)	5	0	3
segment	57	((49 : ℚ) / 2048)	((393 : ℚ) / 16384)	3	0	1
segment	58	((393 : ℚ) / 16384)	((787 : ℚ) / 32768)	2	0	1
segment	59	((787 : ℚ) / 32768)	((1575 : ℚ) / 65536)	1	2843843659804	3
segment	60	((1575 : ℚ) / 65536)	((197 : ℚ) / 8192)	1	13921466461116	1
segment	61	((197 : ℚ) / 8192)	((99 : ℚ) / 4096)	4	752655509098889	3
segment	62	((99 : ℚ) / 4096)	((25 : ℚ) / 1024)	5	5499404149600587	3
segment	63	((25 : ℚ) / 1024)	((51 : ℚ) / 2048)	6	33432987828337889	3
segment	64	((51 : ℚ) / 2048)	((13 : ℚ) / 512)	6	80241570260012866	1
segment	65	((13 : ℚ) / 512)	((7 : ℚ) / 256)	8	1544350776837008493	3
segment	66	((7 : ℚ) / 256)	((1 : ℚ) / 32)	9	25425876435550116753	3
segment	67	((1 : ℚ) / 32)	((3 : ℚ) / 64)	11	464498144485368615688	3
segment	68	((3 : ℚ) / 64)	((1 : ℚ) / 16)	11	933694708163956010120	3
segment	69	((1 : ℚ) / 16)	((5 : ℚ) / 64)	11	1532373068558381370035	1
segment	70	((5 : ℚ) / 64)	((3 : ℚ) / 32)	11	2339009588188216703732	1
segment	71	((3 : ℚ) / 32)	((7 : ℚ) / 64)	11	3111791782014938401984	1
segment	72	((7 : ℚ) / 64)	((1 : ℚ) / 8)	11	4014558399665209667827	1
segment	73	((1 : ℚ) / 8)	((9 : ℚ) / 64)	11	5008359800089928190071	1
segment	74	((9 : ℚ) / 64)	((5 : ℚ) / 32)	11	5970369330905022212088	1
segment	75	((5 : ℚ) / 32)	((11 : ℚ) / 64)	11	7022094319541218202714	1
segment	76	((11 : ℚ) / 64)	((3 : ℚ) / 16)	11	8078898843469484640539	1
segment	77	((3 : ℚ) / 16)	((13 : ℚ) / 64)	11	9120578297025673063911	1
segment	78	((13 : ℚ) / 64)	((7 : ℚ) / 32)	11	10180681389587648593545	1
segment	79	((7 : ℚ) / 32)	((15 : ℚ) / 64)	11	11209121069739902653026	1
segment	80	((15 : ℚ) / 64)	((1 : ℚ) / 4)	11	12216590035749177810505	1
segment	81	((1 : ℚ) / 4)	((17 : ℚ) / 64)	11	13176720706913722066226	1
segment	82	((17 : ℚ) / 64)	((9 : ℚ) / 32)	11	14093847064045555629331	1
segment	83	((9 : ℚ) / 32)	((19 : ℚ) / 64)	11	14952929233232779140267	1
segment	84	((19 : ℚ) / 64)	((5 : ℚ) / 16)	11	15730826065838644995667	1
segment	85	((5 : ℚ) / 16)	((21 : ℚ) / 64)	11	16449668032347485631451	1
segment	86	((21 : ℚ) / 64)	((11 : ℚ) / 32)	11	17073809781139993610063	1
segment	87	((11 : ℚ) / 32)	((23 : ℚ) / 64)	11	17620032114450809659063	1
segment	88	((23 : ℚ) / 64)	((3 : ℚ) / 8)	11	18076793735727416083592	1
segment	89	((3 : ℚ) / 8)	((25 : ℚ) / 64)	11	18447655273495474511705	1
segment	90	((25 : ℚ) / 64)	((13 : ℚ) / 32)	11	18731111142510176479274	1
segment	91	((13 : ℚ) / 32)	((27 : ℚ) / 64)	11	18932147644877929402196	1
segment	92	((27 : ℚ) / 64)	((7 : ℚ) / 16)	11	19041109140762109773847	1
segment	93	((7 : ℚ) / 16)	((29 : ℚ) / 64)	11	19066717882993652593909	1
segment	94	((29 : ℚ) / 64)	((15 : ℚ) / 32)	11	18998118092376511891907	1
segment	95	((15 : ℚ) / 32)	((31 : ℚ) / 64)	11	18841499880370143581363	1
segment	96	((31 : ℚ) / 64)	((1 : ℚ) / 2)	11	18602712066847964729904	1
segment	97	((1 : ℚ) / 2)	((33 : ℚ) / 64)	11	18273575499468885552875	1
segment	98	((33 : ℚ) / 64)	((17 : ℚ) / 32)	11	17863726585992945747157	1
segment	99	((17 : ℚ) / 32)	((35 : ℚ) / 64)	11	17374860907524193159022	1
segment	100	((35 : ℚ) / 64)	((9 : ℚ) / 16)	11	16805552261589288552954	1
segment	101	((9 : ℚ) / 16)	((37 : ℚ) / 64)	11	16171257480801733768721	1
segment	102	((37 : ℚ) / 64)	((19 : ℚ) / 32)	11	15474179039415114701253	1
segment	103	((19 : ℚ) / 32)	((39 : ℚ) / 64)	11	14716308381907880315517	1
segment	104	((39 : ℚ) / 64)	((5 : ℚ) / 8)	11	13914234000655788591415	1
segment	105	((5 : ℚ) / 8)	((41 : ℚ) / 64)	11	13064183477944953699124	1
segment	106	((41 : ℚ) / 64)	((21 : ℚ) / 32)	11	12178411690005241915045	1
segment	107	((21 : ℚ) / 32)	((43 : ℚ) / 64)	11	11276906505622783753658	1
segment	108	((43 : ℚ) / 64)	((11 : ℚ) / 16)	11	10363458377502659765273	1
segment	109	((11 : ℚ) / 16)	((45 : ℚ) / 64)	11	9464374561521706086752	1
segment	110	((45 : ℚ) / 64)	((23 : ℚ) / 32)	11	8594348959771655071414	1
segment	111	((23 : ℚ) / 32)	((47 : ℚ) / 64)	11	7751915151583505277496	1
segment	112	((47 : ℚ) / 64)	((3 : ℚ) / 4)	11	6957874546523885583799	1
segment	113	((3 : ℚ) / 4)	((49 : ℚ) / 64)	11	6200805192246963688653	1
segment	114	((49 : ℚ) / 64)	((25 : ℚ) / 32)	11	5473873862795029891592	1
segment	115	((25 : ℚ) / 32)	((51 : ℚ) / 64)	11	4792123078109297973128	1
segment	116	((51 : ℚ) / 64)	((13 : ℚ) / 16)	11	4133677858968225806937	1
segment	117	((13 : ℚ) / 16)	((53 : ℚ) / 64)	11	3505649959677064576118	1
segment	118	((53 : ℚ) / 64)	((27 : ℚ) / 32)	11	2924381116771946448554	1
segment	119	((27 : ℚ) / 32)	((55 : ℚ) / 64)	11	2367794481428001083235	1
segment	120	((55 : ℚ) / 64)	((7 : ℚ) / 8)	11	1858365474273310710865	1
segment	121	((7 : ℚ) / 8)	((57 : ℚ) / 64)	11	1410847448390833294549	1
segment	122	((57 : ℚ) / 64)	((29 : ℚ) / 32)	11	1005992757407131773253	3
segment	123	((29 : ℚ) / 32)	((59 : ℚ) / 64)	11	678280435950028478595	3
segment	124	((59 : ℚ) / 64)	((15 : ℚ) / 16)	11	422831823974031907351	3
segment	125	((15 : ℚ) / 16)	((121 : ℚ) / 128)	10	131587893876453790503	3
segment	126	((121 : ℚ) / 128)	((61 : ℚ) / 64)	10	92048095138538959546	3
segment	127	((61 : ℚ) / 64)	((123 : ℚ) / 128)	10	66237976026457912903	3
segment	128	((123 : ℚ) / 128)	((31 : ℚ) / 32)	10	40499510835443801842	3
segment	129	((31 : ℚ) / 32)	((249 : ℚ) / 256)	9	13089825652578451537	3
segment	130	((249 : ℚ) / 256)	((125 : ℚ) / 128)	9	10079305540754511704	3
segment	131	((125 : ℚ) / 128)	((251 : ℚ) / 256)	9	8136605237364268576	3
segment	132	((251 : ℚ) / 256)	((503 : ℚ) / 512)	8	2925308707323454556	1
segment	133	((503 : ℚ) / 512)	((63 : ℚ) / 64)	8	1960606539842071670	3
segment	134	((63 : ℚ) / 64)	((505 : ℚ) / 512)	8	1089897779831541345	3
segment	135	((505 : ℚ) / 512)	((1011 : ℚ) / 1024)	7	295376263132913336	1
segment	136	((1011 : ℚ) / 1024)	((253 : ℚ) / 256)	7	178678852429234525	3
segment	137	((253 : ℚ) / 256)	((1013 : ℚ) / 1024)	7	96994770680728927	3
segment	138	((1013 : ℚ) / 1024)	((2027 : ℚ) / 2048)	6	27341907022942951	3
segment	139	((2027 : ℚ) / 2048)	((507 : ℚ) / 512)	6	17440663663860379	3
segment	140	((507 : ℚ) / 512)	((2029 : ℚ) / 2048)	6	10120379657509476	3
segment	141	((2029 : ℚ) / 2048)	((4059 : ℚ) / 4096)	5	2997933038314662	3
segment	142	((4059 : ℚ) / 4096)	((1015 : ℚ) / 1024)	5	1932875182132760	3
segment	143	((1015 : ℚ) / 1024)	((8121 : ℚ) / 8192)	4	630533345759436	1
segment	144	((8121 : ℚ) / 8192)	((4061 : ℚ) / 4096)	4	437370554038582	3
segment	145	((4061 : ℚ) / 4096)	((8123 : ℚ) / 8192)	4	265430606115378	3
segment	146	((8123 : ℚ) / 8192)	((16247 : ℚ) / 16384)	3	74477108886441	1
segment	147	((16247 : ℚ) / 16384)	((2031 : ℚ) / 2048)	3	38804307122015	3
segment	148	((2031 : ℚ) / 2048)	((32497 : ℚ) / 32768)	2	6733680380153	3
segment	149	((32497 : ℚ) / 32768)	((64995 : ℚ) / 65536)	1	669054086055	3
segment	150	((64995 : ℚ) / 65536)	((16249 : ℚ) / 16384)	1	0	3
segment	151	((16249 : ℚ) / 16384)	((32499 : ℚ) / 32768)	2	0	3
segment	152	((32499 : ℚ) / 32768)	((8125 : ℚ) / 8192)	2	0	1
segment	153	((8125 : ℚ) / 8192)	((16251 : ℚ) / 16384)	3	0	3
segment	154	((16251 : ℚ) / 16384)	((4063 : ℚ) / 4096)	3	0	1
segment	155	((4063 : ℚ) / 4096)	((8127 : ℚ) / 8192)	4	0	3
segment	156	((8127 : ℚ) / 8192)	((127 : ℚ) / 128)	4	0	3
segment	157	((127 : ℚ) / 128)	((8129 : ℚ) / 8192)	4	0	3
segment	158	((8129 : ℚ) / 8192)	((4065 : ℚ) / 4096)	4	0	1
segment	159	((4065 : ℚ) / 4096)	((2033 : ℚ) / 2048)	5	0	3
segment	160	((2033 : ℚ) / 2048)	((4067 : ℚ) / 4096)	5	0	3
segment	161	((4067 : ℚ) / 4096)	((1017 : ℚ) / 1024)	5	0	3
segment	162	((1017 : ℚ) / 1024)	((4069 : ℚ) / 4096)	5	0	3
segment	163	((4069 : ℚ) / 4096)	((2035 : ℚ) / 2048)	5	0	3
segment	164	((2035 : ℚ) / 2048)	((4071 : ℚ) / 4096)	5	0	3
segment	165	((4071 : ℚ) / 4096)	((509 : ℚ) / 512)	5	0	3
segment	166	((509 : ℚ) / 512)	((4073 : ℚ) / 4096)	5	0	3
segment	167	((4073 : ℚ) / 4096)	((2037 : ℚ) / 2048)	5	0	3
segment	168	((2037 : ℚ) / 2048)	((8149 : ℚ) / 8192)	4	0	1
segment	169	((8149 : ℚ) / 8192)	((4075 : ℚ) / 4096)	4	0	3
segment	170	((4075 : ℚ) / 4096)	((8151 : ℚ) / 8192)	4	0	3
segment	171	((8151 : ℚ) / 8192)	((1019 : ℚ) / 1024)	4	0	3
segment	172	((1019 : ℚ) / 1024)	((8153 : ℚ) / 8192)	4	0	3
segment	173	((8153 : ℚ) / 8192)	((4077 : ℚ) / 4096)	4	0	3
segment	174	((4077 : ℚ) / 4096)	((8155 : ℚ) / 8192)	4	0	3
segment	175	((8155 : ℚ) / 8192)	((2039 : ℚ) / 2048)	4	0	3
segment	176	((2039 : ℚ) / 2048)	((8157 : ℚ) / 8192)	4	0	3
segment	177	((8157 : ℚ) / 8192)	((4079 : ℚ) / 4096)	4	0	3
segment	178	((4079 : ℚ) / 4096)	((8159 : ℚ) / 8192)	4	0	3
segment	179	((8159 : ℚ) / 8192)	((255 : ℚ) / 256)	4	0	3
segment	180	((255 : ℚ) / 256)	((8161 : ℚ) / 8192)	4	0	3
segment	181	((8161 : ℚ) / 8192)	((4081 : ℚ) / 4096)	4	0	3
segment	182	((4081 : ℚ) / 4096)	((8163 : ℚ) / 8192)	4	0	3
segment	183	((8163 : ℚ) / 8192)	((2041 : ℚ) / 2048)	4	0	3
segment	184	((2041 : ℚ) / 2048)	((8165 : ℚ) / 8192)	4	0	3
segment	185	((8165 : ℚ) / 8192)	((4083 : ℚ) / 4096)	4	0	3
segment	186	((4083 : ℚ) / 4096)	((8167 : ℚ) / 8192)	4	0	3
segment	187	((8167 : ℚ) / 8192)	((1021 : ℚ) / 1024)	4	0	3
segment	188	((1021 : ℚ) / 1024)	((8169 : ℚ) / 8192)	4	0	3
segment	189	((8169 : ℚ) / 8192)	((4085 : ℚ) / 4096)	4	0	3
segment	190	((4085 : ℚ) / 4096)	((8171 : ℚ) / 8192)	4	0	3
segment	191	((8171 : ℚ) / 8192)	((2043 : ℚ) / 2048)	4	0	3
segment	192	((2043 : ℚ) / 2048)	((8173 : ℚ) / 8192)	4	0	3
segment	193	((8173 : ℚ) / 8192)	((4087 : ℚ) / 4096)	4	0	3
segment	194	((4087 : ℚ) / 4096)	((8175 : ℚ) / 8192)	4	0	3
segment	195	((8175 : ℚ) / 8192)	((511 : ℚ) / 512)	4	0	3
segment	196	((511 : ℚ) / 512)	((8177 : ℚ) / 8192)	4	0	3
segment	197	((8177 : ℚ) / 8192)	((4089 : ℚ) / 4096)	4	0	3
segment	198	((4089 : ℚ) / 4096)	((8179 : ℚ) / 8192)	4	0	3
segment	199	((8179 : ℚ) / 8192)	((2045 : ℚ) / 2048)	4	0	3
segment	200	((2045 : ℚ) / 2048)	((8181 : ℚ) / 8192)	4	0	3
segment	201	((8181 : ℚ) / 8192)	((4091 : ℚ) / 4096)	4	0	3
segment	202	((4091 : ℚ) / 4096)	((8183 : ℚ) / 8192)	4	0	3
segment	203	((8183 : ℚ) / 8192)	((1023 : ℚ) / 1024)	4	0	3
segment	204	((1023 : ℚ) / 1024)	((8185 : ℚ) / 8192)	4	0	3
segment	205	((8185 : ℚ) / 8192)	((4093 : ℚ) / 4096)	4	0	3
segment	206	((4093 : ℚ) / 4096)	((8187 : ℚ) / 8192)	4	0	3
segment	207	((8187 : ℚ) / 8192)	((2047 : ℚ) / 2048)	4	0	3
segment	208	((2047 : ℚ) / 2048)	((8189 : ℚ) / 8192)	4	0	3
segment	209	((8189 : ℚ) / 8192)	((4095 : ℚ) / 4096)	4	0	3
segment	210	((4095 : ℚ) / 4096)	((8191 : ℚ) / 8192)	4	0	3
segment	211	((8191 : ℚ) / 8192)	((1 : ℚ) / 1)	4	0	3
segment	212	((1 : ℚ) / 1)	((8193 : ℚ) / 8192)	4	0	3
segment	213	((8193 : ℚ) / 8192)	((4097 : ℚ) / 4096)	4	0	3
segment	214	((4097 : ℚ) / 4096)	((8195 : ℚ) / 8192)	4	0	3
segment	215	((8195 : ℚ) / 8192)	((2049 : ℚ) / 2048)	4	0	3
segment	216	((2049 : ℚ) / 2048)	((8197 : ℚ) / 8192)	4	0	3
segment	217	((8197 : ℚ) / 8192)	((4099 : ℚ) / 4096)	4	0	3
segment	218	((4099 : ℚ) / 4096)	((8199 : ℚ) / 8192)	4	0	3
segment	219	((8199 : ℚ) / 8192)	((1025 : ℚ) / 1024)	4	0	3
segment	220	((1025 : ℚ) / 1024)	((8201 : ℚ) / 8192)	4	0	3
segment	221	((8201 : ℚ) / 8192)	((4101 : ℚ) / 4096)	4	0	3
segment	222	((4101 : ℚ) / 4096)	((8203 : ℚ) / 8192)	4	0	3
segment	223	((8203 : ℚ) / 8192)	((2051 : ℚ) / 2048)	4	0	3
segment	224	((2051 : ℚ) / 2048)	((8205 : ℚ) / 8192)	4	0	3
segment	225	((8205 : ℚ) / 8192)	((4103 : ℚ) / 4096)	4	0	3
segment	226	((4103 : ℚ) / 4096)	((8207 : ℚ) / 8192)	4	0	3
segment	227	((8207 : ℚ) / 8192)	((513 : ℚ) / 512)	4	0	3
segment	228	((513 : ℚ) / 512)	((8209 : ℚ) / 8192)	4	0	3
segment	229	((8209 : ℚ) / 8192)	((4105 : ℚ) / 4096)	4	0	3
segment	230	((4105 : ℚ) / 4096)	((8211 : ℚ) / 8192)	4	0	3
segment	231	((8211 : ℚ) / 8192)	((2053 : ℚ) / 2048)	4	0	3
segment	232	((2053 : ℚ) / 2048)	((8213 : ℚ) / 8192)	4	0	3
segment	233	((8213 : ℚ) / 8192)	((4107 : ℚ) / 4096)	4	0	3
segment	234	((4107 : ℚ) / 4096)	((8215 : ℚ) / 8192)	4	0	3
segment	235	((8215 : ℚ) / 8192)	((1027 : ℚ) / 1024)	4	0	3
segment	236	((1027 : ℚ) / 1024)	((8217 : ℚ) / 8192)	4	0	3
segment	237	((8217 : ℚ) / 8192)	((4109 : ℚ) / 4096)	4	0	3
segment	238	((4109 : ℚ) / 4096)	((8219 : ℚ) / 8192)	4	0	3
segment	239	((8219 : ℚ) / 8192)	((2055 : ℚ) / 2048)	4	0	3
segment	240	((2055 : ℚ) / 2048)	((8221 : ℚ) / 8192)	4	0	3
segment	241	((8221 : ℚ) / 8192)	((4111 : ℚ) / 4096)	4	0	3
segment	242	((4111 : ℚ) / 4096)	((8223 : ℚ) / 8192)	4	0	3
segment	243	((8223 : ℚ) / 8192)	((257 : ℚ) / 256)	4	0	3
segment	244	((257 : ℚ) / 256)	((8225 : ℚ) / 8192)	4	0	3
segment	245	((8225 : ℚ) / 8192)	((4113 : ℚ) / 4096)	4	0	3
segment	246	((4113 : ℚ) / 4096)	((8227 : ℚ) / 8192)	4	0	3
segment	247	((8227 : ℚ) / 8192)	((2057 : ℚ) / 2048)	4	0	3
segment	248	((2057 : ℚ) / 2048)	((8229 : ℚ) / 8192)	4	0	3
segment	249	((8229 : ℚ) / 8192)	((4115 : ℚ) / 4096)	4	0	3
segment	250	((4115 : ℚ) / 4096)	((8231 : ℚ) / 8192)	4	0	3
segment	251	((8231 : ℚ) / 8192)	((1029 : ℚ) / 1024)	4	0	3
segment	252	((1029 : ℚ) / 1024)	((8233 : ℚ) / 8192)	4	0	3
segment	253	((8233 : ℚ) / 8192)	((4117 : ℚ) / 4096)	4	0	3
segment	254	((4117 : ℚ) / 4096)	((8235 : ℚ) / 8192)	4	0	3
segment	255	((8235 : ℚ) / 8192)	((2059 : ℚ) / 2048)	4	0	3
segment	256	((2059 : ℚ) / 2048)	((8237 : ℚ) / 8192)	4	0	3
segment	257	((8237 : ℚ) / 8192)	((4119 : ℚ) / 4096)	4	0	3
segment	258	((4119 : ℚ) / 4096)	((8239 : ℚ) / 8192)	4	0	3
segment	259	((8239 : ℚ) / 8192)	((515 : ℚ) / 512)	4	0	3
segment	260	((515 : ℚ) / 512)	((8241 : ℚ) / 8192)	4	0	3
segment	261	((8241 : ℚ) / 8192)	((4121 : ℚ) / 4096)	4	0	3
segment	262	((4121 : ℚ) / 4096)	((8243 : ℚ) / 8192)	4	0	3
segment	263	((8243 : ℚ) / 8192)	((2061 : ℚ) / 2048)	4	0	3
segment	264	((2061 : ℚ) / 2048)	((8245 : ℚ) / 8192)	4	0	3
segment	265	((8245 : ℚ) / 8192)	((4123 : ℚ) / 4096)	4	0	3
segment	266	((4123 : ℚ) / 4096)	((8247 : ℚ) / 8192)	4	0	3
segment	267	((8247 : ℚ) / 8192)	((1031 : ℚ) / 1024)	4	0	3
segment	268	((1031 : ℚ) / 1024)	((8249 : ℚ) / 8192)	4	0	3
segment	269	((8249 : ℚ) / 8192)	((4125 : ℚ) / 4096)	4	0	3
segment	270	((4125 : ℚ) / 4096)	((8251 : ℚ) / 8192)	4	0	3
segment	271	((8251 : ℚ) / 8192)	((2063 : ℚ) / 2048)	4	0	3
segment	272	((2063 : ℚ) / 2048)	((8253 : ℚ) / 8192)	4	0	3
segment	273	((8253 : ℚ) / 8192)	((4127 : ℚ) / 4096)	4	0	3
segment	274	((4127 : ℚ) / 4096)	((8255 : ℚ) / 8192)	4	0	3
segment	275	((8255 : ℚ) / 8192)	((129 : ℚ) / 128)	4	0	3
segment	276	((129 : ℚ) / 128)	((8257 : ℚ) / 8192)	4	0	3
segment	277	((8257 : ℚ) / 8192)	((4129 : ℚ) / 4096)	4	0	3
segment	278	((4129 : ℚ) / 4096)	((8259 : ℚ) / 8192)	4	0	3
segment	279	((8259 : ℚ) / 8192)	((2065 : ℚ) / 2048)	4	0	3
segment	280	((2065 : ℚ) / 2048)	((8261 : ℚ) / 8192)	4	0	3
segment	281	((8261 : ℚ) / 8192)	((4131 : ℚ) / 4096)	4	0	3
segment	282	((4131 : ℚ) / 4096)	((8263 : ℚ) / 8192)	4	0	3
segment	283	((8263 : ℚ) / 8192)	((1033 : ℚ) / 1024)	4	0	3
segment	284	((1033 : ℚ) / 1024)	((8265 : ℚ) / 8192)	4	0	3
segment	285	((8265 : ℚ) / 8192)	((4133 : ℚ) / 4096)	4	0	3
segment	286	((4133 : ℚ) / 4096)	((8267 : ℚ) / 8192)	4	0	3
segment	287	((8267 : ℚ) / 8192)	((2067 : ℚ) / 2048)	4	0	3
segment	288	((2067 : ℚ) / 2048)	((8269 : ℚ) / 8192)	4	0	3
segment	289	((8269 : ℚ) / 8192)	((4135 : ℚ) / 4096)	4	0	3
segment	290	((4135 : ℚ) / 4096)	((8271 : ℚ) / 8192)	4	0	3
segment	291	((8271 : ℚ) / 8192)	((517 : ℚ) / 512)	4	0	3
segment	292	((517 : ℚ) / 512)	((8273 : ℚ) / 8192)	4	0	3
segment	293	((8273 : ℚ) / 8192)	((4137 : ℚ) / 4096)	4	0	3
segment	294	((4137 : ℚ) / 4096)	((8275 : ℚ) / 8192)	4	0	3
segment	295	((8275 : ℚ) / 8192)	((2069 : ℚ) / 2048)	4	0	3
segment	296	((2069 : ℚ) / 2048)	((8277 : ℚ) / 8192)	4	0	3
segment	297	((8277 : ℚ) / 8192)	((4139 : ℚ) / 4096)	4	0	3
segment	298	((4139 : ℚ) / 4096)	((8279 : ℚ) / 8192)	4	0	3
segment	299	((8279 : ℚ) / 8192)	((1035 : ℚ) / 1024)	4	0	3
segment	300	((1035 : ℚ) / 1024)	((8281 : ℚ) / 8192)	4	0	3
segment	301	((8281 : ℚ) / 8192)	((4141 : ℚ) / 4096)	4	0	3
segment	302	((4141 : ℚ) / 4096)	((8283 : ℚ) / 8192)	4	0	3
segment	303	((8283 : ℚ) / 8192)	((2071 : ℚ) / 2048)	4	0	3
segment	304	((2071 : ℚ) / 2048)	((8285 : ℚ) / 8192)	4	0	3
segment	305	((8285 : ℚ) / 8192)	((4143 : ℚ) / 4096)	4	0	3
segment	306	((4143 : ℚ) / 4096)	((8287 : ℚ) / 8192)	4	0	3
segment	307	((8287 : ℚ) / 8192)	((259 : ℚ) / 256)	4	0	3
segment	308	((259 : ℚ) / 256)	((8289 : ℚ) / 8192)	4	0	3
segment	309	((8289 : ℚ) / 8192)	((4145 : ℚ) / 4096)	4	0	3
segment	310	((4145 : ℚ) / 4096)	((8291 : ℚ) / 8192)	4	0	3
segment	311	((8291 : ℚ) / 8192)	((2073 : ℚ) / 2048)	4	0	3
segment	312	((2073 : ℚ) / 2048)	((8293 : ℚ) / 8192)	4	0	3
segment	313	((8293 : ℚ) / 8192)	((4147 : ℚ) / 4096)	4	0	3
segment	314	((4147 : ℚ) / 4096)	((8295 : ℚ) / 8192)	4	0	3
segment	315	((8295 : ℚ) / 8192)	((1037 : ℚ) / 1024)	4	0	3
segment	316	((1037 : ℚ) / 1024)	((8297 : ℚ) / 8192)	4	0	3
segment	317	((8297 : ℚ) / 8192)	((4149 : ℚ) / 4096)	4	0	3
segment	318	((4149 : ℚ) / 4096)	((8299 : ℚ) / 8192)	4	0	3
segment	319	((8299 : ℚ) / 8192)	((2075 : ℚ) / 2048)	4	0	3
segment	320	((2075 : ℚ) / 2048)	((8301 : ℚ) / 8192)	4	0	3
segment	321	((8301 : ℚ) / 8192)	((4151 : ℚ) / 4096)	4	0	3
segment	322	((4151 : ℚ) / 4096)	((8303 : ℚ) / 8192)	4	0	3
segment	323	((8303 : ℚ) / 8192)	((519 : ℚ) / 512)	4	0	3
segment	324	((519 : ℚ) / 512)	((8305 : ℚ) / 8192)	4	0	3
segment	325	((8305 : ℚ) / 8192)	((4153 : ℚ) / 4096)	4	0	3
segment	326	((4153 : ℚ) / 4096)	((8307 : ℚ) / 8192)	4	0	3
segment	327	((8307 : ℚ) / 8192)	((2077 : ℚ) / 2048)	4	0	3
segment	328	((2077 : ℚ) / 2048)	((8309 : ℚ) / 8192)	4	0	3
segment	329	((8309 : ℚ) / 8192)	((4155 : ℚ) / 4096)	4	0	3
segment	330	((4155 : ℚ) / 4096)	((8311 : ℚ) / 8192)	4	0	3
segment	331	((8311 : ℚ) / 8192)	((1039 : ℚ) / 1024)	4	0	3
segment	332	((1039 : ℚ) / 1024)	((8313 : ℚ) / 8192)	4	0	3
segment	333	((8313 : ℚ) / 8192)	((4157 : ℚ) / 4096)	4	0	3
segment	334	((4157 : ℚ) / 4096)	((8315 : ℚ) / 8192)	4	0	3
segment	335	((8315 : ℚ) / 8192)	((2079 : ℚ) / 2048)	4	0	3
segment	336	((2079 : ℚ) / 2048)	((8317 : ℚ) / 8192)	4	0	3
segment	337	((8317 : ℚ) / 8192)	((4159 : ℚ) / 4096)	4	0	3
segment	338	((4159 : ℚ) / 4096)	((8319 : ℚ) / 8192)	4	0	3
segment	339	((8319 : ℚ) / 8192)	((65 : ℚ) / 64)	4	0	3
segment	340	((65 : ℚ) / 64)	((8321 : ℚ) / 8192)	4	0	3
segment	341	((8321 : ℚ) / 8192)	((4161 : ℚ) / 4096)	4	0	3
segment	342	((4161 : ℚ) / 4096)	((8323 : ℚ) / 8192)	4	0	3
segment	343	((8323 : ℚ) / 8192)	((2081 : ℚ) / 2048)	4	0	3
segment	344	((2081 : ℚ) / 2048)	((8325 : ℚ) / 8192)	4	0	3
segment	345	((8325 : ℚ) / 8192)	((4163 : ℚ) / 4096)	4	0	3
segment	346	((4163 : ℚ) / 4096)	((8327 : ℚ) / 8192)	4	0	3
segment	347	((8327 : ℚ) / 8192)	((1041 : ℚ) / 1024)	4	0	3
segment	348	((1041 : ℚ) / 1024)	((8329 : ℚ) / 8192)	4	0	3
segment	349	((8329 : ℚ) / 8192)	((4165 : ℚ) / 4096)	4	0	3
segment	350	((4165 : ℚ) / 4096)	((8331 : ℚ) / 8192)	4	0	3
segment	351	((8331 : ℚ) / 8192)	((2083 : ℚ) / 2048)	4	0	3
segment	352	((2083 : ℚ) / 2048)	((8333 : ℚ) / 8192)	4	0	3
segment	353	((8333 : ℚ) / 8192)	((4167 : ℚ) / 4096)	4	0	3
segment	354	((4167 : ℚ) / 4096)	((8335 : ℚ) / 8192)	4	0	3
segment	355	((8335 : ℚ) / 8192)	((521 : ℚ) / 512)	4	0	3
segment	356	((521 : ℚ) / 512)	((8337 : ℚ) / 8192)	4	0	3
segment	357	((8337 : ℚ) / 8192)	((4169 : ℚ) / 4096)	4	0	3
segment	358	((4169 : ℚ) / 4096)	((8339 : ℚ) / 8192)	4	0	3
segment	359	((8339 : ℚ) / 8192)	((2085 : ℚ) / 2048)	4	0	3
segment	360	((2085 : ℚ) / 2048)	((8341 : ℚ) / 8192)	4	0	3
segment	361	((8341 : ℚ) / 8192)	((4171 : ℚ) / 4096)	4	0	3
segment	362	((4171 : ℚ) / 4096)	((8343 : ℚ) / 8192)	4	0	3
segment	363	((8343 : ℚ) / 8192)	((1043 : ℚ) / 1024)	4	0	3
segment	364	((1043 : ℚ) / 1024)	((8345 : ℚ) / 8192)	4	0	3
segment	365	((8345 : ℚ) / 8192)	((4173 : ℚ) / 4096)	4	0	3
segment	366	((4173 : ℚ) / 4096)	((8347 : ℚ) / 8192)	4	0	3
segment	367	((8347 : ℚ) / 8192)	((2087 : ℚ) / 2048)	4	0	3
segment	368	((2087 : ℚ) / 2048)	((8349 : ℚ) / 8192)	4	0	3
segment	369	((8349 : ℚ) / 8192)	((4175 : ℚ) / 4096)	4	0	3
segment	370	((4175 : ℚ) / 4096)	((8351 : ℚ) / 8192)	4	0	3
segment	371	((8351 : ℚ) / 8192)	((261 : ℚ) / 256)	4	0	3
segment	372	((261 : ℚ) / 256)	((8353 : ℚ) / 8192)	4	0	3
segment	373	((8353 : ℚ) / 8192)	((4177 : ℚ) / 4096)	4	0	3
segment	374	((4177 : ℚ) / 4096)	((8355 : ℚ) / 8192)	4	0	3
segment	375	((8355 : ℚ) / 8192)	((2089 : ℚ) / 2048)	4	0	3
segment	376	((2089 : ℚ) / 2048)	((8357 : ℚ) / 8192)	4	0	3
segment	377	((8357 : ℚ) / 8192)	((4179 : ℚ) / 4096)	4	0	3
segment	378	((4179 : ℚ) / 4096)	((8359 : ℚ) / 8192)	4	0	3
segment	379	((8359 : ℚ) / 8192)	((1045 : ℚ) / 1024)	4	0	3
segment	380	((1045 : ℚ) / 1024)	((8361 : ℚ) / 8192)	4	0	3
segment	381	((8361 : ℚ) / 8192)	((4181 : ℚ) / 4096)	4	0	3
segment	382	((4181 : ℚ) / 4096)	((8363 : ℚ) / 8192)	4	0	3
segment	383	((8363 : ℚ) / 8192)	((2091 : ℚ) / 2048)	4	0	3
segment	384	((2091 : ℚ) / 2048)	((8365 : ℚ) / 8192)	4	0	3
segment	385	((8365 : ℚ) / 8192)	((4183 : ℚ) / 4096)	4	0	3
segment	386	((4183 : ℚ) / 4096)	((8367 : ℚ) / 8192)	4	0	3
segment	387	((8367 : ℚ) / 8192)	((523 : ℚ) / 512)	4	0	3
segment	388	((523 : ℚ) / 512)	((8369 : ℚ) / 8192)	4	0	3
segment	389	((8369 : ℚ) / 8192)	((4185 : ℚ) / 4096)	4	0	3
segment	390	((4185 : ℚ) / 4096)	((8371 : ℚ) / 8192)	4	0	3
segment	391	((8371 : ℚ) / 8192)	((2093 : ℚ) / 2048)	4	0	3
segment	392	((2093 : ℚ) / 2048)	((8373 : ℚ) / 8192)	4	0	3
segment	393	((8373 : ℚ) / 8192)	((4187 : ℚ) / 4096)	4	0	3
segment	394	((4187 : ℚ) / 4096)	((8375 : ℚ) / 8192)	4	0	3
segment	395	((8375 : ℚ) / 8192)	((1047 : ℚ) / 1024)	4	0	3
segment	396	((1047 : ℚ) / 1024)	((8377 : ℚ) / 8192)	4	0	3
segment	397	((8377 : ℚ) / 8192)	((4189 : ℚ) / 4096)	4	0	3
segment	398	((4189 : ℚ) / 4096)	((8379 : ℚ) / 8192)	4	0	3
segment	399	((8379 : ℚ) / 8192)	((2095 : ℚ) / 2048)	4	0	3
segment	400	((2095 : ℚ) / 2048)	((8381 : ℚ) / 8192)	4	0	3
segment	401	((8381 : ℚ) / 8192)	((4191 : ℚ) / 4096)	4	0	3
segment	402	((4191 : ℚ) / 4096)	((8383 : ℚ) / 8192)	4	0	3
segment	403	((8383 : ℚ) / 8192)	((131 : ℚ) / 128)	4	0	3
segment	404	((131 : ℚ) / 128)	((8385 : ℚ) / 8192)	4	0	3
segment	405	((8385 : ℚ) / 8192)	((4193 : ℚ) / 4096)	4	0	3
segment	406	((4193 : ℚ) / 4096)	((8387 : ℚ) / 8192)	4	0	3
segment	407	((8387 : ℚ) / 8192)	((2097 : ℚ) / 2048)	4	0	3
segment	408	((2097 : ℚ) / 2048)	((8389 : ℚ) / 8192)	4	0	3
segment	409	((8389 : ℚ) / 8192)	((4195 : ℚ) / 4096)	4	0	3
segment	410	((4195 : ℚ) / 4096)	((8391 : ℚ) / 8192)	4	0	3
segment	411	((8391 : ℚ) / 8192)	((1049 : ℚ) / 1024)	4	0	3
segment	412	((1049 : ℚ) / 1024)	((8393 : ℚ) / 8192)	4	0	3
segment	413	((8393 : ℚ) / 8192)	((4197 : ℚ) / 4096)	4	0	3
segment	414	((4197 : ℚ) / 4096)	((8395 : ℚ) / 8192)	4	0	3
segment	415	((8395 : ℚ) / 8192)	((2099 : ℚ) / 2048)	4	0	3
segment	416	((2099 : ℚ) / 2048)	((8397 : ℚ) / 8192)	4	0	3
segment	417	((8397 : ℚ) / 8192)	((4199 : ℚ) / 4096)	4	0	3
segment	418	((4199 : ℚ) / 4096)	((8399 : ℚ) / 8192)	4	0	3
segment	419	((8399 : ℚ) / 8192)	((525 : ℚ) / 512)	4	0	3
segment	420	((525 : ℚ) / 512)	((8401 : ℚ) / 8192)	4	0	3
segment	421	((8401 : ℚ) / 8192)	((4201 : ℚ) / 4096)	4	0	3
segment	422	((4201 : ℚ) / 4096)	((8403 : ℚ) / 8192)	4	0	3
segment	423	((8403 : ℚ) / 8192)	((2101 : ℚ) / 2048)	4	0	3
segment	424	((2101 : ℚ) / 2048)	((8405 : ℚ) / 8192)	4	0	3
segment	425	((8405 : ℚ) / 8192)	((4203 : ℚ) / 4096)	4	0	3
segment	426	((4203 : ℚ) / 4096)	((8407 : ℚ) / 8192)	4	0	3
segment	427	((8407 : ℚ) / 8192)	((1051 : ℚ) / 1024)	4	0	3
segment	428	((1051 : ℚ) / 1024)	((8409 : ℚ) / 8192)	4	0	3
segment	429	((8409 : ℚ) / 8192)	((4205 : ℚ) / 4096)	4	0	3
segment	430	((4205 : ℚ) / 4096)	((8411 : ℚ) / 8192)	4	0	3
segment	431	((8411 : ℚ) / 8192)	((2103 : ℚ) / 2048)	4	0	3
segment	432	((2103 : ℚ) / 2048)	((8413 : ℚ) / 8192)	4	0	3
segment	433	((8413 : ℚ) / 8192)	((4207 : ℚ) / 4096)	4	0	3
segment	434	((4207 : ℚ) / 4096)	((8415 : ℚ) / 8192)	4	0	3
segment	435	((8415 : ℚ) / 8192)	((263 : ℚ) / 256)	4	0	3
segment	436	((263 : ℚ) / 256)	((8417 : ℚ) / 8192)	4	0	3
segment	437	((8417 : ℚ) / 8192)	((4209 : ℚ) / 4096)	4	0	3
segment	438	((4209 : ℚ) / 4096)	((8419 : ℚ) / 8192)	4	0	3
segment	439	((8419 : ℚ) / 8192)	((2105 : ℚ) / 2048)	4	0	3
segment	440	((2105 : ℚ) / 2048)	((8421 : ℚ) / 8192)	4	0	3
segment	441	((8421 : ℚ) / 8192)	((4211 : ℚ) / 4096)	4	0	3
segment	442	((4211 : ℚ) / 4096)	((8423 : ℚ) / 8192)	4	0	3
segment	443	((8423 : ℚ) / 8192)	((1053 : ℚ) / 1024)	4	0	3
segment	444	((1053 : ℚ) / 1024)	((8425 : ℚ) / 8192)	4	0	3
segment	445	((8425 : ℚ) / 8192)	((4213 : ℚ) / 4096)	4	0	3
segment	446	((4213 : ℚ) / 4096)	((8427 : ℚ) / 8192)	4	0	3
segment	447	((8427 : ℚ) / 8192)	((2107 : ℚ) / 2048)	4	0	3
segment	448	((2107 : ℚ) / 2048)	((8429 : ℚ) / 8192)	4	0	3
segment	449	((8429 : ℚ) / 8192)	((4215 : ℚ) / 4096)	4	0	3
segment	450	((4215 : ℚ) / 4096)	((8431 : ℚ) / 8192)	4	0	3
segment	451	((8431 : ℚ) / 8192)	((527 : ℚ) / 512)	4	0	3
segment	452	((527 : ℚ) / 512)	((8433 : ℚ) / 8192)	4	0	3
segment	453	((8433 : ℚ) / 8192)	((4217 : ℚ) / 4096)	4	0	3
segment	454	((4217 : ℚ) / 4096)	((8435 : ℚ) / 8192)	4	0	3
segment	455	((8435 : ℚ) / 8192)	((2109 : ℚ) / 2048)	4	0	3
segment	456	((2109 : ℚ) / 2048)	((8437 : ℚ) / 8192)	4	0	3
segment	457	((8437 : ℚ) / 8192)	((4219 : ℚ) / 4096)	4	0	3
segment	458	((4219 : ℚ) / 4096)	((8439 : ℚ) / 8192)	4	0	3
segment	459	((8439 : ℚ) / 8192)	((1055 : ℚ) / 1024)	4	0	3
segment	460	((1055 : ℚ) / 1024)	((8441 : ℚ) / 8192)	4	0	3
segment	461	((8441 : ℚ) / 8192)	((4221 : ℚ) / 4096)	4	0	3
segment	462	((4221 : ℚ) / 4096)	((8443 : ℚ) / 8192)	4	0	3
segment	463	((8443 : ℚ) / 8192)	((2111 : ℚ) / 2048)	4	0	3
segment	464	((2111 : ℚ) / 2048)	((8445 : ℚ) / 8192)	4	0	3
segment	465	((8445 : ℚ) / 8192)	((4223 : ℚ) / 4096)	4	0	3
segment	466	((4223 : ℚ) / 4096)	((8447 : ℚ) / 8192)	4	0	3
segment	467	((8447 : ℚ) / 8192)	((33 : ℚ) / 32)	4	0	3
segment	468	((33 : ℚ) / 32)	((8449 : ℚ) / 8192)	4	0	3
segment	469	((8449 : ℚ) / 8192)	((4225 : ℚ) / 4096)	4	0	3
segment	470	((4225 : ℚ) / 4096)	((8451 : ℚ) / 8192)	4	0	3
segment	471	((8451 : ℚ) / 8192)	((2113 : ℚ) / 2048)	4	0	3
segment	472	((2113 : ℚ) / 2048)	((8453 : ℚ) / 8192)	4	0	3
segment	473	((8453 : ℚ) / 8192)	((4227 : ℚ) / 4096)	4	0	3
segment	474	((4227 : ℚ) / 4096)	((8455 : ℚ) / 8192)	4	0	3
segment	475	((8455 : ℚ) / 8192)	((1057 : ℚ) / 1024)	4	0	3
segment	476	((1057 : ℚ) / 1024)	((8457 : ℚ) / 8192)	4	0	3
segment	477	((8457 : ℚ) / 8192)	((4229 : ℚ) / 4096)	4	0	3
segment	478	((4229 : ℚ) / 4096)	((8459 : ℚ) / 8192)	4	0	3
segment	479	((8459 : ℚ) / 8192)	((2115 : ℚ) / 2048)	4	0	3
segment	480	((2115 : ℚ) / 2048)	((8461 : ℚ) / 8192)	4	0	3
segment	481	((8461 : ℚ) / 8192)	((4231 : ℚ) / 4096)	4	0	3
segment	482	((4231 : ℚ) / 4096)	((8463 : ℚ) / 8192)	4	0	3
segment	483	((8463 : ℚ) / 8192)	((529 : ℚ) / 512)	4	0	3
segment	484	((529 : ℚ) / 512)	((8465 : ℚ) / 8192)	4	0	3
segment	485	((8465 : ℚ) / 8192)	((4233 : ℚ) / 4096)	4	0	3
segment	486	((4233 : ℚ) / 4096)	((8467 : ℚ) / 8192)	4	0	3
segment	487	((8467 : ℚ) / 8192)	((2117 : ℚ) / 2048)	4	0	3
segment	488	((2117 : ℚ) / 2048)	((8469 : ℚ) / 8192)	4	0	3
segment	489	((8469 : ℚ) / 8192)	((4235 : ℚ) / 4096)	4	0	3
segment	490	((4235 : ℚ) / 4096)	((8471 : ℚ) / 8192)	4	0	3
segment	491	((8471 : ℚ) / 8192)	((1059 : ℚ) / 1024)	4	0	3
segment	492	((1059 : ℚ) / 1024)	((8473 : ℚ) / 8192)	4	0	3
segment	493	((8473 : ℚ) / 8192)	((4237 : ℚ) / 4096)	4	0	3
segment	494	((4237 : ℚ) / 4096)	((8475 : ℚ) / 8192)	4	0	3
segment	495	((8475 : ℚ) / 8192)	((2119 : ℚ) / 2048)	4	0	3
segment	496	((2119 : ℚ) / 2048)	((8477 : ℚ) / 8192)	4	0	3
segment	497	((8477 : ℚ) / 8192)	((4239 : ℚ) / 4096)	4	0	3
segment	498	((4239 : ℚ) / 4096)	((8479 : ℚ) / 8192)	4	0	3
segment	499	((8479 : ℚ) / 8192)	((265 : ℚ) / 256)	4	0	3
segment	500	((265 : ℚ) / 256)	((8481 : ℚ) / 8192)	4	0	3
segment	501	((8481 : ℚ) / 8192)	((4241 : ℚ) / 4096)	4	0	3
segment	502	((4241 : ℚ) / 4096)	((8483 : ℚ) / 8192)	4	0	3
segment	503	((8483 : ℚ) / 8192)	((2121 : ℚ) / 2048)	4	0	3
segment	504	((2121 : ℚ) / 2048)	((8485 : ℚ) / 8192)	4	0	3
segment	505	((8485 : ℚ) / 8192)	((4243 : ℚ) / 4096)	4	0	3
segment	506	((4243 : ℚ) / 4096)	((8487 : ℚ) / 8192)	4	0	3
segment	507	((8487 : ℚ) / 8192)	((1061 : ℚ) / 1024)	4	0	3
segment	508	((1061 : ℚ) / 1024)	((8489 : ℚ) / 8192)	4	0	3
segment	509	((8489 : ℚ) / 8192)	((4245 : ℚ) / 4096)	4	0	3
segment	510	((4245 : ℚ) / 4096)	((8491 : ℚ) / 8192)	4	0	3
segment	511	((8491 : ℚ) / 8192)	((2123 : ℚ) / 2048)	4	0	3
segment	512	((2123 : ℚ) / 2048)	((8493 : ℚ) / 8192)	4	0	3
segment	513	((8493 : ℚ) / 8192)	((4247 : ℚ) / 4096)	4	0	3
segment	514	((4247 : ℚ) / 4096)	((531 : ℚ) / 512)	5	0	3
segment	515	((531 : ℚ) / 512)	((4249 : ℚ) / 4096)	5	0	3
segment	516	((4249 : ℚ) / 4096)	((2125 : ℚ) / 2048)	5	0	3
segment	517	((2125 : ℚ) / 2048)	((4251 : ℚ) / 4096)	5	0	3
segment	518	((4251 : ℚ) / 4096)	((1063 : ℚ) / 1024)	5	0	3
segment	519	((1063 : ℚ) / 1024)	((4253 : ℚ) / 4096)	5	0	3
segment	520	((4253 : ℚ) / 4096)	((2127 : ℚ) / 2048)	5	0	3
segment	521	((2127 : ℚ) / 2048)	((4255 : ℚ) / 4096)	5	0	3
segment	522	((4255 : ℚ) / 4096)	((133 : ℚ) / 128)	5	0	3
segment	523	((133 : ℚ) / 128)	((4257 : ℚ) / 4096)	5	0	3
segment	524	((4257 : ℚ) / 4096)	((2129 : ℚ) / 2048)	5	0	3
segment	525	((2129 : ℚ) / 2048)	((8517 : ℚ) / 8192)	4	0	1
segment	526	((8517 : ℚ) / 8192)	((4259 : ℚ) / 4096)	4	0	3
segment	527	((4259 : ℚ) / 4096)	((8519 : ℚ) / 8192)	4	0	3
segment	528	((8519 : ℚ) / 8192)	((1065 : ℚ) / 1024)	4	0	3
segment	529	((1065 : ℚ) / 1024)	((17041 : ℚ) / 16384)	3	0	3
segment	530	((17041 : ℚ) / 16384)	((34083 : ℚ) / 32768)	2	0	1
segment	531	((34083 : ℚ) / 32768)	((8521 : ℚ) / 8192)	2	0	3
segment	532	((8521 : ℚ) / 8192)	((68169 : ℚ) / 65536)	1	0	3
segment	533	((68169 : ℚ) / 65536)	((34085 : ℚ) / 32768)	1	895712623836	3
segment	534	((34085 : ℚ) / 32768)	((17043 : ℚ) / 16384)	2	7391422563398	3
segment	535	((17043 : ℚ) / 16384)	((4261 : ℚ) / 4096)	3	40923865176889	3
segment	536	((4261 : ℚ) / 4096)	((8523 : ℚ) / 8192)	4	193642839939626	3
segment	537	((8523 : ℚ) / 8192)	((2131 : ℚ) / 2048)	4	357009946399530	3
segment	538	((2131 : ℚ) / 2048)	((4263 : ℚ) / 4096)	5	1277005172591599	3
segment	539	((4263 : ℚ) / 4096)	((533 : ℚ) / 512)	5	2158499882233217	3
segment	540	((533 : ℚ) / 512)	((4265 : ℚ) / 4096)	5	3210070668730451	3
segment	541	((4265 : ℚ) / 4096)	((2133 : ℚ) / 2048)	5	4446405687916333	1
segment	542	((2133 : ℚ) / 2048)	((1067 : ℚ) / 1024)	6	13411343911634751	3
segment	543	((1067 : ℚ) / 1024)	((2135 : ℚ) / 2048)	6	20915074993485990	3
segment	544	((2135 : ℚ) / 2048)	((267 : ℚ) / 256)	6	30349757524681073	3
segment	545	((267 : ℚ) / 256)	((1069 : ℚ) / 1024)	7	97337294405603279	3
segment	546	((1069 : ℚ) / 1024)	((535 : ℚ) / 512)	7	160342534724533738	3
segment	547	((535 : ℚ) / 512)	((1071 : ℚ) / 1024)	7	238826061571792228	3
segment	548	((1071 : ℚ) / 1024)	((67 : ℚ) / 64)	7	328404172583635249	1
segment	549	((67 : ℚ) / 64)	((537 : ℚ) / 512)	8	931834895578677986	3
segment	550	((537 : ℚ) / 512)	((269 : ℚ) / 256)	8	1212757324261665165	3
segment	551	((269 : ℚ) / 256)	((539 : ℚ) / 512)	8	1273549089595164532	3
segment	552	((539 : ℚ) / 512)	((135 : ℚ) / 128)	8	1070056382376978484	3
segment	553	((135 : ℚ) / 128)	((541 : ℚ) / 512)	8	688622433652205821	3
segment	554	((541 : ℚ) / 512)	((1083 : ℚ) / 1024)	7	191244923734208366	3
segment	555	((1083 : ℚ) / 1024)	((271 : ℚ) / 256)	7	104968177552858392	3
segment	556	((271 : ℚ) / 256)	((2169 : ℚ) / 2048)	6	26464209958264880	3
segment	557	((2169 : ℚ) / 2048)	((1085 : ℚ) / 1024)	6	12968835427620918	3
segment	558	((1085 : ℚ) / 1024)	((4341 : ℚ) / 4096)	5	2351072760650944	3
segment	559	((4341 : ℚ) / 4096)	((17365 : ℚ) / 16384)	3	219389920505357	1
segment	560	((17365 : ℚ) / 16384)	((8683 : ℚ) / 8192)	3	83332075273317	3
segment	561	((8683 : ℚ) / 8192)	((69465 : ℚ) / 65536)	1	1340001931029	3
segment	562	((69465 : ℚ) / 65536)	((34733 : ℚ) / 32768)	1	0	1
segment	563	((34733 : ℚ) / 32768)	((17367 : ℚ) / 16384)	2	0	1
segment	564	((17367 : ℚ) / 16384)	((2171 : ℚ) / 2048)	3	0	1
segment	565	((2171 : ℚ) / 2048)	((4343 : ℚ) / 4096)	5	0	3
segment	566	((4343 : ℚ) / 4096)	((543 : ℚ) / 512)	5	0	3
segment	567	((543 : ℚ) / 512)	((2173 : ℚ) / 2048)	6	0	3
segment	568	((2173 : ℚ) / 2048)	((1087 : ℚ) / 1024)	6	0	3
segment	569	((1087 : ℚ) / 1024)	((2175 : ℚ) / 2048)	6	0	3
segment	570	((2175 : ℚ) / 2048)	((17 : ℚ) / 16)	6	0	3
segment	571	((17 : ℚ) / 16)	((2177 : ℚ) / 2048)	6	0	3
segment	572	((2177 : ℚ) / 2048)	((4355 : ℚ) / 4096)	5	0	1
segment	573	((4355 : ℚ) / 4096)	((1089 : ℚ) / 1024)	5	0	3
segment	574	((1089 : ℚ) / 1024)	((4357 : ℚ) / 4096)	5	0	3
segment	575	((4357 : ℚ) / 4096)	((8715 : ℚ) / 8192)	4	0	1
segment	576	((8715 : ℚ) / 8192)	((2179 : ℚ) / 2048)	4	0	3
segment	577	((2179 : ℚ) / 2048)	((17433 : ℚ) / 16384)	3	0	1
segment	578	((17433 : ℚ) / 16384)	((8717 : ℚ) / 8192)	3	0	3
segment	579	((8717 : ℚ) / 8192)	((34869 : ℚ) / 32768)	2	0	3
segment	580	((34869 : ℚ) / 32768)	((69739 : ℚ) / 65536)	1	1027580421879	3
segment	581	((69739 : ℚ) / 65536)	((17435 : ℚ) / 16384)	1	3510491920086	1
segment	582	((17435 : ℚ) / 16384)	((4359 : ℚ) / 4096)	3	49673862349767	3
segment	583	((4359 : ℚ) / 4096)	((8719 : ℚ) / 8192)	4	268949691583314	3
segment	584	((8719 : ℚ) / 8192)	((545 : ℚ) / 512)	4	491591215162038	3
segment	585	((545 : ℚ) / 512)	((4361 : ℚ) / 4096)	5	1630004673353877	3
segment	586	((4361 : ℚ) / 4096)	((2181 : ℚ) / 2048)	5	2448501668080129	3
segment	587	((2181 : ℚ) / 2048)	((4363 : ℚ) / 4096)	5	3203519585947049	3
segment	588	((4363 : ℚ) / 4096)	((1091 : ℚ) / 1024)	5	3884722255679858	1
segment	589	((1091 : ℚ) / 1024)	((2183 : ℚ) / 2048)	6	9479157387150289	3
segment	590	((2183 : ℚ) / 2048)	((273 : ℚ) / 256)	6	11154640153566792	3
segment	591	((273 : ℚ) / 256)	((2185 : ℚ) / 2048)	6	12082967786117995	3
segment	592	((2185 : ℚ) / 2048)	((1093 : ℚ) / 1024)	6	12289946939452017	3
segment	593	((1093 : ℚ) / 1024)	((2187 : ℚ) / 2048)	6	11848839507619325	3
segment	594	((2187 : ℚ) / 2048)	((547 : ℚ) / 512)	6	10868492560090346	3
segment	595	((547 : ℚ) / 512)	((2189 : ℚ) / 2048)	6	9480630951786890	3
segment	596	((2189 : ℚ) / 2048)	((1095 : ℚ) / 1024)	6	7827244941823272	3
segment	597	((1095 : ℚ) / 1024)	((4381 : ℚ) / 4096)	5	3249319699057002	3
segment	598	((4381 : ℚ) / 4096)	((2191 : ℚ) / 2048)	5	2799595524116232	3
segment	599	((2191 : ℚ) / 2048)	((4383 : ℚ) / 4096)	5	2354334217194695	3
segment	600	((4383 : ℚ) / 4096)	((137 : ℚ) / 128)	5	1920440924527807	3
segment	601	((137 : ℚ) / 128)	((4385 : ℚ) / 4096)	5	1504069657108978	3
segment	602	((4385 : ℚ) / 4096)	((2193 : ℚ) / 2048)	5	1110558833509648	3
segment	603	((2193 : ℚ) / 2048)	((8773 : ℚ) / 8192)	4	416105495329566	3
segment	604	((8773 : ℚ) / 8192)	((4387 : ℚ) / 4096)	4	328281727688377	3
segment	605	((4387 : ℚ) / 4096)	((8775 : ℚ) / 8192)	4	244430131128564	3
segment	606	((8775 : ℚ) / 8192)	((1097 : ℚ) / 1024)	4	164719758717235	3
segment	607	((1097 : ℚ) / 1024)	((17553 : ℚ) / 16384)	3	53802051760954	3
segment	608	((17553 : ℚ) / 16384)	((8777 : ℚ) / 8192)	3	35490023039720	3
segment	609	((8777 : ℚ) / 8192)	((35109 : ℚ) / 32768)	2	11050580867117	1
segment	610	((35109 : ℚ) / 32768)	((17555 : ℚ) / 16384)	2	6680383533217	3
segment	611	((17555 : ℚ) / 16384)	((70221 : ℚ) / 65536)	1	1723221162365	1
segment	612	((70221 : ℚ) / 65536)	((35111 : ℚ) / 32768)	1	888330988560	3
segment	613	((35111 : ℚ) / 32768)	((70223 : ℚ) / 65536)	1	162203083548	3
segment	614	((70223 : ℚ) / 65536)	((4389 : ℚ) / 4096)	1	0	1
segment	615	((4389 : ℚ) / 4096)	((35113 : ℚ) / 32768)	2	0	3
segment	616	((35113 : ℚ) / 32768)	((17557 : ℚ) / 16384)	2	0	1
segment	617	((17557 : ℚ) / 16384)	((8779 : ℚ) / 8192)	3	0	3
segment	618	((8779 : ℚ) / 8192)	((17559 : ℚ) / 16384)	3	0	3
segment	619	((17559 : ℚ) / 16384)	((2195 : ℚ) / 2048)	3	0	1
segment	620	((2195 : ℚ) / 2048)	((8781 : ℚ) / 8192)	4	0	3
segment	621	((8781 : ℚ) / 8192)	((4391 : ℚ) / 4096)	4	0	3
segment	622	((4391 : ℚ) / 4096)	((8783 : ℚ) / 8192)	4	0	3
segment	623	((8783 : ℚ) / 8192)	((549 : ℚ) / 512)	4	0	3
segment	624	((549 : ℚ) / 512)	((8785 : ℚ) / 8192)	4	0	3
segment	625	((8785 : ℚ) / 8192)	((4393 : ℚ) / 4096)	4	0	3
segment	626	((4393 : ℚ) / 4096)	((8787 : ℚ) / 8192)	4	0	3
segment	627	((8787 : ℚ) / 8192)	((2197 : ℚ) / 2048)	4	0	1
segment	628	((2197 : ℚ) / 2048)	((4395 : ℚ) / 4096)	5	0	3
segment	629	((4395 : ℚ) / 4096)	((1099 : ℚ) / 1024)	5	0	3
segment	630	((1099 : ℚ) / 1024)	((4397 : ℚ) / 4096)	5	0	3
segment	631	((4397 : ℚ) / 4096)	((2199 : ℚ) / 2048)	5	0	3
segment	632	((2199 : ℚ) / 2048)	((4399 : ℚ) / 4096)	5	0	3
segment	633	((4399 : ℚ) / 4096)	((275 : ℚ) / 256)	5	0	3
segment	634	((275 : ℚ) / 256)	((4401 : ℚ) / 4096)	5	0	3
segment	635	((4401 : ℚ) / 4096)	((2201 : ℚ) / 2048)	5	0	3
segment	636	((2201 : ℚ) / 2048)	((8805 : ℚ) / 8192)	4	0	1
segment	637	((8805 : ℚ) / 8192)	((4403 : ℚ) / 4096)	4	0	3
segment	638	((4403 : ℚ) / 4096)	((8807 : ℚ) / 8192)	4	0	3
segment	639	((8807 : ℚ) / 8192)	((1101 : ℚ) / 1024)	4	0	3
segment	640	((1101 : ℚ) / 1024)	((8809 : ℚ) / 8192)	4	0	3
segment	641	((8809 : ℚ) / 8192)	((4405 : ℚ) / 4096)	4	0	3
segment	642	((4405 : ℚ) / 4096)	((8811 : ℚ) / 8192)	4	0	3
segment	643	((8811 : ℚ) / 8192)	((2203 : ℚ) / 2048)	4	0	3
segment	644	((2203 : ℚ) / 2048)	((8813 : ℚ) / 8192)	4	0	3
segment	645	((8813 : ℚ) / 8192)	((4407 : ℚ) / 4096)	4	0	3
segment	646	((4407 : ℚ) / 4096)	((8815 : ℚ) / 8192)	4	0	3
segment	647	((8815 : ℚ) / 8192)	((551 : ℚ) / 512)	4	0	3
segment	648	((551 : ℚ) / 512)	((8817 : ℚ) / 8192)	4	0	3
segment	649	((8817 : ℚ) / 8192)	((4409 : ℚ) / 4096)	4	0	3
segment	650	((4409 : ℚ) / 4096)	((8819 : ℚ) / 8192)	4	0	3
segment	651	((8819 : ℚ) / 8192)	((2205 : ℚ) / 2048)	4	0	3
segment	652	((2205 : ℚ) / 2048)	((8821 : ℚ) / 8192)	4	0	3
segment	653	((8821 : ℚ) / 8192)	((4411 : ℚ) / 4096)	4	0	3
segment	654	((4411 : ℚ) / 4096)	((8823 : ℚ) / 8192)	4	0	3
segment	655	((8823 : ℚ) / 8192)	((1103 : ℚ) / 1024)	4	0	3
segment	656	((1103 : ℚ) / 1024)	((8825 : ℚ) / 8192)	4	0	3
segment	657	((8825 : ℚ) / 8192)	((4413 : ℚ) / 4096)	4	0	3
segment	658	((4413 : ℚ) / 4096)	((8827 : ℚ) / 8192)	4	0	3
segment	659	((8827 : ℚ) / 8192)	((2207 : ℚ) / 2048)	4	0	3
segment	660	((2207 : ℚ) / 2048)	((8829 : ℚ) / 8192)	4	0	3
segment	661	((8829 : ℚ) / 8192)	((4415 : ℚ) / 4096)	4	0	3
segment	662	((4415 : ℚ) / 4096)	((8831 : ℚ) / 8192)	4	0	3
segment	663	((8831 : ℚ) / 8192)	((69 : ℚ) / 64)	4	0	3
segment	664	((69 : ℚ) / 64)	((8833 : ℚ) / 8192)	4	0	3
segment	665	((8833 : ℚ) / 8192)	((4417 : ℚ) / 4096)	4	0	3
segment	666	((4417 : ℚ) / 4096)	((8835 : ℚ) / 8192)	4	0	3
segment	667	((8835 : ℚ) / 8192)	((2209 : ℚ) / 2048)	4	0	3
segment	668	((2209 : ℚ) / 2048)	((8837 : ℚ) / 8192)	4	0	3
segment	669	((8837 : ℚ) / 8192)	((4419 : ℚ) / 4096)	4	0	3
segment	670	((4419 : ℚ) / 4096)	((8839 : ℚ) / 8192)	4	0	3
segment	671	((8839 : ℚ) / 8192)	((1105 : ℚ) / 1024)	4	0	3
segment	672	((1105 : ℚ) / 1024)	((8841 : ℚ) / 8192)	4	0	3
segment	673	((8841 : ℚ) / 8192)	((4421 : ℚ) / 4096)	4	0	3
segment	674	((4421 : ℚ) / 4096)	((8843 : ℚ) / 8192)	4	0	3
segment	675	((8843 : ℚ) / 8192)	((2211 : ℚ) / 2048)	4	0	3
segment	676	((2211 : ℚ) / 2048)	((8845 : ℚ) / 8192)	4	0	3
segment	677	((8845 : ℚ) / 8192)	((4423 : ℚ) / 4096)	4	0	3
segment	678	((4423 : ℚ) / 4096)	((8847 : ℚ) / 8192)	4	0	3
segment	679	((8847 : ℚ) / 8192)	((553 : ℚ) / 512)	4	0	3
segment	680	((553 : ℚ) / 512)	((8849 : ℚ) / 8192)	4	0	3
segment	681	((8849 : ℚ) / 8192)	((4425 : ℚ) / 4096)	4	0	3
segment	682	((4425 : ℚ) / 4096)	((8851 : ℚ) / 8192)	4	0	3
segment	683	((8851 : ℚ) / 8192)	((2213 : ℚ) / 2048)	4	0	3
segment	684	((2213 : ℚ) / 2048)	((8853 : ℚ) / 8192)	4	0	3
segment	685	((8853 : ℚ) / 8192)	((4427 : ℚ) / 4096)	4	0	3
segment	686	((4427 : ℚ) / 4096)	((8855 : ℚ) / 8192)	4	0	3
segment	687	((8855 : ℚ) / 8192)	((1107 : ℚ) / 1024)	4	0	3
segment	688	((1107 : ℚ) / 1024)	((8857 : ℚ) / 8192)	4	0	3
segment	689	((8857 : ℚ) / 8192)	((4429 : ℚ) / 4096)	4	0	3
segment	690	((4429 : ℚ) / 4096)	((8859 : ℚ) / 8192)	4	0	3
segment	691	((8859 : ℚ) / 8192)	((2215 : ℚ) / 2048)	4	0	3
segment	692	((2215 : ℚ) / 2048)	((8861 : ℚ) / 8192)	4	0	3
segment	693	((8861 : ℚ) / 8192)	((4431 : ℚ) / 4096)	4	0	3
segment	694	((4431 : ℚ) / 4096)	((8863 : ℚ) / 8192)	4	0	3
segment	695	((8863 : ℚ) / 8192)	((277 : ℚ) / 256)	4	0	3
segment	696	((277 : ℚ) / 256)	((8865 : ℚ) / 8192)	4	0	3
segment	697	((8865 : ℚ) / 8192)	((4433 : ℚ) / 4096)	4	0	3
segment	698	((4433 : ℚ) / 4096)	((8867 : ℚ) / 8192)	4	0	3
segment	699	((8867 : ℚ) / 8192)	((2217 : ℚ) / 2048)	4	0	3
segment	700	((2217 : ℚ) / 2048)	((8869 : ℚ) / 8192)	4	0	3
segment	701	((8869 : ℚ) / 8192)	((4435 : ℚ) / 4096)	4	0	3
segment	702	((4435 : ℚ) / 4096)	((8871 : ℚ) / 8192)	4	0	3
segment	703	((8871 : ℚ) / 8192)	((1109 : ℚ) / 1024)	4	0	3
segment	704	((1109 : ℚ) / 1024)	((8873 : ℚ) / 8192)	4	0	3
segment	705	((8873 : ℚ) / 8192)	((4437 : ℚ) / 4096)	4	0	3
segment	706	((4437 : ℚ) / 4096)	((8875 : ℚ) / 8192)	4	0	3
segment	707	((8875 : ℚ) / 8192)	((2219 : ℚ) / 2048)	4	0	3
segment	708	((2219 : ℚ) / 2048)	((8877 : ℚ) / 8192)	4	0	3
segment	709	((8877 : ℚ) / 8192)	((4439 : ℚ) / 4096)	4	0	3
segment	710	((4439 : ℚ) / 4096)	((8879 : ℚ) / 8192)	4	0	3
segment	711	((8879 : ℚ) / 8192)	((555 : ℚ) / 512)	4	0	3
segment	712	((555 : ℚ) / 512)	((8881 : ℚ) / 8192)	4	0	3
segment	713	((8881 : ℚ) / 8192)	((4441 : ℚ) / 4096)	4	0	3
segment	714	((4441 : ℚ) / 4096)	((8883 : ℚ) / 8192)	4	0	3
segment	715	((8883 : ℚ) / 8192)	((2221 : ℚ) / 2048)	4	0	3
segment	716	((2221 : ℚ) / 2048)	((8885 : ℚ) / 8192)	4	0	3
segment	717	((8885 : ℚ) / 8192)	((4443 : ℚ) / 4096)	4	0	3
segment	718	((4443 : ℚ) / 4096)	((8887 : ℚ) / 8192)	4	0	3
segment	719	((8887 : ℚ) / 8192)	((1111 : ℚ) / 1024)	4	0	3
segment	720	((1111 : ℚ) / 1024)	((8889 : ℚ) / 8192)	4	0	3
segment	721	((8889 : ℚ) / 8192)	((4445 : ℚ) / 4096)	4	0	3
segment	722	((4445 : ℚ) / 4096)	((8891 : ℚ) / 8192)	4	0	3
segment	723	((8891 : ℚ) / 8192)	((2223 : ℚ) / 2048)	4	0	3
segment	724	((2223 : ℚ) / 2048)	((8893 : ℚ) / 8192)	4	0	3
segment	725	((8893 : ℚ) / 8192)	((4447 : ℚ) / 4096)	4	0	3
segment	726	((4447 : ℚ) / 4096)	((8895 : ℚ) / 8192)	4	0	3
segment	727	((8895 : ℚ) / 8192)	((139 : ℚ) / 128)	4	0	3
segment	728	((139 : ℚ) / 128)	((8897 : ℚ) / 8192)	4	0	3
segment	729	((8897 : ℚ) / 8192)	((4449 : ℚ) / 4096)	4	0	3
segment	730	((4449 : ℚ) / 4096)	((8899 : ℚ) / 8192)	4	0	3
segment	731	((8899 : ℚ) / 8192)	((2225 : ℚ) / 2048)	4	0	3
segment	732	((2225 : ℚ) / 2048)	((8901 : ℚ) / 8192)	4	0	3
segment	733	((8901 : ℚ) / 8192)	((4451 : ℚ) / 4096)	4	0	3
segment	734	((4451 : ℚ) / 4096)	((8903 : ℚ) / 8192)	4	0	3
segment	735	((8903 : ℚ) / 8192)	((1113 : ℚ) / 1024)	4	0	3
segment	736	((1113 : ℚ) / 1024)	((8905 : ℚ) / 8192)	4	0	3
segment	737	((8905 : ℚ) / 8192)	((4453 : ℚ) / 4096)	4	0	3
segment	738	((4453 : ℚ) / 4096)	((8907 : ℚ) / 8192)	4	0	3
segment	739	((8907 : ℚ) / 8192)	((2227 : ℚ) / 2048)	4	0	3
segment	740	((2227 : ℚ) / 2048)	((8909 : ℚ) / 8192)	4	0	3
segment	741	((8909 : ℚ) / 8192)	((4455 : ℚ) / 4096)	4	0	3
segment	742	((4455 : ℚ) / 4096)	((8911 : ℚ) / 8192)	4	0	3
segment	743	((8911 : ℚ) / 8192)	((557 : ℚ) / 512)	4	0	3
segment	744	((557 : ℚ) / 512)	((8913 : ℚ) / 8192)	4	0	3
segment	745	((8913 : ℚ) / 8192)	((4457 : ℚ) / 4096)	4	0	3
segment	746	((4457 : ℚ) / 4096)	((8915 : ℚ) / 8192)	4	0	3
segment	747	((8915 : ℚ) / 8192)	((2229 : ℚ) / 2048)	4	0	3
segment	748	((2229 : ℚ) / 2048)	((8917 : ℚ) / 8192)	4	0	3
segment	749	((8917 : ℚ) / 8192)	((4459 : ℚ) / 4096)	4	0	3
segment	750	((4459 : ℚ) / 4096)	((8919 : ℚ) / 8192)	4	0	3
segment	751	((8919 : ℚ) / 8192)	((1115 : ℚ) / 1024)	4	0	3
segment	752	((1115 : ℚ) / 1024)	((8921 : ℚ) / 8192)	4	0	3
segment	753	((8921 : ℚ) / 8192)	((4461 : ℚ) / 4096)	4	0	3
segment	754	((4461 : ℚ) / 4096)	((8923 : ℚ) / 8192)	4	0	3
segment	755	((8923 : ℚ) / 8192)	((2231 : ℚ) / 2048)	4	0	3
segment	756	((2231 : ℚ) / 2048)	((8925 : ℚ) / 8192)	4	0	3
segment	757	((8925 : ℚ) / 8192)	((4463 : ℚ) / 4096)	4	0	3
segment	758	((4463 : ℚ) / 4096)	((8927 : ℚ) / 8192)	4	0	3
segment	759	((8927 : ℚ) / 8192)	((279 : ℚ) / 256)	4	0	3
segment	760	((279 : ℚ) / 256)	((8929 : ℚ) / 8192)	4	0	3
segment	761	((8929 : ℚ) / 8192)	((4465 : ℚ) / 4096)	4	0	3
segment	762	((4465 : ℚ) / 4096)	((8931 : ℚ) / 8192)	4	0	3
segment	763	((8931 : ℚ) / 8192)	((2233 : ℚ) / 2048)	4	0	3
segment	764	((2233 : ℚ) / 2048)	((8933 : ℚ) / 8192)	4	0	3
segment	765	((8933 : ℚ) / 8192)	((4467 : ℚ) / 4096)	4	0	3
segment	766	((4467 : ℚ) / 4096)	((8935 : ℚ) / 8192)	4	0	3
segment	767	((8935 : ℚ) / 8192)	((1117 : ℚ) / 1024)	4	0	3
segment	768	((1117 : ℚ) / 1024)	((8937 : ℚ) / 8192)	4	0	3
segment	769	((8937 : ℚ) / 8192)	((4469 : ℚ) / 4096)	4	0	3
segment	770	((4469 : ℚ) / 4096)	((8939 : ℚ) / 8192)	4	0	3
segment	771	((8939 : ℚ) / 8192)	((2235 : ℚ) / 2048)	4	0	3
segment	772	((2235 : ℚ) / 2048)	((8941 : ℚ) / 8192)	4	0	3
segment	773	((8941 : ℚ) / 8192)	((4471 : ℚ) / 4096)	4	0	3
segment	774	((4471 : ℚ) / 4096)	((8943 : ℚ) / 8192)	4	0	3
segment	775	((8943 : ℚ) / 8192)	((559 : ℚ) / 512)	4	0	3
segment	776	((559 : ℚ) / 512)	((8945 : ℚ) / 8192)	4	0	3
segment	777	((8945 : ℚ) / 8192)	((4473 : ℚ) / 4096)	4	0	3
segment	778	((4473 : ℚ) / 4096)	((8947 : ℚ) / 8192)	4	0	3
segment	779	((8947 : ℚ) / 8192)	((2237 : ℚ) / 2048)	4	0	3
segment	780	((2237 : ℚ) / 2048)	((8949 : ℚ) / 8192)	4	0	3
segment	781	((8949 : ℚ) / 8192)	((4475 : ℚ) / 4096)	4	0	3
segment	782	((4475 : ℚ) / 4096)	((8951 : ℚ) / 8192)	4	0	3
segment	783	((8951 : ℚ) / 8192)	((1119 : ℚ) / 1024)	4	0	3
segment	784	((1119 : ℚ) / 1024)	((8953 : ℚ) / 8192)	4	0	3
segment	785	((8953 : ℚ) / 8192)	((4477 : ℚ) / 4096)	4	0	3
segment	786	((4477 : ℚ) / 4096)	((8955 : ℚ) / 8192)	4	0	3
segment	787	((8955 : ℚ) / 8192)	((2239 : ℚ) / 2048)	4	0	3
segment	788	((2239 : ℚ) / 2048)	((8957 : ℚ) / 8192)	4	0	3
segment	789	((8957 : ℚ) / 8192)	((4479 : ℚ) / 4096)	4	0	3
segment	790	((4479 : ℚ) / 4096)	((8959 : ℚ) / 8192)	4	0	3
segment	791	((8959 : ℚ) / 8192)	((35 : ℚ) / 32)	4	0	3
segment	792	((35 : ℚ) / 32)	((8961 : ℚ) / 8192)	4	0	3
segment	793	((8961 : ℚ) / 8192)	((4481 : ℚ) / 4096)	4	0	3
segment	794	((4481 : ℚ) / 4096)	((8963 : ℚ) / 8192)	4	0	3
segment	795	((8963 : ℚ) / 8192)	((2241 : ℚ) / 2048)	4	0	3
segment	796	((2241 : ℚ) / 2048)	((8965 : ℚ) / 8192)	4	0	3
segment	797	((8965 : ℚ) / 8192)	((4483 : ℚ) / 4096)	4	0	3
segment	798	((4483 : ℚ) / 4096)	((8967 : ℚ) / 8192)	4	0	3
segment	799	((8967 : ℚ) / 8192)	((1121 : ℚ) / 1024)	4	0	3
segment	800	((1121 : ℚ) / 1024)	((8969 : ℚ) / 8192)	4	0	3
segment	801	((8969 : ℚ) / 8192)	((4485 : ℚ) / 4096)	4	0	3
segment	802	((4485 : ℚ) / 4096)	((8971 : ℚ) / 8192)	4	0	3
segment	803	((8971 : ℚ) / 8192)	((2243 : ℚ) / 2048)	4	0	3
segment	804	((2243 : ℚ) / 2048)	((8973 : ℚ) / 8192)	4	0	3
segment	805	((8973 : ℚ) / 8192)	((4487 : ℚ) / 4096)	4	0	3
segment	806	((4487 : ℚ) / 4096)	((8975 : ℚ) / 8192)	4	0	3
segment	807	((8975 : ℚ) / 8192)	((561 : ℚ) / 512)	4	0	3
segment	808	((561 : ℚ) / 512)	((8977 : ℚ) / 8192)	4	0	3
segment	809	((8977 : ℚ) / 8192)	((4489 : ℚ) / 4096)	4	0	3
segment	810	((4489 : ℚ) / 4096)	((8979 : ℚ) / 8192)	4	0	3
segment	811	((8979 : ℚ) / 8192)	((2245 : ℚ) / 2048)	4	0	3
segment	812	((2245 : ℚ) / 2048)	((8981 : ℚ) / 8192)	4	0	3
segment	813	((8981 : ℚ) / 8192)	((4491 : ℚ) / 4096)	4	0	3
segment	814	((4491 : ℚ) / 4096)	((8983 : ℚ) / 8192)	4	0	3
segment	815	((8983 : ℚ) / 8192)	((1123 : ℚ) / 1024)	4	0	3
segment	816	((1123 : ℚ) / 1024)	((8985 : ℚ) / 8192)	4	0	3
segment	817	((8985 : ℚ) / 8192)	((4493 : ℚ) / 4096)	4	0	3
segment	818	((4493 : ℚ) / 4096)	((8987 : ℚ) / 8192)	4	0	3
segment	819	((8987 : ℚ) / 8192)	((2247 : ℚ) / 2048)	4	0	3
segment	820	((2247 : ℚ) / 2048)	((8989 : ℚ) / 8192)	4	0	3
segment	821	((8989 : ℚ) / 8192)	((4495 : ℚ) / 4096)	4	0	3
segment	822	((4495 : ℚ) / 4096)	((8991 : ℚ) / 8192)	4	0	3
segment	823	((8991 : ℚ) / 8192)	((281 : ℚ) / 256)	4	0	3
segment	824	((281 : ℚ) / 256)	((8993 : ℚ) / 8192)	4	0	3
segment	825	((8993 : ℚ) / 8192)	((4497 : ℚ) / 4096)	4	0	3
segment	826	((4497 : ℚ) / 4096)	((8995 : ℚ) / 8192)	4	0	3
segment	827	((8995 : ℚ) / 8192)	((2249 : ℚ) / 2048)	4	0	3
segment	828	((2249 : ℚ) / 2048)	((8997 : ℚ) / 8192)	4	0	3
segment	829	((8997 : ℚ) / 8192)	((4499 : ℚ) / 4096)	4	0	3
segment	830	((4499 : ℚ) / 4096)	((8999 : ℚ) / 8192)	4	0	3
segment	831	((8999 : ℚ) / 8192)	((1125 : ℚ) / 1024)	4	0	3
segment	832	((1125 : ℚ) / 1024)	((9001 : ℚ) / 8192)	4	0	3
segment	833	((9001 : ℚ) / 8192)	((4501 : ℚ) / 4096)	4	0	3
segment	834	((4501 : ℚ) / 4096)	((9003 : ℚ) / 8192)	4	0	3
segment	835	((9003 : ℚ) / 8192)	((2251 : ℚ) / 2048)	4	0	3
segment	836	((2251 : ℚ) / 2048)	((9005 : ℚ) / 8192)	4	0	3
segment	837	((9005 : ℚ) / 8192)	((4503 : ℚ) / 4096)	4	0	3
segment	838	((4503 : ℚ) / 4096)	((9007 : ℚ) / 8192)	4	0	3
segment	839	((9007 : ℚ) / 8192)	((563 : ℚ) / 512)	4	0	3
segment	840	((563 : ℚ) / 512)	((9009 : ℚ) / 8192)	4	0	3
segment	841	((9009 : ℚ) / 8192)	((4505 : ℚ) / 4096)	4	0	3
segment	842	((4505 : ℚ) / 4096)	((9011 : ℚ) / 8192)	4	0	3
segment	843	((9011 : ℚ) / 8192)	((2253 : ℚ) / 2048)	4	0	3
segment	844	((2253 : ℚ) / 2048)	((9013 : ℚ) / 8192)	4	0	3
segment	845	((9013 : ℚ) / 8192)	((4507 : ℚ) / 4096)	4	0	3
segment	846	((4507 : ℚ) / 4096)	((9015 : ℚ) / 8192)	4	0	3
segment	847	((9015 : ℚ) / 8192)	((1127 : ℚ) / 1024)	4	0	3
segment	848	((1127 : ℚ) / 1024)	((9017 : ℚ) / 8192)	4	0	3
segment	849	((9017 : ℚ) / 8192)	((4509 : ℚ) / 4096)	4	0	3
segment	850	((4509 : ℚ) / 4096)	((9019 : ℚ) / 8192)	4	0	3
segment	851	((9019 : ℚ) / 8192)	((2255 : ℚ) / 2048)	4	0	3
segment	852	((2255 : ℚ) / 2048)	((9021 : ℚ) / 8192)	4	0	3
segment	853	((9021 : ℚ) / 8192)	((4511 : ℚ) / 4096)	4	0	3
segment	854	((4511 : ℚ) / 4096)	((9023 : ℚ) / 8192)	4	0	3
segment	855	((9023 : ℚ) / 8192)	((141 : ℚ) / 128)	4	0	3
segment	856	((141 : ℚ) / 128)	((9025 : ℚ) / 8192)	4	0	3
segment	857	((9025 : ℚ) / 8192)	((4513 : ℚ) / 4096)	4	0	3
segment	858	((4513 : ℚ) / 4096)	((9027 : ℚ) / 8192)	4	0	3
segment	859	((9027 : ℚ) / 8192)	((2257 : ℚ) / 2048)	4	0	3
segment	860	((2257 : ℚ) / 2048)	((9029 : ℚ) / 8192)	4	0	3
segment	861	((9029 : ℚ) / 8192)	((4515 : ℚ) / 4096)	4	0	3
segment	862	((4515 : ℚ) / 4096)	((9031 : ℚ) / 8192)	4	0	3
segment	863	((9031 : ℚ) / 8192)	((1129 : ℚ) / 1024)	4	0	3
segment	864	((1129 : ℚ) / 1024)	((9033 : ℚ) / 8192)	4	0	3
segment	865	((9033 : ℚ) / 8192)	((4517 : ℚ) / 4096)	4	0	3
segment	866	((4517 : ℚ) / 4096)	((9035 : ℚ) / 8192)	4	0	3
segment	867	((9035 : ℚ) / 8192)	((2259 : ℚ) / 2048)	4	0	3
segment	868	((2259 : ℚ) / 2048)	((9037 : ℚ) / 8192)	4	0	3
segment	869	((9037 : ℚ) / 8192)	((4519 : ℚ) / 4096)	4	0	3
segment	870	((4519 : ℚ) / 4096)	((9039 : ℚ) / 8192)	4	0	3
segment	871	((9039 : ℚ) / 8192)	((565 : ℚ) / 512)	4	0	3
segment	872	((565 : ℚ) / 512)	((9041 : ℚ) / 8192)	4	0	3
segment	873	((9041 : ℚ) / 8192)	((4521 : ℚ) / 4096)	4	0	3
segment	874	((4521 : ℚ) / 4096)	((9043 : ℚ) / 8192)	4	0	3
segment	875	((9043 : ℚ) / 8192)	((2261 : ℚ) / 2048)	4	0	3
segment	876	((2261 : ℚ) / 2048)	((9045 : ℚ) / 8192)	4	0	3
segment	877	((9045 : ℚ) / 8192)	((4523 : ℚ) / 4096)	4	0	3
segment	878	((4523 : ℚ) / 4096)	((9047 : ℚ) / 8192)	4	0	3
segment	879	((9047 : ℚ) / 8192)	((1131 : ℚ) / 1024)	4	0	3
segment	880	((1131 : ℚ) / 1024)	((9049 : ℚ) / 8192)	4	0	3
segment	881	((9049 : ℚ) / 8192)	((4525 : ℚ) / 4096)	4	0	3
segment	882	((4525 : ℚ) / 4096)	((9051 : ℚ) / 8192)	4	0	3
segment	883	((9051 : ℚ) / 8192)	((2263 : ℚ) / 2048)	4	0	3
segment	884	((2263 : ℚ) / 2048)	((9053 : ℚ) / 8192)	4	0	3
segment	885	((9053 : ℚ) / 8192)	((4527 : ℚ) / 4096)	4	0	3
segment	886	((4527 : ℚ) / 4096)	((9055 : ℚ) / 8192)	4	0	3
segment	887	((9055 : ℚ) / 8192)	((283 : ℚ) / 256)	4	0	3
segment	888	((283 : ℚ) / 256)	((9057 : ℚ) / 8192)	4	0	3
segment	889	((9057 : ℚ) / 8192)	((4529 : ℚ) / 4096)	4	0	3
segment	890	((4529 : ℚ) / 4096)	((9059 : ℚ) / 8192)	4	0	3
segment	891	((9059 : ℚ) / 8192)	((2265 : ℚ) / 2048)	4	0	3
segment	892	((2265 : ℚ) / 2048)	((9061 : ℚ) / 8192)	4	0	3
segment	893	((9061 : ℚ) / 8192)	((4531 : ℚ) / 4096)	4	0	3
segment	894	((4531 : ℚ) / 4096)	((9063 : ℚ) / 8192)	4	0	3
segment	895	((9063 : ℚ) / 8192)	((1133 : ℚ) / 1024)	4	0	3
segment	896	((1133 : ℚ) / 1024)	((9065 : ℚ) / 8192)	4	0	3
segment	897	((9065 : ℚ) / 8192)	((4533 : ℚ) / 4096)	4	0	3
segment	898	((4533 : ℚ) / 4096)	((9067 : ℚ) / 8192)	4	0	3
segment	899	((9067 : ℚ) / 8192)	((2267 : ℚ) / 2048)	4	0	3
segment	900	((2267 : ℚ) / 2048)	((9069 : ℚ) / 8192)	4	0	3
segment	901	((9069 : ℚ) / 8192)	((4535 : ℚ) / 4096)	4	0	3
segment	902	((4535 : ℚ) / 4096)	((9071 : ℚ) / 8192)	4	0	3
segment	903	((9071 : ℚ) / 8192)	((567 : ℚ) / 512)	4	0	3
segment	904	((567 : ℚ) / 512)	((9073 : ℚ) / 8192)	4	0	3
segment	905	((9073 : ℚ) / 8192)	((4537 : ℚ) / 4096)	4	0	3
segment	906	((4537 : ℚ) / 4096)	((9075 : ℚ) / 8192)	4	0	3
segment	907	((9075 : ℚ) / 8192)	((2269 : ℚ) / 2048)	4	0	3
segment	908	((2269 : ℚ) / 2048)	((9077 : ℚ) / 8192)	4	0	3
segment	909	((9077 : ℚ) / 8192)	((4539 : ℚ) / 4096)	4	0	3
segment	910	((4539 : ℚ) / 4096)	((9079 : ℚ) / 8192)	4	0	3
segment	911	((9079 : ℚ) / 8192)	((1135 : ℚ) / 1024)	4	0	3
segment	912	((1135 : ℚ) / 1024)	((9081 : ℚ) / 8192)	4	0	3
segment	913	((9081 : ℚ) / 8192)	((4541 : ℚ) / 4096)	4	0	3
segment	914	((4541 : ℚ) / 4096)	((9083 : ℚ) / 8192)	4	0	3
segment	915	((9083 : ℚ) / 8192)	((2271 : ℚ) / 2048)	4	0	3
segment	916	((2271 : ℚ) / 2048)	((18169 : ℚ) / 16384)	3	0	1
segment	917	((18169 : ℚ) / 16384)	((9085 : ℚ) / 8192)	3	0	3
segment	918	((9085 : ℚ) / 8192)	((18171 : ℚ) / 16384)	3	0	3
segment	919	((18171 : ℚ) / 16384)	((4543 : ℚ) / 4096)	3	0	3
segment	920	((4543 : ℚ) / 4096)	((18173 : ℚ) / 16384)	3	0	3
segment	921	((18173 : ℚ) / 16384)	((9087 : ℚ) / 8192)	3	0	3
segment	922	((9087 : ℚ) / 8192)	((18175 : ℚ) / 16384)	3	0	3
segment	923	((18175 : ℚ) / 16384)	((71 : ℚ) / 64)	3	0	3
segment	924	((71 : ℚ) / 64)	((18177 : ℚ) / 16384)	3	0	3
segment	925	((18177 : ℚ) / 16384)	((36355 : ℚ) / 32768)	2	0	1
segment	926	((36355 : ℚ) / 32768)	((9089 : ℚ) / 8192)	2	0	3
segment	927	((9089 : ℚ) / 8192)	((36357 : ℚ) / 32768)	2	0	3
segment	928	((36357 : ℚ) / 32768)	((18179 : ℚ) / 16384)	2	0	3
segment	929	((18179 : ℚ) / 16384)	((72717 : ℚ) / 65536)	1	0	1
segment	930	((72717 : ℚ) / 65536)	((36359 : ℚ) / 32768)	1	0	3
segment	931	((36359 : ℚ) / 32768)	((72719 : ℚ) / 65536)	1	0	3
segment	932	((72719 : ℚ) / 65536)	((4545 : ℚ) / 4096)	1	75992816136	3
segment	933	((4545 : ℚ) / 4096)	((72721 : ℚ) / 65536)	1	394426163137	3
segment	934	((72721 : ℚ) / 65536)	((36361 : ℚ) / 32768)	1	439235241142	3
segment	935	((36361 : ℚ) / 32768)	((72723 : ℚ) / 65536)	1	762630875569	3
segment	936	((72723 : ℚ) / 65536)	((18181 : ℚ) / 16384)	1	1086087748835	1
segment	937	((18181 : ℚ) / 16384)	((36363 : ℚ) / 32768)	2	3142677508005	3
segment	938	((36363 : ℚ) / 32768)	((9091 : ℚ) / 8192)	2	4436670779876	3
segment	939	((9091 : ℚ) / 8192)	((36365 : ℚ) / 32768)	2	5730331808938	3
segment	940	((36365 : ℚ) / 32768)	((18183 : ℚ) / 16384)	2	7023292132562	1
segment	941	((18183 : ℚ) / 16384)	((2273 : ℚ) / 2048)	3	17920810192298	3
segment	942	((2273 : ℚ) / 2048)	((18185 : ℚ) / 16384)	3	23074960095237	3
segment	943	((18185 : ℚ) / 16384)	((9093 : ℚ) / 8192)	3	28210081598240	3
segment	944	((9093 : ℚ) / 8192)	((18187 : ℚ) / 16384)	3	33320145505930	3
segment	945	((18187 : ℚ) / 16384)	((4547 : ℚ) / 4096)	3	38399093475144	3
segment	946	((4547 : ℚ) / 4096)	((18189 : ℚ) / 16384)	3	43440846135946	3
segment	947	((18189 : ℚ) / 16384)	((9095 : ℚ) / 8192)	3	48439311303790	3
segment	948	((9095 : ℚ) / 8192)	((1137 : ℚ) / 1024)	4	111670388415912	3
segment	949	((1137 : ℚ) / 1024)	((9097 : ℚ) / 8192)	4	130992513560685	3
segment	950	((9097 : ℚ) / 8192)	((4549 : ℚ) / 4096)	4	149749642988260	3
segment	951	((4549 : ℚ) / 4096)	((9099 : ℚ) / 8192)	4	167845958971303	3
segment	952	((9099 : ℚ) / 8192)	((2275 : ℚ) / 2048)	4	185187261456010	3
segment	953	((2275 : ℚ) / 2048)	((9101 : ℚ) / 8192)	4	201681512503439	3
segment	954	((9101 : ℚ) / 8192)	((4551 : ℚ) / 4096)	4	217239376436508	3
segment	955	((4551 : ℚ) / 4096)	((9103 : ℚ) / 8192)	4	231774752505558	3
segment	956	((9103 : ℚ) / 8192)	((569 : ℚ) / 512)	4	245205296886663	3
segment	957	((569 : ℚ) / 512)	((9105 : ℚ) / 8192)	4	257452930852533	3
segment	958	((9105 : ℚ) / 8192)	((4553 : ℚ) / 4096)	4	268444331997348	3
segment	959	((4553 : ℚ) / 4096)	((9107 : ℚ) / 8192)	4	278111405457990	3
segment	960	((9107 : ℚ) / 8192)	((2277 : ℚ) / 2048)	4	286391732153687	3
segment	961	((2277 : ℚ) / 2048)	((9109 : ℚ) / 8192)	4	293228991162593	3
segment	962	((9109 : ℚ) / 8192)	((4555 : ℚ) / 4096)	4	298573353470387	3
segment	963	((4555 : ℚ) / 4096)	((9111 : ℚ) / 8192)	4	302381844457759	3
segment	964	((9111 : ℚ) / 8192)	((1139 : ℚ) / 1024)	4	304618672640585	3
segment	965	((1139 : ℚ) / 1024)	((9113 : ℚ) / 8192)	4	305255522346059	3
segment	966	((9113 : ℚ) / 8192)	((4557 : ℚ) / 4096)	4	304271808182649	3
segment	967	((4557 : ℚ) / 4096)	((9115 : ℚ) / 8192)	4	301654889360709	3
segment	968	((9115 : ℚ) / 8192)	((2279 : ℚ) / 2048)	4	297400242123952	3
segment	969	((2279 : ℚ) / 2048)	((9117 : ℚ) / 8192)	4	291511588775254	3
segment	970	((9117 : ℚ) / 8192)	((4559 : ℚ) / 4096)	4	284000982008087	3
segment	971	((4559 : ℚ) / 4096)	((9119 : ℚ) / 8192)	4	274888843496721	3
segment	972	((9119 : ℚ) / 8192)	((285 : ℚ) / 256)	4	264203955947500	3
segment	973	((285 : ℚ) / 256)	((9121 : ℚ) / 8192)	4	251983408068674	3
segment	974	((9121 : ℚ) / 8192)	((4561 : ℚ) / 4096)	4	238272492180511	3
segment	975	((4561 : ℚ) / 4096)	((9123 : ℚ) / 8192)	4	223124554449563	3
segment	976	((9123 : ℚ) / 8192)	((2281 : ℚ) / 2048)	4	206600798002830	3
segment	977	((2281 : ℚ) / 2048)	((9125 : ℚ) / 8192)	4	188770039460271	3
segment	978	((9125 : ℚ) / 8192)	((4563 : ℚ) / 4096)	4	169708419662053	3
segment	979	((4563 : ℚ) / 4096)	((9127 : ℚ) / 8192)	4	149499069674973	3
segment	980	((9127 : ℚ) / 8192)	((1141 : ℚ) / 1024)	4	128231733403791	3
segment	981	((1141 : ℚ) / 1024)	((18257 : ℚ) / 16384)	3	55836067700257	1
segment	982	((18257 : ℚ) / 16384)	((9129 : ℚ) / 8192)	3	50166280725732	3
segment	983	((9129 : ℚ) / 8192)	((18259 : ℚ) / 16384)	3	44392168805824	3
segment	984	((18259 : ℚ) / 16384)	((4565 : ℚ) / 4096)	3	38520417976099	3
segment	985	((4565 : ℚ) / 4096)	((18261 : ℚ) / 16384)	3	32557865704269	3
segment	986	((18261 : ℚ) / 16384)	((9131 : ℚ) / 8192)	3	26511492322899	3
segment	987	((9131 : ℚ) / 8192)	((18263 : ℚ) / 16384)	3	20388412185646	3
segment	988	((18263 : ℚ) / 16384)	((36527 : ℚ) / 32768)	2	7876056447171	1
segment	989	((36527 : ℚ) / 32768)	((2283 : ℚ) / 2048)	2	6319808158707	3
segment	990	((2283 : ℚ) / 2048)	((36529 : ℚ) / 32768)	2	4756026521567	3
segment	991	((36529 : ℚ) / 32768)	((18265 : ℚ) / 16384)	2	3185177947941	3
segment	992	((18265 : ℚ) / 16384)	((73061 : ℚ) / 65536)	1	1001440632458	1
segment	993	((73061 : ℚ) / 65536)	((36531 : ℚ) / 32768)	1	606291306232	3
segment	994	((36531 : ℚ) / 32768)	((73063 : ℚ) / 65536)	1	358783489820	3
segment	995	((73063 : ℚ) / 65536)	((9133 : ℚ) / 8192)	1	110686488902	3
segment	996	((9133 : ℚ) / 8192)	((73065 : ℚ) / 65536)	1	0	3
segment	997	((73065 : ℚ) / 65536)	((36533 : ℚ) / 32768)	1	0	3
segment	998	((36533 : ℚ) / 32768)	((18267 : ℚ) / 16384)	2	0	3
segment	999	((18267 : ℚ) / 16384)	((36535 : ℚ) / 32768)	2	0	3
segment	1000	((36535 : ℚ) / 32768)	((4567 : ℚ) / 4096)	2	0	3
segment	1001	((4567 : ℚ) / 4096)	((18269 : ℚ) / 16384)	3	0	3
segment	1002	((18269 : ℚ) / 16384)	((9135 : ℚ) / 8192)	3	0	3
segment	1003	((9135 : ℚ) / 8192)	((18271 : ℚ) / 16384)	3	0	3
segment	1004	((18271 : ℚ) / 16384)	((571 : ℚ) / 512)	3	0	3
segment	1005	((571 : ℚ) / 512)	((18273 : ℚ) / 16384)	3	0	3
segment	1006	((18273 : ℚ) / 16384)	((9137 : ℚ) / 8192)	3	0	3
segment	1007	((9137 : ℚ) / 8192)	((4569 : ℚ) / 4096)	4	0	3
segment	1008	((4569 : ℚ) / 4096)	((9139 : ℚ) / 8192)	4	0	3
segment	1009	((9139 : ℚ) / 8192)	((2285 : ℚ) / 2048)	4	0	3
segment	1010	((2285 : ℚ) / 2048)	((9141 : ℚ) / 8192)	4	0	3
segment	1011	((9141 : ℚ) / 8192)	((4571 : ℚ) / 4096)	4	0	3
segment	1012	((4571 : ℚ) / 4096)	((9143 : ℚ) / 8192)	4	0	3
segment	1013	((9143 : ℚ) / 8192)	((1143 : ℚ) / 1024)	4	0	3
segment	1014	((1143 : ℚ) / 1024)	((9145 : ℚ) / 8192)	4	0	3
segment	1015	((9145 : ℚ) / 8192)	((4573 : ℚ) / 4096)	4	0	3
segment	1016	((4573 : ℚ) / 4096)	((9147 : ℚ) / 8192)	4	0	3
segment	1017	((9147 : ℚ) / 8192)	((2287 : ℚ) / 2048)	4	0	3
segment	1018	((2287 : ℚ) / 2048)	((9149 : ℚ) / 8192)	4	0	3
segment	1019	((9149 : ℚ) / 8192)	((4575 : ℚ) / 4096)	4	0	3
segment	1020	((4575 : ℚ) / 4096)	((9151 : ℚ) / 8192)	4	0	3
segment	1021	((9151 : ℚ) / 8192)	((143 : ℚ) / 128)	4	0	3
segment	1022	((143 : ℚ) / 128)	((4577 : ℚ) / 4096)	5	0	3
segment	1023	((4577 : ℚ) / 4096)	((2289 : ℚ) / 2048)	5	0	3
segment	1024	((2289 : ℚ) / 2048)	((4579 : ℚ) / 4096)	5	0	3
segment	1025	((4579 : ℚ) / 4096)	((1145 : ℚ) / 1024)	5	0	3
segment	1026	((1145 : ℚ) / 1024)	((4581 : ℚ) / 4096)	5	0	3
segment	1027	((4581 : ℚ) / 4096)	((2291 : ℚ) / 2048)	5	0	3
segment	1028	((2291 : ℚ) / 2048)	((9165 : ℚ) / 8192)	4	0	3
segment	1029	((9165 : ℚ) / 8192)	((4583 : ℚ) / 4096)	4	0	3
segment	1030	((4583 : ℚ) / 4096)	((9167 : ℚ) / 8192)	4	0	3
segment	1031	((9167 : ℚ) / 8192)	((573 : ℚ) / 512)	4	0	3
segment	1032	((573 : ℚ) / 512)	((9169 : ℚ) / 8192)	4	0	3
segment	1033	((9169 : ℚ) / 8192)	((4585 : ℚ) / 4096)	4	0	3
segment	1034	((4585 : ℚ) / 4096)	((9171 : ℚ) / 8192)	4	0	3
segment	1035	((9171 : ℚ) / 8192)	((2293 : ℚ) / 2048)	4	0	3
segment	1036	((2293 : ℚ) / 2048)	((9173 : ℚ) / 8192)	4	0	3
segment	1037	((9173 : ℚ) / 8192)	((4587 : ℚ) / 4096)	4	0	3
segment	1038	((4587 : ℚ) / 4096)	((9175 : ℚ) / 8192)	4	0	3
segment	1039	((9175 : ℚ) / 8192)	((1147 : ℚ) / 1024)	4	0	3
segment	1040	((1147 : ℚ) / 1024)	((9177 : ℚ) / 8192)	4	0	3
segment	1041	((9177 : ℚ) / 8192)	((4589 : ℚ) / 4096)	4	0	3
segment	1042	((4589 : ℚ) / 4096)	((9179 : ℚ) / 8192)	4	0	3
segment	1043	((9179 : ℚ) / 8192)	((2295 : ℚ) / 2048)	4	0	3
segment	1044	((2295 : ℚ) / 2048)	((9181 : ℚ) / 8192)	4	0	3
segment	1045	((9181 : ℚ) / 8192)	((18363 : ℚ) / 16384)	3	0	1
segment	1046	((18363 : ℚ) / 16384)	((4591 : ℚ) / 4096)	3	0	3
segment	1047	((4591 : ℚ) / 4096)	((18365 : ℚ) / 16384)	3	0	3
segment	1048	((18365 : ℚ) / 16384)	((9183 : ℚ) / 8192)	3	0	3
segment	1049	((9183 : ℚ) / 8192)	((18367 : ℚ) / 16384)	3	0	3
segment	1050	((18367 : ℚ) / 16384)	((287 : ℚ) / 256)	3	0	3
segment	1051	((287 : ℚ) / 256)	((18369 : ℚ) / 16384)	3	0	3
segment	1052	((18369 : ℚ) / 16384)	((9185 : ℚ) / 8192)	3	0	3
segment	1053	((9185 : ℚ) / 8192)	((18371 : ℚ) / 16384)	3	0	3
segment	1054	((18371 : ℚ) / 16384)	((4593 : ℚ) / 4096)	3	0	3
segment	1055	((4593 : ℚ) / 4096)	((18373 : ℚ) / 16384)	3	0	3
segment	1056	((18373 : ℚ) / 16384)	((36747 : ℚ) / 32768)	2	0	1
segment	1057	((36747 : ℚ) / 32768)	((9187 : ℚ) / 8192)	2	0	3
segment	1058	((9187 : ℚ) / 8192)	((36749 : ℚ) / 32768)	2	0	3
segment	1059	((36749 : ℚ) / 32768)	((18375 : ℚ) / 16384)	2	0	3
segment	1060	((18375 : ℚ) / 16384)	((36751 : ℚ) / 32768)	2	0	3
segment	1061	((36751 : ℚ) / 32768)	((2297 : ℚ) / 2048)	2	0	3
segment	1062	((2297 : ℚ) / 2048)	((36753 : ℚ) / 32768)	2	0	3
segment	1063	((36753 : ℚ) / 32768)	((18377 : ℚ) / 16384)	2	0	3
segment	1064	((18377 : ℚ) / 16384)	((36755 : ℚ) / 32768)	2	0	3
segment	1065	((36755 : ℚ) / 32768)	((9189 : ℚ) / 8192)	2	0	3
segment	1066	((9189 : ℚ) / 8192)	((73513 : ℚ) / 65536)	1	0	3
segment	1067	((73513 : ℚ) / 65536)	((36757 : ℚ) / 32768)	1	0	3
segment	1068	((36757 : ℚ) / 32768)	((73515 : ℚ) / 65536)	1	0	3
segment	1069	((73515 : ℚ) / 65536)	((18379 : ℚ) / 16384)	1	0	3
segment	1070	((18379 : ℚ) / 16384)	((73517 : ℚ) / 65536)	1	0	3
segment	1071	((73517 : ℚ) / 65536)	((36759 : ℚ) / 32768)	1	12263328173	3
segment	1072	((36759 : ℚ) / 32768)	((73519 : ℚ) / 65536)	1	95690522266	3
segment	1073	((73519 : ℚ) / 65536)	((4595 : ℚ) / 4096)	1	187432942612	3
segment	1074	((4595 : ℚ) / 4096)	((73521 : ℚ) / 65536)	1	275384000691	3
segment	1075	((73521 : ℚ) / 65536)	((36761 : ℚ) / 32768)	1	359521054697	3
segment	1076	((36761 : ℚ) / 32768)	((73523 : ℚ) / 65536)	1	331160749226	3
segment	1077	((73523 : ℚ) / 65536)	((18381 : ℚ) / 16384)	1	299667146300	3
segment	1078	((18381 : ℚ) / 16384)	((73525 : ℚ) / 65536)	1	373200882939	3
segment	1079	((73525 : ℚ) / 65536)	((36763 : ℚ) / 32768)	1	442838826130	3
segment	1080	((36763 : ℚ) / 32768)	((73527 : ℚ) / 65536)	1	508560003456	3
segment	1081	((73527 : ℚ) / 65536)	((9191 : ℚ) / 8192)	1	570343803258	3
segment	1082	((9191 : ℚ) / 8192)	((73529 : ℚ) / 65536)	1	628169977611	3
segment	1083	((73529 : ℚ) / 65536)	((36765 : ℚ) / 32768)	1	682018645577	3
segment	1084	((36765 : ℚ) / 32768)	((73531 : ℚ) / 65536)	1	731870296202	3
segment	1085	((73531 : ℚ) / 65536)	((18383 : ℚ) / 16384)	1	777705791731	3
segment	1086	((18383 : ℚ) / 16384)	((36767 : ℚ) / 32768)	2	1676759962188	3
segment	1087	((36767 : ℚ) / 32768)	((1149 : ℚ) / 1024)	2	1811446271197	3
segment	1088	((1149 : ℚ) / 1024)	((36769 : ℚ) / 32768)	2	1913353144953	3
segment	1089	((36769 : ℚ) / 32768)	((18385 : ℚ) / 16384)	2	1982211244630	3
segment	1090	((18385 : ℚ) / 16384)	((36771 : ℚ) / 32768)	2	2017763891852	3
segment	1091	((36771 : ℚ) / 32768)	((9193 : ℚ) / 8192)	2	2019767253589	3
segment	1092	((9193 : ℚ) / 8192)	((36773 : ℚ) / 32768)	2	1987990524815	3
segment	1093	((36773 : ℚ) / 32768)	((18387 : ℚ) / 16384)	2	1922216106948	3
segment	1094	((18387 : ℚ) / 16384)	((36775 : ℚ) / 32768)	2	1822239783668	3
segment	1095	((36775 : ℚ) / 32768)	((4597 : ℚ) / 4096)	2	1687870893623	3
segment	1096	((4597 : ℚ) / 4096)	((73553 : ℚ) / 65536)	1	782750705291	3
segment	1097	((73553 : ℚ) / 65536)	((36777 : ℚ) / 32768)	1	736181852873	3
segment	1098	((36777 : ℚ) / 32768)	((73555 : ℚ) / 65536)	1	685266444820	3
segment	1099	((73555 : ℚ) / 65536)	((18389 : ℚ) / 16384)	1	629995167643	3
segment	1100	((18389 : ℚ) / 16384)	((73557 : ℚ) / 65536)	1	570359150837	3
segment	1101	((73557 : ℚ) / 65536)	((36779 : ℚ) / 32768)	1	506349969110	3
segment	1102	((36779 : ℚ) / 32768)	((73559 : ℚ) / 65536)	1	437959645102	3
segment	1103	((73559 : ℚ) / 65536)	((9195 : ℚ) / 8192)	1	365180651386	3
segment	1104	((9195 : ℚ) / 8192)	((73561 : ℚ) / 65536)	1	288005913246	3
segment	1105	((73561 : ℚ) / 65536)	((36781 : ℚ) / 32768)	1	315837244692	3
segment	1106	((36781 : ℚ) / 32768)	((73563 : ℚ) / 65536)	1	340087289098	3
segment	1107	((73563 : ℚ) / 65536)	((18391 : ℚ) / 16384)	1	250791552135	3
segment	1108	((18391 : ℚ) / 16384)	((73565 : ℚ) / 65536)	1	157077605478	3
segment	1109	((73565 : ℚ) / 65536)	((36783 : ℚ) / 32768)	1	58940555312	3
segment	1110	((36783 : ℚ) / 32768)	((73567 : ℚ) / 65536)	1	0	3
segment	1111	((73567 : ℚ) / 65536)	((2299 : ℚ) / 2048)	1	0	3
segment	1112	((2299 : ℚ) / 2048)	((73569 : ℚ) / 65536)	1	0	3
segment	1113	((73569 : ℚ) / 65536)	((36785 : ℚ) / 32768)	1	0	3
segment	1114	((36785 : ℚ) / 32768)	((73571 : ℚ) / 65536)	1	0	3
segment	1115	((73571 : ℚ) / 65536)	((18393 : ℚ) / 16384)	1	0	3
segment	1116	((18393 : ℚ) / 16384)	((36787 : ℚ) / 32768)	2	0	3
segment	1117	((36787 : ℚ) / 32768)	((9197 : ℚ) / 8192)	2	0	3
segment	1118	((9197 : ℚ) / 8192)	((36789 : ℚ) / 32768)	2	0	3
segment	1119	((36789 : ℚ) / 32768)	((18395 : ℚ) / 16384)	2	0	3
segment	1120	((18395 : ℚ) / 16384)	((36791 : ℚ) / 32768)	2	0	3
segment	1121	((36791 : ℚ) / 32768)	((4599 : ℚ) / 4096)	2	0	3
segment	1122	((4599 : ℚ) / 4096)	((36793 : ℚ) / 32768)	2	0	3
segment	1123	((36793 : ℚ) / 32768)	((18397 : ℚ) / 16384)	2	0	1
segment	1124	((18397 : ℚ) / 16384)	((9199 : ℚ) / 8192)	3	0	3
segment	1125	((9199 : ℚ) / 8192)	((18399 : ℚ) / 16384)	3	0	3
segment	1126	((18399 : ℚ) / 16384)	((575 : ℚ) / 512)	3	0	3
segment	1127	((575 : ℚ) / 512)	((18401 : ℚ) / 16384)	3	0	3
segment	1128	((18401 : ℚ) / 16384)	((9201 : ℚ) / 8192)	3	0	3
segment	1129	((9201 : ℚ) / 8192)	((18403 : ℚ) / 16384)	3	0	3
segment	1130	((18403 : ℚ) / 16384)	((4601 : ℚ) / 4096)	3	0	3
segment	1131	((4601 : ℚ) / 4096)	((18405 : ℚ) / 16384)	3	0	3
segment	1132	((18405 : ℚ) / 16384)	((9203 : ℚ) / 8192)	3	0	3
segment	1133	((9203 : ℚ) / 8192)	((2301 : ℚ) / 2048)	4	0	3
segment	1134	((2301 : ℚ) / 2048)	((9205 : ℚ) / 8192)	4	0	3
segment	1135	((9205 : ℚ) / 8192)	((4603 : ℚ) / 4096)	4	0	3
segment	1136	((4603 : ℚ) / 4096)	((9207 : ℚ) / 8192)	4	0	3
segment	1137	((9207 : ℚ) / 8192)	((1151 : ℚ) / 1024)	4	0	3
segment	1138	((1151 : ℚ) / 1024)	((9209 : ℚ) / 8192)	4	0	3
segment	1139	((9209 : ℚ) / 8192)	((4605 : ℚ) / 4096)	4	0	3
segment	1140	((4605 : ℚ) / 4096)	((9211 : ℚ) / 8192)	4	0	3
segment	1141	((9211 : ℚ) / 8192)	((2303 : ℚ) / 2048)	4	0	3
segment	1142	((2303 : ℚ) / 2048)	((9213 : ℚ) / 8192)	4	0	3
segment	1143	((9213 : ℚ) / 8192)	((4607 : ℚ) / 4096)	4	0	1
segment	1144	((4607 : ℚ) / 4096)	((9 : ℚ) / 8)	5	0	3
segment	1145	((9 : ℚ) / 8)	((4609 : ℚ) / 4096)	5	0	3
segment	1146	((4609 : ℚ) / 4096)	((2305 : ℚ) / 2048)	5	0	3
segment	1147	((2305 : ℚ) / 2048)	((4611 : ℚ) / 4096)	5	0	3
segment	1148	((4611 : ℚ) / 4096)	((1153 : ℚ) / 1024)	5	0	3
segment	1149	((1153 : ℚ) / 1024)	((4613 : ℚ) / 4096)	5	0	3
segment	1150	((4613 : ℚ) / 4096)	((2307 : ℚ) / 2048)	5	0	3
segment	1151	((2307 : ℚ) / 2048)	((4615 : ℚ) / 4096)	5	0	3
segment	1152	((4615 : ℚ) / 4096)	((577 : ℚ) / 512)	5	0	3
segment	1153	((577 : ℚ) / 512)	((4617 : ℚ) / 4096)	5	0	3
segment	1154	((4617 : ℚ) / 4096)	((2309 : ℚ) / 2048)	5	0	3
segment	1155	((2309 : ℚ) / 2048)	((4619 : ℚ) / 4096)	5	0	3
segment	1156	((4619 : ℚ) / 4096)	((9239 : ℚ) / 8192)	4	0	3
segment	1157	((9239 : ℚ) / 8192)	((1155 : ℚ) / 1024)	4	0	3
segment	1158	((1155 : ℚ) / 1024)	((9241 : ℚ) / 8192)	4	0	3
segment	1159	((9241 : ℚ) / 8192)	((4621 : ℚ) / 4096)	4	0	3
segment	1160	((4621 : ℚ) / 4096)	((18485 : ℚ) / 16384)	3	0	3
segment	1161	((18485 : ℚ) / 16384)	((36971 : ℚ) / 32768)	2	0	3
segment	1162	((36971 : ℚ) / 32768)	((73943 : ℚ) / 65536)	1	0	1
segment	1163	((73943 : ℚ) / 65536)	((9243 : ℚ) / 8192)	1	223837291102	3
segment	1164	((9243 : ℚ) / 8192)	((73945 : ℚ) / 65536)	1	1097668907261	3
segment	1165	((73945 : ℚ) / 65536)	((36973 : ℚ) / 32768)	1	2803370285602	1
segment	1166	((36973 : ℚ) / 32768)	((18487 : ℚ) / 16384)	2	10792378118461	1
segment	1167	((18487 : ℚ) / 16384)	((2311 : ℚ) / 2048)	3	42808501101671	3
segment	1168	((2311 : ℚ) / 2048)	((9245 : ℚ) / 8192)	4	174381428070540	3
segment	1169	((9245 : ℚ) / 8192)	((4623 : ℚ) / 4096)	4	300151670576927	3
segment	1170	((4623 : ℚ) / 4096)	((9247 : ℚ) / 8192)	4	434878586834492	3
segment	1171	((9247 : ℚ) / 8192)	((289 : ℚ) / 256)	4	578602076742586	1
segment	1172	((289 : ℚ) / 256)	((4625 : ℚ) / 4096)	5	1624400022511313	3
segment	1173	((4625 : ℚ) / 4096)	((2313 : ℚ) / 2048)	5	2307065324289870	3
segment	1174	((2313 : ℚ) / 2048)	((4627 : ℚ) / 4096)	5	3060364708069120	3
segment	1175	((4627 : ℚ) / 4096)	((1157 : ℚ) / 1024)	5	3882286316581908	1
segment	1176	((1157 : ℚ) / 1024)	((2315 : ℚ) / 2048)	6	10489373353179580	3
segment	1177	((2315 : ℚ) / 2048)	((579 : ℚ) / 512)	6	14511008217193256	3
segment	1178	((579 : ℚ) / 512)	((2317 : ℚ) / 2048)	6	18920111584833039	3
segment	1179	((2317 : ℚ) / 2048)	((1159 : ℚ) / 1024)	6	23605621598949534	3
segment	1180	((1159 : ℚ) / 1024)	((145 : ℚ) / 128)	7	61709928848019688	3
segment	1181	((145 : ℚ) / 128)	((1161 : ℚ) / 1024)	7	80313327693072422	3
segment	1182	((1161 : ℚ) / 1024)	((581 : ℚ) / 512)	7	96001498673344379	3
segment	1183	((581 : ℚ) / 512)	((1163 : ℚ) / 1024)	7	106777679610627224	3
segment	1184	((1163 : ℚ) / 1024)	((291 : ℚ) / 256)	7	111344576354407033	3
segment	1185	((291 : ℚ) / 256)	((1165 : ℚ) / 1024)	7	109316931276260549	3
segment	1186	((1165 : ℚ) / 1024)	((583 : ℚ) / 512)	7	101245147300737541	3
segment	1187	((583 : ℚ) / 512)	((1167 : ℚ) / 1024)	7	88456763565155118	3
segment	1188	((1167 : ℚ) / 1024)	((73 : ℚ) / 64)	7	72764111921855854	3
segment	1189	((73 : ℚ) / 64)	((2337 : ℚ) / 2048)	6	30125154304505794	1
segment	1190	((2337 : ℚ) / 2048)	((1169 : ℚ) / 1024)	6	25987535266380686	3
segment	1191	((1169 : ℚ) / 1024)	((2339 : ℚ) / 2048)	6	22001301988623531	3
segment	1192	((2339 : ℚ) / 2048)	((585 : ℚ) / 512)	6	18249006420510750	3
segment	1193	((585 : ℚ) / 512)	((2341 : ℚ) / 2048)	6	14795503763971361	3
segment	1194	((2341 : ℚ) / 2048)	((1171 : ℚ) / 1024)	6	11687120493911826	3
segment	1195	((1171 : ℚ) / 1024)	((2343 : ℚ) / 2048)	6	8951833091043910	3
segment	1196	((2343 : ℚ) / 2048)	((4687 : ℚ) / 4096)	5	3570140864849763	1
segment	1197	((4687 : ℚ) / 4096)	((293 : ℚ) / 256)	5	3030205095228492	3
segment	1198	((293 : ℚ) / 256)	((4689 : ℚ) / 4096)	5	2537380658403953	3
segment	1199	((4689 : ℚ) / 4096)	((2345 : ℚ) / 2048)	5	2090532380416493	3
segment	1200	((2345 : ℚ) / 2048)	((4691 : ℚ) / 4096)	5	1688179104093224	3
segment	1201	((4691 : ℚ) / 4096)	((1173 : ℚ) / 1024)	5	1328538667676447	3
segment	1202	((1173 : ℚ) / 1024)	((4693 : ℚ) / 4096)	5	1009573708497292	3
segment	1203	((4693 : ℚ) / 4096)	((9387 : ℚ) / 8192)	4	397276545720838	3
segment	1204	((9387 : ℚ) / 8192)	((2347 : ℚ) / 2048)	4	331761003434572	3
segment	1205	((2347 : ℚ) / 2048)	((9389 : ℚ) / 8192)	4	270671108494926	3
segment	1206	((9389 : ℚ) / 8192)	((4695 : ℚ) / 4096)	4	213848358386231	3
segment	1207	((4695 : ℚ) / 4096)	((9391 : ℚ) / 8192)	4	161131504926535	3
segment	1208	((9391 : ℚ) / 8192)	((18783 : ℚ) / 16384)	3	62035403417135	1
segment	1209	((18783 : ℚ) / 16384)	((587 : ℚ) / 512)	3	50321793573526	3
segment	1210	((587 : ℚ) / 512)	((18785 : ℚ) / 16384)	3	39075235544991	3
segment	1211	((18785 : ℚ) / 16384)	((9393 : ℚ) / 8192)	3	28285368045147	3
segment	1212	((9393 : ℚ) / 8192)	((18787 : ℚ) / 16384)	3	17941816078407	3
segment	1213	((18787 : ℚ) / 16384)	((37575 : ℚ) / 32768)	2	5228711418957	3
segment	1214	((37575 : ℚ) / 32768)	((4697 : ℚ) / 4096)	2	2805488500194	3
segment	1215	((4697 : ℚ) / 4096)	((75153 : ℚ) / 65536)	1	510583115268	3
segment	1216	((75153 : ℚ) / 65536)	((37577 : ℚ) / 32768)	1	268069286768	3
segment	1217	((37577 : ℚ) / 32768)	((75155 : ℚ) / 65536)	1	0	3
segment	1218	((75155 : ℚ) / 65536)	((18789 : ℚ) / 16384)	1	0	1
segment	1219	((18789 : ℚ) / 16384)	((37579 : ℚ) / 32768)	2	0	3
segment	1220	((37579 : ℚ) / 32768)	((9395 : ℚ) / 8192)	2	0	3
segment	1221	((9395 : ℚ) / 8192)	((18791 : ℚ) / 16384)	3	0	3
segment	1222	((18791 : ℚ) / 16384)	((2349 : ℚ) / 2048)	3	0	3
segment	1223	((2349 : ℚ) / 2048)	((18793 : ℚ) / 16384)	3	0	3
segment	1224	((18793 : ℚ) / 16384)	((9397 : ℚ) / 8192)	3	0	3
segment	1225	((9397 : ℚ) / 8192)	((18795 : ℚ) / 16384)	3	0	3
segment	1226	((18795 : ℚ) / 16384)	((4699 : ℚ) / 4096)	3	0	1
segment	1227	((4699 : ℚ) / 4096)	((9399 : ℚ) / 8192)	4	0	3
segment	1228	((9399 : ℚ) / 8192)	((1175 : ℚ) / 1024)	4	0	3
segment	1229	((1175 : ℚ) / 1024)	((9401 : ℚ) / 8192)	4	0	3
segment	1230	((9401 : ℚ) / 8192)	((4701 : ℚ) / 4096)	4	0	3
segment	1231	((4701 : ℚ) / 4096)	((9403 : ℚ) / 8192)	4	0	3
segment	1232	((9403 : ℚ) / 8192)	((2351 : ℚ) / 2048)	4	0	3
segment	1233	((2351 : ℚ) / 2048)	((9405 : ℚ) / 8192)	4	0	3
segment	1234	((9405 : ℚ) / 8192)	((4703 : ℚ) / 4096)	4	0	3
segment	1235	((4703 : ℚ) / 4096)	((9407 : ℚ) / 8192)	4	0	3
segment	1236	((9407 : ℚ) / 8192)	((147 : ℚ) / 128)	4	0	3
segment	1237	((147 : ℚ) / 128)	((9409 : ℚ) / 8192)	4	0	3
segment	1238	((9409 : ℚ) / 8192)	((4705 : ℚ) / 4096)	4	0	3
segment	1239	((4705 : ℚ) / 4096)	((9411 : ℚ) / 8192)	4	0	3
segment	1240	((9411 : ℚ) / 8192)	((2353 : ℚ) / 2048)	4	0	3
segment	1241	((2353 : ℚ) / 2048)	((9413 : ℚ) / 8192)	4	0	3
segment	1242	((9413 : ℚ) / 8192)	((4707 : ℚ) / 4096)	4	0	3
segment	1243	((4707 : ℚ) / 4096)	((9415 : ℚ) / 8192)	4	0	3
segment	1244	((9415 : ℚ) / 8192)	((1177 : ℚ) / 1024)	4	0	3
segment	1245	((1177 : ℚ) / 1024)	((9417 : ℚ) / 8192)	4	0	3
segment	1246	((9417 : ℚ) / 8192)	((4709 : ℚ) / 4096)	4	0	3
segment	1247	((4709 : ℚ) / 4096)	((9419 : ℚ) / 8192)	4	0	3
segment	1248	((9419 : ℚ) / 8192)	((2355 : ℚ) / 2048)	4	0	3
segment	1249	((2355 : ℚ) / 2048)	((9421 : ℚ) / 8192)	4	0	3
segment	1250	((9421 : ℚ) / 8192)	((4711 : ℚ) / 4096)	4	0	3
segment	1251	((4711 : ℚ) / 4096)	((9423 : ℚ) / 8192)	4	0	3
segment	1252	((9423 : ℚ) / 8192)	((589 : ℚ) / 512)	4	0	3
segment	1253	((589 : ℚ) / 512)	((9425 : ℚ) / 8192)	4	0	3
segment	1254	((9425 : ℚ) / 8192)	((4713 : ℚ) / 4096)	4	0	3
segment	1255	((4713 : ℚ) / 4096)	((9427 : ℚ) / 8192)	4	0	3
segment	1256	((9427 : ℚ) / 8192)	((2357 : ℚ) / 2048)	4	0	3
segment	1257	((2357 : ℚ) / 2048)	((9429 : ℚ) / 8192)	4	0	3
segment	1258	((9429 : ℚ) / 8192)	((4715 : ℚ) / 4096)	4	0	3
segment	1259	((4715 : ℚ) / 4096)	((9431 : ℚ) / 8192)	4	0	3
segment	1260	((9431 : ℚ) / 8192)	((1179 : ℚ) / 1024)	4	0	3
segment	1261	((1179 : ℚ) / 1024)	((9433 : ℚ) / 8192)	4	0	3
segment	1262	((9433 : ℚ) / 8192)	((4717 : ℚ) / 4096)	4	0	3
segment	1263	((4717 : ℚ) / 4096)	((9435 : ℚ) / 8192)	4	0	3
segment	1264	((9435 : ℚ) / 8192)	((2359 : ℚ) / 2048)	4	0	3
segment	1265	((2359 : ℚ) / 2048)	((9437 : ℚ) / 8192)	4	0	3
segment	1266	((9437 : ℚ) / 8192)	((4719 : ℚ) / 4096)	4	0	3
segment	1267	((4719 : ℚ) / 4096)	((9439 : ℚ) / 8192)	4	0	3
segment	1268	((9439 : ℚ) / 8192)	((295 : ℚ) / 256)	4	0	3
segment	1269	((295 : ℚ) / 256)	((9441 : ℚ) / 8192)	4	0	3
segment	1270	((9441 : ℚ) / 8192)	((4721 : ℚ) / 4096)	4	0	3
segment	1271	((4721 : ℚ) / 4096)	((9443 : ℚ) / 8192)	4	0	3
segment	1272	((9443 : ℚ) / 8192)	((2361 : ℚ) / 2048)	4	0	3
segment	1273	((2361 : ℚ) / 2048)	((9445 : ℚ) / 8192)	4	0	3
segment	1274	((9445 : ℚ) / 8192)	((4723 : ℚ) / 4096)	4	0	3
segment	1275	((4723 : ℚ) / 4096)	((9447 : ℚ) / 8192)	4	0	3
segment	1276	((9447 : ℚ) / 8192)	((1181 : ℚ) / 1024)	4	0	3
segment	1277	((1181 : ℚ) / 1024)	((9449 : ℚ) / 8192)	4	0	3
segment	1278	((9449 : ℚ) / 8192)	((4725 : ℚ) / 4096)	4	0	3
segment	1279	((4725 : ℚ) / 4096)	((9451 : ℚ) / 8192)	4	0	3
segment	1280	((9451 : ℚ) / 8192)	((2363 : ℚ) / 2048)	4	0	3
segment	1281	((2363 : ℚ) / 2048)	((9453 : ℚ) / 8192)	4	0	3
segment	1282	((9453 : ℚ) / 8192)	((4727 : ℚ) / 4096)	4	0	3
segment	1283	((4727 : ℚ) / 4096)	((9455 : ℚ) / 8192)	4	0	3
segment	1284	((9455 : ℚ) / 8192)	((591 : ℚ) / 512)	4	0	3
segment	1285	((591 : ℚ) / 512)	((9457 : ℚ) / 8192)	4	0	3
segment	1286	((9457 : ℚ) / 8192)	((4729 : ℚ) / 4096)	4	0	3
segment	1287	((4729 : ℚ) / 4096)	((9459 : ℚ) / 8192)	4	0	3
segment	1288	((9459 : ℚ) / 8192)	((2365 : ℚ) / 2048)	4	0	3
segment	1289	((2365 : ℚ) / 2048)	((9461 : ℚ) / 8192)	4	0	3
segment	1290	((9461 : ℚ) / 8192)	((4731 : ℚ) / 4096)	4	0	3
segment	1291	((4731 : ℚ) / 4096)	((9463 : ℚ) / 8192)	4	0	3
segment	1292	((9463 : ℚ) / 8192)	((1183 : ℚ) / 1024)	4	0	3
segment	1293	((1183 : ℚ) / 1024)	((9465 : ℚ) / 8192)	4	0	3
segment	1294	((9465 : ℚ) / 8192)	((4733 : ℚ) / 4096)	4	0	3
segment	1295	((4733 : ℚ) / 4096)	((9467 : ℚ) / 8192)	4	0	3
segment	1296	((9467 : ℚ) / 8192)	((2367 : ℚ) / 2048)	4	0	3
segment	1297	((2367 : ℚ) / 2048)	((9469 : ℚ) / 8192)	4	0	3
segment	1298	((9469 : ℚ) / 8192)	((4735 : ℚ) / 4096)	4	0	3
segment	1299	((4735 : ℚ) / 4096)	((9471 : ℚ) / 8192)	4	0	3
segment	1300	((9471 : ℚ) / 8192)	((37 : ℚ) / 32)	4	0	3
segment	1301	((37 : ℚ) / 32)	((9473 : ℚ) / 8192)	4	0	3
segment	1302	((9473 : ℚ) / 8192)	((4737 : ℚ) / 4096)	4	0	3
segment	1303	((4737 : ℚ) / 4096)	((9475 : ℚ) / 8192)	4	0	3
segment	1304	((9475 : ℚ) / 8192)	((2369 : ℚ) / 2048)	4	0	3
segment	1305	((2369 : ℚ) / 2048)	((9477 : ℚ) / 8192)	4	0	3
segment	1306	((9477 : ℚ) / 8192)	((4739 : ℚ) / 4096)	4	0	3
segment	1307	((4739 : ℚ) / 4096)	((9479 : ℚ) / 8192)	4	0	3
segment	1308	((9479 : ℚ) / 8192)	((1185 : ℚ) / 1024)	4	0	3
segment	1309	((1185 : ℚ) / 1024)	((9481 : ℚ) / 8192)	4	0	3
segment	1310	((9481 : ℚ) / 8192)	((4741 : ℚ) / 4096)	4	0	3
segment	1311	((4741 : ℚ) / 4096)	((9483 : ℚ) / 8192)	4	0	3
segment	1312	((9483 : ℚ) / 8192)	((2371 : ℚ) / 2048)	4	0	3
segment	1313	((2371 : ℚ) / 2048)	((9485 : ℚ) / 8192)	4	0	3
segment	1314	((9485 : ℚ) / 8192)	((4743 : ℚ) / 4096)	4	0	3
segment	1315	((4743 : ℚ) / 4096)	((9487 : ℚ) / 8192)	4	0	3
segment	1316	((9487 : ℚ) / 8192)	((593 : ℚ) / 512)	4	0	3
segment	1317	((593 : ℚ) / 512)	((9489 : ℚ) / 8192)	4	0	3
segment	1318	((9489 : ℚ) / 8192)	((4745 : ℚ) / 4096)	4	0	3
segment	1319	((4745 : ℚ) / 4096)	((9491 : ℚ) / 8192)	4	0	3
segment	1320	((9491 : ℚ) / 8192)	((2373 : ℚ) / 2048)	4	0	3
segment	1321	((2373 : ℚ) / 2048)	((9493 : ℚ) / 8192)	4	0	3
segment	1322	((9493 : ℚ) / 8192)	((4747 : ℚ) / 4096)	4	0	3
segment	1323	((4747 : ℚ) / 4096)	((9495 : ℚ) / 8192)	4	0	3
segment	1324	((9495 : ℚ) / 8192)	((1187 : ℚ) / 1024)	4	0	3
segment	1325	((1187 : ℚ) / 1024)	((9497 : ℚ) / 8192)	4	0	3
segment	1326	((9497 : ℚ) / 8192)	((4749 : ℚ) / 4096)	4	0	3
segment	1327	((4749 : ℚ) / 4096)	((9499 : ℚ) / 8192)	4	0	3
segment	1328	((9499 : ℚ) / 8192)	((2375 : ℚ) / 2048)	4	0	3
segment	1329	((2375 : ℚ) / 2048)	((9501 : ℚ) / 8192)	4	0	3
segment	1330	((9501 : ℚ) / 8192)	((4751 : ℚ) / 4096)	4	0	3
segment	1331	((4751 : ℚ) / 4096)	((9503 : ℚ) / 8192)	4	0	3
segment	1332	((9503 : ℚ) / 8192)	((297 : ℚ) / 256)	4	0	3
segment	1333	((297 : ℚ) / 256)	((9505 : ℚ) / 8192)	4	0	3
segment	1334	((9505 : ℚ) / 8192)	((4753 : ℚ) / 4096)	4	0	3
segment	1335	((4753 : ℚ) / 4096)	((9507 : ℚ) / 8192)	4	0	3
segment	1336	((9507 : ℚ) / 8192)	((2377 : ℚ) / 2048)	4	0	3
segment	1337	((2377 : ℚ) / 2048)	((9509 : ℚ) / 8192)	4	0	3
segment	1338	((9509 : ℚ) / 8192)	((4755 : ℚ) / 4096)	4	0	3
segment	1339	((4755 : ℚ) / 4096)	((9511 : ℚ) / 8192)	4	0	3
segment	1340	((9511 : ℚ) / 8192)	((1189 : ℚ) / 1024)	4	0	3
segment	1341	((1189 : ℚ) / 1024)	((9513 : ℚ) / 8192)	4	0	3
segment	1342	((9513 : ℚ) / 8192)	((4757 : ℚ) / 4096)	4	0	3
segment	1343	((4757 : ℚ) / 4096)	((9515 : ℚ) / 8192)	4	0	3
segment	1344	((9515 : ℚ) / 8192)	((2379 : ℚ) / 2048)	4	0	3
segment	1345	((2379 : ℚ) / 2048)	((9517 : ℚ) / 8192)	4	0	3
segment	1346	((9517 : ℚ) / 8192)	((4759 : ℚ) / 4096)	4	0	3
segment	1347	((4759 : ℚ) / 4096)	((9519 : ℚ) / 8192)	4	0	3
segment	1348	((9519 : ℚ) / 8192)	((595 : ℚ) / 512)	4	0	3
segment	1349	((595 : ℚ) / 512)	((9521 : ℚ) / 8192)	4	0	3
segment	1350	((9521 : ℚ) / 8192)	((4761 : ℚ) / 4096)	4	0	3
segment	1351	((4761 : ℚ) / 4096)	((9523 : ℚ) / 8192)	4	0	3
segment	1352	((9523 : ℚ) / 8192)	((2381 : ℚ) / 2048)	4	0	3
segment	1353	((2381 : ℚ) / 2048)	((9525 : ℚ) / 8192)	4	0	3
segment	1354	((9525 : ℚ) / 8192)	((4763 : ℚ) / 4096)	4	0	3
segment	1355	((4763 : ℚ) / 4096)	((9527 : ℚ) / 8192)	4	0	3
segment	1356	((9527 : ℚ) / 8192)	((1191 : ℚ) / 1024)	4	0	3
segment	1357	((1191 : ℚ) / 1024)	((9529 : ℚ) / 8192)	4	0	3
segment	1358	((9529 : ℚ) / 8192)	((4765 : ℚ) / 4096)	4	0	3
segment	1359	((4765 : ℚ) / 4096)	((9531 : ℚ) / 8192)	4	0	3
segment	1360	((9531 : ℚ) / 8192)	((2383 : ℚ) / 2048)	4	0	3
segment	1361	((2383 : ℚ) / 2048)	((9533 : ℚ) / 8192)	4	0	3
segment	1362	((9533 : ℚ) / 8192)	((4767 : ℚ) / 4096)	4	0	3
segment	1363	((4767 : ℚ) / 4096)	((9535 : ℚ) / 8192)	4	0	3
segment	1364	((9535 : ℚ) / 8192)	((149 : ℚ) / 128)	4	0	3
segment	1365	((149 : ℚ) / 128)	((9537 : ℚ) / 8192)	4	0	3
segment	1366	((9537 : ℚ) / 8192)	((4769 : ℚ) / 4096)	4	0	3
segment	1367	((4769 : ℚ) / 4096)	((9539 : ℚ) / 8192)	4	0	3
segment	1368	((9539 : ℚ) / 8192)	((2385 : ℚ) / 2048)	4	0	3
segment	1369	((2385 : ℚ) / 2048)	((9541 : ℚ) / 8192)	4	0	3
segment	1370	((9541 : ℚ) / 8192)	((4771 : ℚ) / 4096)	4	0	3
segment	1371	((4771 : ℚ) / 4096)	((9543 : ℚ) / 8192)	4	0	3
segment	1372	((9543 : ℚ) / 8192)	((1193 : ℚ) / 1024)	4	0	3
segment	1373	((1193 : ℚ) / 1024)	((9545 : ℚ) / 8192)	4	0	3
segment	1374	((9545 : ℚ) / 8192)	((4773 : ℚ) / 4096)	4	0	3
segment	1375	((4773 : ℚ) / 4096)	((9547 : ℚ) / 8192)	4	0	3
segment	1376	((9547 : ℚ) / 8192)	((2387 : ℚ) / 2048)	4	0	3
segment	1377	((2387 : ℚ) / 2048)	((9549 : ℚ) / 8192)	4	0	3
segment	1378	((9549 : ℚ) / 8192)	((4775 : ℚ) / 4096)	4	0	3
segment	1379	((4775 : ℚ) / 4096)	((9551 : ℚ) / 8192)	4	0	3
segment	1380	((9551 : ℚ) / 8192)	((597 : ℚ) / 512)	4	0	3
segment	1381	((597 : ℚ) / 512)	((9553 : ℚ) / 8192)	4	0	3
segment	1382	((9553 : ℚ) / 8192)	((4777 : ℚ) / 4096)	4	0	3
segment	1383	((4777 : ℚ) / 4096)	((9555 : ℚ) / 8192)	4	0	3
segment	1384	((9555 : ℚ) / 8192)	((2389 : ℚ) / 2048)	4	0	3
segment	1385	((2389 : ℚ) / 2048)	((9557 : ℚ) / 8192)	4	0	3
segment	1386	((9557 : ℚ) / 8192)	((4779 : ℚ) / 4096)	4	0	3
segment	1387	((4779 : ℚ) / 4096)	((9559 : ℚ) / 8192)	4	0	3
segment	1388	((9559 : ℚ) / 8192)	((1195 : ℚ) / 1024)	4	0	3
segment	1389	((1195 : ℚ) / 1024)	((9561 : ℚ) / 8192)	4	0	3
segment	1390	((9561 : ℚ) / 8192)	((4781 : ℚ) / 4096)	4	0	3
segment	1391	((4781 : ℚ) / 4096)	((9563 : ℚ) / 8192)	4	0	3
segment	1392	((9563 : ℚ) / 8192)	((2391 : ℚ) / 2048)	4	0	3
segment	1393	((2391 : ℚ) / 2048)	((9565 : ℚ) / 8192)	4	0	3
segment	1394	((9565 : ℚ) / 8192)	((4783 : ℚ) / 4096)	4	0	3
segment	1395	((4783 : ℚ) / 4096)	((9567 : ℚ) / 8192)	4	0	3
segment	1396	((9567 : ℚ) / 8192)	((299 : ℚ) / 256)	4	0	3
segment	1397	((299 : ℚ) / 256)	((9569 : ℚ) / 8192)	4	0	3
segment	1398	((9569 : ℚ) / 8192)	((4785 : ℚ) / 4096)	4	0	3
segment	1399	((4785 : ℚ) / 4096)	((9571 : ℚ) / 8192)	4	0	3
segment	1400	((9571 : ℚ) / 8192)	((2393 : ℚ) / 2048)	4	0	3
segment	1401	((2393 : ℚ) / 2048)	((9573 : ℚ) / 8192)	4	0	3
segment	1402	((9573 : ℚ) / 8192)	((4787 : ℚ) / 4096)	4	0	3
segment	1403	((4787 : ℚ) / 4096)	((9575 : ℚ) / 8192)	4	0	3
segment	1404	((9575 : ℚ) / 8192)	((1197 : ℚ) / 1024)	4	0	3
segment	1405	((1197 : ℚ) / 1024)	((9577 : ℚ) / 8192)	4	0	3
segment	1406	((9577 : ℚ) / 8192)	((4789 : ℚ) / 4096)	4	0	3
segment	1407	((4789 : ℚ) / 4096)	((9579 : ℚ) / 8192)	4	0	3
segment	1408	((9579 : ℚ) / 8192)	((2395 : ℚ) / 2048)	4	0	3
segment	1409	((2395 : ℚ) / 2048)	((9581 : ℚ) / 8192)	4	0	3
segment	1410	((9581 : ℚ) / 8192)	((4791 : ℚ) / 4096)	4	0	3
segment	1411	((4791 : ℚ) / 4096)	((9583 : ℚ) / 8192)	4	0	3
segment	1412	((9583 : ℚ) / 8192)	((599 : ℚ) / 512)	4	0	3
segment	1413	((599 : ℚ) / 512)	((9585 : ℚ) / 8192)	4	0	3
segment	1414	((9585 : ℚ) / 8192)	((4793 : ℚ) / 4096)	4	0	3
segment	1415	((4793 : ℚ) / 4096)	((9587 : ℚ) / 8192)	4	0	3
segment	1416	((9587 : ℚ) / 8192)	((2397 : ℚ) / 2048)	4	0	3
segment	1417	((2397 : ℚ) / 2048)	((9589 : ℚ) / 8192)	4	0	3
segment	1418	((9589 : ℚ) / 8192)	((4795 : ℚ) / 4096)	4	0	3
segment	1419	((4795 : ℚ) / 4096)	((9591 : ℚ) / 8192)	4	0	3
segment	1420	((9591 : ℚ) / 8192)	((1199 : ℚ) / 1024)	4	0	3
segment	1421	((1199 : ℚ) / 1024)	((9593 : ℚ) / 8192)	4	0	3
segment	1422	((9593 : ℚ) / 8192)	((4797 : ℚ) / 4096)	4	0	3
segment	1423	((4797 : ℚ) / 4096)	((9595 : ℚ) / 8192)	4	0	3
segment	1424	((9595 : ℚ) / 8192)	((2399 : ℚ) / 2048)	4	0	3
segment	1425	((2399 : ℚ) / 2048)	((9597 : ℚ) / 8192)	4	0	3
segment	1426	((9597 : ℚ) / 8192)	((4799 : ℚ) / 4096)	4	0	3
segment	1427	((4799 : ℚ) / 4096)	((9599 : ℚ) / 8192)	4	0	3
segment	1428	((9599 : ℚ) / 8192)	((75 : ℚ) / 64)	4	0	3
segment	1429	((75 : ℚ) / 64)	((9601 : ℚ) / 8192)	4	0	3
segment	1430	((9601 : ℚ) / 8192)	((4801 : ℚ) / 4096)	4	0	3
segment	1431	((4801 : ℚ) / 4096)	((9603 : ℚ) / 8192)	4	0	3
segment	1432	((9603 : ℚ) / 8192)	((2401 : ℚ) / 2048)	4	0	3
segment	1433	((2401 : ℚ) / 2048)	((9605 : ℚ) / 8192)	4	0	3
segment	1434	((9605 : ℚ) / 8192)	((4803 : ℚ) / 4096)	4	0	3
segment	1435	((4803 : ℚ) / 4096)	((9607 : ℚ) / 8192)	4	0	3
segment	1436	((9607 : ℚ) / 8192)	((1201 : ℚ) / 1024)	4	0	3
segment	1437	((1201 : ℚ) / 1024)	((9609 : ℚ) / 8192)	4	0	3
segment	1438	((9609 : ℚ) / 8192)	((4805 : ℚ) / 4096)	4	0	3
segment	1439	((4805 : ℚ) / 4096)	((9611 : ℚ) / 8192)	4	0	3
segment	1440	((9611 : ℚ) / 8192)	((2403 : ℚ) / 2048)	4	0	3
segment	1441	((2403 : ℚ) / 2048)	((9613 : ℚ) / 8192)	4	0	3
segment	1442	((9613 : ℚ) / 8192)	((4807 : ℚ) / 4096)	4	0	3
segment	1443	((4807 : ℚ) / 4096)	((9615 : ℚ) / 8192)	4	0	3
segment	1444	((9615 : ℚ) / 8192)	((601 : ℚ) / 512)	4	0	3
segment	1445	((601 : ℚ) / 512)	((9617 : ℚ) / 8192)	4	0	3
segment	1446	((9617 : ℚ) / 8192)	((4809 : ℚ) / 4096)	4	0	3
segment	1447	((4809 : ℚ) / 4096)	((9619 : ℚ) / 8192)	4	0	3
segment	1448	((9619 : ℚ) / 8192)	((2405 : ℚ) / 2048)	4	0	3
segment	1449	((2405 : ℚ) / 2048)	((9621 : ℚ) / 8192)	4	0	3
segment	1450	((9621 : ℚ) / 8192)	((4811 : ℚ) / 4096)	4	0	3
segment	1451	((4811 : ℚ) / 4096)	((9623 : ℚ) / 8192)	4	0	3
segment	1452	((9623 : ℚ) / 8192)	((1203 : ℚ) / 1024)	4	0	3
segment	1453	((1203 : ℚ) / 1024)	((9625 : ℚ) / 8192)	4	0	3
segment	1454	((9625 : ℚ) / 8192)	((4813 : ℚ) / 4096)	4	0	3
segment	1455	((4813 : ℚ) / 4096)	((9627 : ℚ) / 8192)	4	0	3
segment	1456	((9627 : ℚ) / 8192)	((2407 : ℚ) / 2048)	4	0	3
segment	1457	((2407 : ℚ) / 2048)	((9629 : ℚ) / 8192)	4	0	3
segment	1458	((9629 : ℚ) / 8192)	((4815 : ℚ) / 4096)	4	0	3
segment	1459	((4815 : ℚ) / 4096)	((9631 : ℚ) / 8192)	4	0	3
segment	1460	((9631 : ℚ) / 8192)	((301 : ℚ) / 256)	4	0	3
segment	1461	((301 : ℚ) / 256)	((9633 : ℚ) / 8192)	4	0	3
segment	1462	((9633 : ℚ) / 8192)	((4817 : ℚ) / 4096)	4	0	3
segment	1463	((4817 : ℚ) / 4096)	((9635 : ℚ) / 8192)	4	0	3
segment	1464	((9635 : ℚ) / 8192)	((2409 : ℚ) / 2048)	4	0	3
segment	1465	((2409 : ℚ) / 2048)	((9637 : ℚ) / 8192)	4	0	3
segment	1466	((9637 : ℚ) / 8192)	((4819 : ℚ) / 4096)	4	0	3
segment	1467	((4819 : ℚ) / 4096)	((9639 : ℚ) / 8192)	4	0	3
segment	1468	((9639 : ℚ) / 8192)	((1205 : ℚ) / 1024)	4	0	3
segment	1469	((1205 : ℚ) / 1024)	((9641 : ℚ) / 8192)	4	0	3
segment	1470	((9641 : ℚ) / 8192)	((4821 : ℚ) / 4096)	4	0	3
segment	1471	((4821 : ℚ) / 4096)	((9643 : ℚ) / 8192)	4	0	3
segment	1472	((9643 : ℚ) / 8192)	((2411 : ℚ) / 2048)	4	0	3
segment	1473	((2411 : ℚ) / 2048)	((9645 : ℚ) / 8192)	4	0	3
segment	1474	((9645 : ℚ) / 8192)	((4823 : ℚ) / 4096)	4	0	3
segment	1475	((4823 : ℚ) / 4096)	((9647 : ℚ) / 8192)	4	0	3
segment	1476	((9647 : ℚ) / 8192)	((603 : ℚ) / 512)	4	0	3
segment	1477	((603 : ℚ) / 512)	((9649 : ℚ) / 8192)	4	0	3
segment	1478	((9649 : ℚ) / 8192)	((4825 : ℚ) / 4096)	4	0	3
segment	1479	((4825 : ℚ) / 4096)	((9651 : ℚ) / 8192)	4	0	3
segment	1480	((9651 : ℚ) / 8192)	((2413 : ℚ) / 2048)	4	0	3
segment	1481	((2413 : ℚ) / 2048)	((9653 : ℚ) / 8192)	4	0	3
segment	1482	((9653 : ℚ) / 8192)	((4827 : ℚ) / 4096)	4	0	3
segment	1483	((4827 : ℚ) / 4096)	((9655 : ℚ) / 8192)	4	0	3
segment	1484	((9655 : ℚ) / 8192)	((1207 : ℚ) / 1024)	4	0	3
segment	1485	((1207 : ℚ) / 1024)	((9657 : ℚ) / 8192)	4	0	3
segment	1486	((9657 : ℚ) / 8192)	((4829 : ℚ) / 4096)	4	0	3
segment	1487	((4829 : ℚ) / 4096)	((9659 : ℚ) / 8192)	4	0	3
segment	1488	((9659 : ℚ) / 8192)	((2415 : ℚ) / 2048)	4	0	3
segment	1489	((2415 : ℚ) / 2048)	((9661 : ℚ) / 8192)	4	0	3
segment	1490	((9661 : ℚ) / 8192)	((4831 : ℚ) / 4096)	4	0	3
segment	1491	((4831 : ℚ) / 4096)	((9663 : ℚ) / 8192)	4	0	3
segment	1492	((9663 : ℚ) / 8192)	((151 : ℚ) / 128)	4	0	3
segment	1493	((151 : ℚ) / 128)	((9665 : ℚ) / 8192)	4	0	3
segment	1494	((9665 : ℚ) / 8192)	((4833 : ℚ) / 4096)	4	0	3
segment	1495	((4833 : ℚ) / 4096)	((9667 : ℚ) / 8192)	4	0	3
segment	1496	((9667 : ℚ) / 8192)	((2417 : ℚ) / 2048)	4	0	3
segment	1497	((2417 : ℚ) / 2048)	((9669 : ℚ) / 8192)	4	0	3
segment	1498	((9669 : ℚ) / 8192)	((4835 : ℚ) / 4096)	4	0	3
segment	1499	((4835 : ℚ) / 4096)	((9671 : ℚ) / 8192)	4	0	3
segment	1500	((9671 : ℚ) / 8192)	((1209 : ℚ) / 1024)	4	0	3
segment	1501	((1209 : ℚ) / 1024)	((9673 : ℚ) / 8192)	4	0	3
segment	1502	((9673 : ℚ) / 8192)	((4837 : ℚ) / 4096)	4	0	3
segment	1503	((4837 : ℚ) / 4096)	((9675 : ℚ) / 8192)	4	0	3
segment	1504	((9675 : ℚ) / 8192)	((2419 : ℚ) / 2048)	4	0	3
segment	1505	((2419 : ℚ) / 2048)	((9677 : ℚ) / 8192)	4	0	3
segment	1506	((9677 : ℚ) / 8192)	((4839 : ℚ) / 4096)	4	0	3
segment	1507	((4839 : ℚ) / 4096)	((9679 : ℚ) / 8192)	4	0	3
segment	1508	((9679 : ℚ) / 8192)	((605 : ℚ) / 512)	4	0	3
segment	1509	((605 : ℚ) / 512)	((9681 : ℚ) / 8192)	4	0	3
segment	1510	((9681 : ℚ) / 8192)	((4841 : ℚ) / 4096)	4	0	3
segment	1511	((4841 : ℚ) / 4096)	((9683 : ℚ) / 8192)	4	0	3
segment	1512	((9683 : ℚ) / 8192)	((2421 : ℚ) / 2048)	4	0	3
segment	1513	((2421 : ℚ) / 2048)	((9685 : ℚ) / 8192)	4	0	3
segment	1514	((9685 : ℚ) / 8192)	((4843 : ℚ) / 4096)	4	0	3
segment	1515	((4843 : ℚ) / 4096)	((9687 : ℚ) / 8192)	4	0	3
segment	1516	((9687 : ℚ) / 8192)	((1211 : ℚ) / 1024)	4	0	3
segment	1517	((1211 : ℚ) / 1024)	((9689 : ℚ) / 8192)	4	0	3
segment	1518	((9689 : ℚ) / 8192)	((4845 : ℚ) / 4096)	4	0	3
segment	1519	((4845 : ℚ) / 4096)	((9691 : ℚ) / 8192)	4	0	3
segment	1520	((9691 : ℚ) / 8192)	((2423 : ℚ) / 2048)	4	0	3
segment	1521	((2423 : ℚ) / 2048)	((9693 : ℚ) / 8192)	4	0	3
segment	1522	((9693 : ℚ) / 8192)	((4847 : ℚ) / 4096)	4	0	3
segment	1523	((4847 : ℚ) / 4096)	((9695 : ℚ) / 8192)	4	0	3
segment	1524	((9695 : ℚ) / 8192)	((303 : ℚ) / 256)	4	0	3
segment	1525	((303 : ℚ) / 256)	((9697 : ℚ) / 8192)	4	0	3
segment	1526	((9697 : ℚ) / 8192)	((4849 : ℚ) / 4096)	4	0	3
segment	1527	((4849 : ℚ) / 4096)	((9699 : ℚ) / 8192)	4	0	3
segment	1528	((9699 : ℚ) / 8192)	((2425 : ℚ) / 2048)	4	0	3
segment	1529	((2425 : ℚ) / 2048)	((9701 : ℚ) / 8192)	4	0	3
segment	1530	((9701 : ℚ) / 8192)	((4851 : ℚ) / 4096)	4	0	3
segment	1531	((4851 : ℚ) / 4096)	((9703 : ℚ) / 8192)	4	0	3
segment	1532	((9703 : ℚ) / 8192)	((1213 : ℚ) / 1024)	4	0	3
segment	1533	((1213 : ℚ) / 1024)	((9705 : ℚ) / 8192)	4	0	3
segment	1534	((9705 : ℚ) / 8192)	((4853 : ℚ) / 4096)	4	0	3
segment	1535	((4853 : ℚ) / 4096)	((9707 : ℚ) / 8192)	4	0	3
segment	1536	((9707 : ℚ) / 8192)	((2427 : ℚ) / 2048)	4	0	3
segment	1537	((2427 : ℚ) / 2048)	((9709 : ℚ) / 8192)	4	0	3
segment	1538	((9709 : ℚ) / 8192)	((4855 : ℚ) / 4096)	4	0	3
segment	1539	((4855 : ℚ) / 4096)	((9711 : ℚ) / 8192)	4	0	3
segment	1540	((9711 : ℚ) / 8192)	((607 : ℚ) / 512)	4	0	3
segment	1541	((607 : ℚ) / 512)	((9713 : ℚ) / 8192)	4	0	3
segment	1542	((9713 : ℚ) / 8192)	((4857 : ℚ) / 4096)	4	0	3
segment	1543	((4857 : ℚ) / 4096)	((9715 : ℚ) / 8192)	4	0	3
segment	1544	((9715 : ℚ) / 8192)	((2429 : ℚ) / 2048)	4	0	3
segment	1545	((2429 : ℚ) / 2048)	((9717 : ℚ) / 8192)	4	0	3
segment	1546	((9717 : ℚ) / 8192)	((4859 : ℚ) / 4096)	4	0	3
segment	1547	((4859 : ℚ) / 4096)	((9719 : ℚ) / 8192)	4	0	3
segment	1548	((9719 : ℚ) / 8192)	((1215 : ℚ) / 1024)	4	0	3
segment	1549	((1215 : ℚ) / 1024)	((9721 : ℚ) / 8192)	4	0	3
segment	1550	((9721 : ℚ) / 8192)	((4861 : ℚ) / 4096)	4	0	3
segment	1551	((4861 : ℚ) / 4096)	((9723 : ℚ) / 8192)	4	0	3
segment	1552	((9723 : ℚ) / 8192)	((2431 : ℚ) / 2048)	4	0	3
segment	1553	((2431 : ℚ) / 2048)	((9725 : ℚ) / 8192)	4	0	3
segment	1554	((9725 : ℚ) / 8192)	((4863 : ℚ) / 4096)	4	0	3
segment	1555	((4863 : ℚ) / 4096)	((9727 : ℚ) / 8192)	4	0	3
segment	1556	((9727 : ℚ) / 8192)	((19 : ℚ) / 16)	4	0	3
segment	1557	((19 : ℚ) / 16)	((9729 : ℚ) / 8192)	4	0	3
segment	1558	((9729 : ℚ) / 8192)	((4865 : ℚ) / 4096)	4	0	3
segment	1559	((4865 : ℚ) / 4096)	((9731 : ℚ) / 8192)	4	0	3
segment	1560	((9731 : ℚ) / 8192)	((2433 : ℚ) / 2048)	4	0	3
segment	1561	((2433 : ℚ) / 2048)	((9733 : ℚ) / 8192)	4	0	3
segment	1562	((9733 : ℚ) / 8192)	((4867 : ℚ) / 4096)	4	0	3
segment	1563	((4867 : ℚ) / 4096)	((9735 : ℚ) / 8192)	4	0	3
segment	1564	((9735 : ℚ) / 8192)	((1217 : ℚ) / 1024)	4	0	3
segment	1565	((1217 : ℚ) / 1024)	((9737 : ℚ) / 8192)	4	0	3
segment	1566	((9737 : ℚ) / 8192)	((4869 : ℚ) / 4096)	4	0	3
segment	1567	((4869 : ℚ) / 4096)	((9739 : ℚ) / 8192)	4	0	3
segment	1568	((9739 : ℚ) / 8192)	((2435 : ℚ) / 2048)	4	0	3
segment	1569	((2435 : ℚ) / 2048)	((9741 : ℚ) / 8192)	4	0	3
segment	1570	((9741 : ℚ) / 8192)	((4871 : ℚ) / 4096)	4	0	3
segment	1571	((4871 : ℚ) / 4096)	((9743 : ℚ) / 8192)	4	0	3
segment	1572	((9743 : ℚ) / 8192)	((609 : ℚ) / 512)	4	0	3
segment	1573	((609 : ℚ) / 512)	((9745 : ℚ) / 8192)	4	0	3
segment	1574	((9745 : ℚ) / 8192)	((4873 : ℚ) / 4096)	4	0	3
segment	1575	((4873 : ℚ) / 4096)	((9747 : ℚ) / 8192)	4	0	3
segment	1576	((9747 : ℚ) / 8192)	((2437 : ℚ) / 2048)	4	0	3
segment	1577	((2437 : ℚ) / 2048)	((9749 : ℚ) / 8192)	4	0	3
segment	1578	((9749 : ℚ) / 8192)	((4875 : ℚ) / 4096)	4	0	3
segment	1579	((4875 : ℚ) / 4096)	((9751 : ℚ) / 8192)	4	0	3
segment	1580	((9751 : ℚ) / 8192)	((1219 : ℚ) / 1024)	4	0	3
segment	1581	((1219 : ℚ) / 1024)	((9753 : ℚ) / 8192)	4	0	3
segment	1582	((9753 : ℚ) / 8192)	((4877 : ℚ) / 4096)	4	0	3
segment	1583	((4877 : ℚ) / 4096)	((9755 : ℚ) / 8192)	4	0	3
segment	1584	((9755 : ℚ) / 8192)	((2439 : ℚ) / 2048)	4	0	3
segment	1585	((2439 : ℚ) / 2048)	((9757 : ℚ) / 8192)	4	0	3
segment	1586	((9757 : ℚ) / 8192)	((4879 : ℚ) / 4096)	4	0	3
segment	1587	((4879 : ℚ) / 4096)	((9759 : ℚ) / 8192)	4	0	3
segment	1588	((9759 : ℚ) / 8192)	((305 : ℚ) / 256)	4	0	3
segment	1589	((305 : ℚ) / 256)	((9761 : ℚ) / 8192)	4	0	3
segment	1590	((9761 : ℚ) / 8192)	((4881 : ℚ) / 4096)	4	0	3
segment	1591	((4881 : ℚ) / 4096)	((9763 : ℚ) / 8192)	4	0	3
segment	1592	((9763 : ℚ) / 8192)	((2441 : ℚ) / 2048)	4	0	3
segment	1593	((2441 : ℚ) / 2048)	((9765 : ℚ) / 8192)	4	0	3
segment	1594	((9765 : ℚ) / 8192)	((4883 : ℚ) / 4096)	4	0	3
segment	1595	((4883 : ℚ) / 4096)	((9767 : ℚ) / 8192)	4	0	3
segment	1596	((9767 : ℚ) / 8192)	((1221 : ℚ) / 1024)	4	0	3
segment	1597	((1221 : ℚ) / 1024)	((9769 : ℚ) / 8192)	4	0	3
segment	1598	((9769 : ℚ) / 8192)	((4885 : ℚ) / 4096)	4	0	3
segment	1599	((4885 : ℚ) / 4096)	((9771 : ℚ) / 8192)	4	0	3
segment	1600	((9771 : ℚ) / 8192)	((2443 : ℚ) / 2048)	4	0	3
segment	1601	((2443 : ℚ) / 2048)	((9773 : ℚ) / 8192)	4	0	3
segment	1602	((9773 : ℚ) / 8192)	((4887 : ℚ) / 4096)	4	0	3
segment	1603	((4887 : ℚ) / 4096)	((9775 : ℚ) / 8192)	4	0	3
segment	1604	((9775 : ℚ) / 8192)	((611 : ℚ) / 512)	4	0	3
segment	1605	((611 : ℚ) / 512)	((9777 : ℚ) / 8192)	4	0	3
segment	1606	((9777 : ℚ) / 8192)	((4889 : ℚ) / 4096)	4	0	3
segment	1607	((4889 : ℚ) / 4096)	((9779 : ℚ) / 8192)	4	0	3
segment	1608	((9779 : ℚ) / 8192)	((2445 : ℚ) / 2048)	4	0	3
segment	1609	((2445 : ℚ) / 2048)	((9781 : ℚ) / 8192)	4	0	3
segment	1610	((9781 : ℚ) / 8192)	((4891 : ℚ) / 4096)	4	0	3
segment	1611	((4891 : ℚ) / 4096)	((9783 : ℚ) / 8192)	4	0	3
segment	1612	((9783 : ℚ) / 8192)	((1223 : ℚ) / 1024)	4	0	3
segment	1613	((1223 : ℚ) / 1024)	((9785 : ℚ) / 8192)	4	0	3
segment	1614	((9785 : ℚ) / 8192)	((4893 : ℚ) / 4096)	4	0	3
segment	1615	((4893 : ℚ) / 4096)	((9787 : ℚ) / 8192)	4	0	3
segment	1616	((9787 : ℚ) / 8192)	((2447 : ℚ) / 2048)	4	0	3
segment	1617	((2447 : ℚ) / 2048)	((9789 : ℚ) / 8192)	4	0	3
segment	1618	((9789 : ℚ) / 8192)	((4895 : ℚ) / 4096)	4	0	3
segment	1619	((4895 : ℚ) / 4096)	((9791 : ℚ) / 8192)	4	0	3
segment	1620	((9791 : ℚ) / 8192)	((153 : ℚ) / 128)	4	0	3
segment	1621	((153 : ℚ) / 128)	((9793 : ℚ) / 8192)	4	0	3
segment	1622	((9793 : ℚ) / 8192)	((4897 : ℚ) / 4096)	4	0	3
segment	1623	((4897 : ℚ) / 4096)	((9795 : ℚ) / 8192)	4	0	3
segment	1624	((9795 : ℚ) / 8192)	((2449 : ℚ) / 2048)	4	0	3
segment	1625	((2449 : ℚ) / 2048)	((9797 : ℚ) / 8192)	4	0	3
segment	1626	((9797 : ℚ) / 8192)	((4899 : ℚ) / 4096)	4	0	3
segment	1627	((4899 : ℚ) / 4096)	((9799 : ℚ) / 8192)	4	0	3
segment	1628	((9799 : ℚ) / 8192)	((1225 : ℚ) / 1024)	4	0	3
segment	1629	((1225 : ℚ) / 1024)	((9801 : ℚ) / 8192)	4	0	3
segment	1630	((9801 : ℚ) / 8192)	((4901 : ℚ) / 4096)	4	0	3
segment	1631	((4901 : ℚ) / 4096)	((9803 : ℚ) / 8192)	4	0	3
segment	1632	((9803 : ℚ) / 8192)	((2451 : ℚ) / 2048)	4	0	3
segment	1633	((2451 : ℚ) / 2048)	((9805 : ℚ) / 8192)	4	0	3
segment	1634	((9805 : ℚ) / 8192)	((4903 : ℚ) / 4096)	4	0	3
segment	1635	((4903 : ℚ) / 4096)	((9807 : ℚ) / 8192)	4	0	3
segment	1636	((9807 : ℚ) / 8192)	((613 : ℚ) / 512)	4	0	3
segment	1637	((613 : ℚ) / 512)	((9809 : ℚ) / 8192)	4	0	3
segment	1638	((9809 : ℚ) / 8192)	((4905 : ℚ) / 4096)	4	0	3
segment	1639	((4905 : ℚ) / 4096)	((9811 : ℚ) / 8192)	4	0	3
segment	1640	((9811 : ℚ) / 8192)	((2453 : ℚ) / 2048)	4	0	3
segment	1641	((2453 : ℚ) / 2048)	((9813 : ℚ) / 8192)	4	0	3
segment	1642	((9813 : ℚ) / 8192)	((4907 : ℚ) / 4096)	4	0	3
segment	1643	((4907 : ℚ) / 4096)	((9815 : ℚ) / 8192)	4	0	3
segment	1644	((9815 : ℚ) / 8192)	((1227 : ℚ) / 1024)	4	0	3
segment	1645	((1227 : ℚ) / 1024)	((9817 : ℚ) / 8192)	4	0	3
segment	1646	((9817 : ℚ) / 8192)	((4909 : ℚ) / 4096)	4	0	3
segment	1647	((4909 : ℚ) / 4096)	((9819 : ℚ) / 8192)	4	0	3
segment	1648	((9819 : ℚ) / 8192)	((2455 : ℚ) / 2048)	4	0	3
segment	1649	((2455 : ℚ) / 2048)	((9821 : ℚ) / 8192)	4	0	3
segment	1650	((9821 : ℚ) / 8192)	((4911 : ℚ) / 4096)	4	0	3
segment	1651	((4911 : ℚ) / 4096)	((9823 : ℚ) / 8192)	4	0	3
segment	1652	((9823 : ℚ) / 8192)	((307 : ℚ) / 256)	4	0	3
segment	1653	((307 : ℚ) / 256)	((9825 : ℚ) / 8192)	4	0	3
segment	1654	((9825 : ℚ) / 8192)	((4913 : ℚ) / 4096)	4	0	3
segment	1655	((4913 : ℚ) / 4096)	((9827 : ℚ) / 8192)	4	0	3
segment	1656	((9827 : ℚ) / 8192)	((2457 : ℚ) / 2048)	4	0	3
segment	1657	((2457 : ℚ) / 2048)	((9829 : ℚ) / 8192)	4	0	3
segment	1658	((9829 : ℚ) / 8192)	((4915 : ℚ) / 4096)	4	0	3
segment	1659	((4915 : ℚ) / 4096)	((9831 : ℚ) / 8192)	4	0	3
segment	1660	((9831 : ℚ) / 8192)	((1229 : ℚ) / 1024)	4	0	3
segment	1661	((1229 : ℚ) / 1024)	((9833 : ℚ) / 8192)	4	0	3
segment	1662	((9833 : ℚ) / 8192)	((4917 : ℚ) / 4096)	4	0	3
segment	1663	((4917 : ℚ) / 4096)	((9835 : ℚ) / 8192)	4	0	3
segment	1664	((9835 : ℚ) / 8192)	((2459 : ℚ) / 2048)	4	0	3
segment	1665	((2459 : ℚ) / 2048)	((9837 : ℚ) / 8192)	4	0	3
segment	1666	((9837 : ℚ) / 8192)	((4919 : ℚ) / 4096)	4	0	3
segment	1667	((4919 : ℚ) / 4096)	((9839 : ℚ) / 8192)	4	0	3
segment	1668	((9839 : ℚ) / 8192)	((615 : ℚ) / 512)	4	0	3
segment	1669	((615 : ℚ) / 512)	((9841 : ℚ) / 8192)	4	0	3
segment	1670	((9841 : ℚ) / 8192)	((4921 : ℚ) / 4096)	4	0	3
segment	1671	((4921 : ℚ) / 4096)	((9843 : ℚ) / 8192)	4	0	3
segment	1672	((9843 : ℚ) / 8192)	((2461 : ℚ) / 2048)	4	0	3
segment	1673	((2461 : ℚ) / 2048)	((9845 : ℚ) / 8192)	4	0	3
segment	1674	((9845 : ℚ) / 8192)	((4923 : ℚ) / 4096)	4	0	3
segment	1675	((4923 : ℚ) / 4096)	((9847 : ℚ) / 8192)	4	0	3
segment	1676	((9847 : ℚ) / 8192)	((1231 : ℚ) / 1024)	4	0	3
segment	1677	((1231 : ℚ) / 1024)	((9849 : ℚ) / 8192)	4	0	3
segment	1678	((9849 : ℚ) / 8192)	((4925 : ℚ) / 4096)	4	0	3
segment	1679	((4925 : ℚ) / 4096)	((9851 : ℚ) / 8192)	4	0	3
segment	1680	((9851 : ℚ) / 8192)	((2463 : ℚ) / 2048)	4	0	3
segment	1681	((2463 : ℚ) / 2048)	((9853 : ℚ) / 8192)	4	0	3
segment	1682	((9853 : ℚ) / 8192)	((4927 : ℚ) / 4096)	4	0	3
segment	1683	((4927 : ℚ) / 4096)	((9855 : ℚ) / 8192)	4	0	3
segment	1684	((9855 : ℚ) / 8192)	((77 : ℚ) / 64)	4	0	3
segment	1685	((77 : ℚ) / 64)	((9857 : ℚ) / 8192)	4	0	3
segment	1686	((9857 : ℚ) / 8192)	((4929 : ℚ) / 4096)	4	0	3
segment	1687	((4929 : ℚ) / 4096)	((9859 : ℚ) / 8192)	4	0	3
segment	1688	((9859 : ℚ) / 8192)	((2465 : ℚ) / 2048)	4	0	3
segment	1689	((2465 : ℚ) / 2048)	((9861 : ℚ) / 8192)	4	0	3
segment	1690	((9861 : ℚ) / 8192)	((4931 : ℚ) / 4096)	4	0	3
segment	1691	((4931 : ℚ) / 4096)	((9863 : ℚ) / 8192)	4	0	3
segment	1692	((9863 : ℚ) / 8192)	((1233 : ℚ) / 1024)	4	0	3
segment	1693	((1233 : ℚ) / 1024)	((9865 : ℚ) / 8192)	4	0	3
segment	1694	((9865 : ℚ) / 8192)	((4933 : ℚ) / 4096)	4	0	3
segment	1695	((4933 : ℚ) / 4096)	((9867 : ℚ) / 8192)	4	0	3
segment	1696	((9867 : ℚ) / 8192)	((2467 : ℚ) / 2048)	4	0	3
segment	1697	((2467 : ℚ) / 2048)	((9869 : ℚ) / 8192)	4	0	3
segment	1698	((9869 : ℚ) / 8192)	((4935 : ℚ) / 4096)	4	0	3
segment	1699	((4935 : ℚ) / 4096)	((9871 : ℚ) / 8192)	4	0	3
segment	1700	((9871 : ℚ) / 8192)	((617 : ℚ) / 512)	4	0	3
segment	1701	((617 : ℚ) / 512)	((9873 : ℚ) / 8192)	4	0	3
segment	1702	((9873 : ℚ) / 8192)	((4937 : ℚ) / 4096)	4	0	3
segment	1703	((4937 : ℚ) / 4096)	((9875 : ℚ) / 8192)	4	0	3
segment	1704	((9875 : ℚ) / 8192)	((2469 : ℚ) / 2048)	4	0	3
segment	1705	((2469 : ℚ) / 2048)	((9877 : ℚ) / 8192)	4	0	3
segment	1706	((9877 : ℚ) / 8192)	((4939 : ℚ) / 4096)	4	0	3
segment	1707	((4939 : ℚ) / 4096)	((9879 : ℚ) / 8192)	4	0	3
segment	1708	((9879 : ℚ) / 8192)	((1235 : ℚ) / 1024)	4	0	3
segment	1709	((1235 : ℚ) / 1024)	((9881 : ℚ) / 8192)	4	0	3
segment	1710	((9881 : ℚ) / 8192)	((4941 : ℚ) / 4096)	4	0	3
segment	1711	((4941 : ℚ) / 4096)	((9883 : ℚ) / 8192)	4	0	3
segment	1712	((9883 : ℚ) / 8192)	((2471 : ℚ) / 2048)	4	0	3
segment	1713	((2471 : ℚ) / 2048)	((9885 : ℚ) / 8192)	4	0	3
segment	1714	((9885 : ℚ) / 8192)	((4943 : ℚ) / 4096)	4	0	3
segment	1715	((4943 : ℚ) / 4096)	((9887 : ℚ) / 8192)	4	0	3
segment	1716	((9887 : ℚ) / 8192)	((309 : ℚ) / 256)	4	0	3
segment	1717	((309 : ℚ) / 256)	((9889 : ℚ) / 8192)	4	0	3
segment	1718	((9889 : ℚ) / 8192)	((4945 : ℚ) / 4096)	4	0	3
segment	1719	((4945 : ℚ) / 4096)	((9891 : ℚ) / 8192)	4	0	3
segment	1720	((9891 : ℚ) / 8192)	((2473 : ℚ) / 2048)	4	0	3
segment	1721	((2473 : ℚ) / 2048)	((9893 : ℚ) / 8192)	4	0	3
segment	1722	((9893 : ℚ) / 8192)	((4947 : ℚ) / 4096)	4	0	3
segment	1723	((4947 : ℚ) / 4096)	((9895 : ℚ) / 8192)	4	0	3
segment	1724	((9895 : ℚ) / 8192)	((1237 : ℚ) / 1024)	4	0	3
segment	1725	((1237 : ℚ) / 1024)	((9897 : ℚ) / 8192)	4	0	3
segment	1726	((9897 : ℚ) / 8192)	((4949 : ℚ) / 4096)	4	0	3
segment	1727	((4949 : ℚ) / 4096)	((9899 : ℚ) / 8192)	4	0	3
segment	1728	((9899 : ℚ) / 8192)	((2475 : ℚ) / 2048)	4	0	3
segment	1729	((2475 : ℚ) / 2048)	((9901 : ℚ) / 8192)	4	0	3
segment	1730	((9901 : ℚ) / 8192)	((4951 : ℚ) / 4096)	4	0	3
segment	1731	((4951 : ℚ) / 4096)	((9903 : ℚ) / 8192)	4	0	3
segment	1732	((9903 : ℚ) / 8192)	((619 : ℚ) / 512)	4	0	3
segment	1733	((619 : ℚ) / 512)	((9905 : ℚ) / 8192)	4	0	3
segment	1734	((9905 : ℚ) / 8192)	((4953 : ℚ) / 4096)	4	0	3
segment	1735	((4953 : ℚ) / 4096)	((9907 : ℚ) / 8192)	4	0	3
segment	1736	((9907 : ℚ) / 8192)	((2477 : ℚ) / 2048)	4	0	3
segment	1737	((2477 : ℚ) / 2048)	((9909 : ℚ) / 8192)	4	0	3
segment	1738	((9909 : ℚ) / 8192)	((4955 : ℚ) / 4096)	4	0	3
segment	1739	((4955 : ℚ) / 4096)	((9911 : ℚ) / 8192)	4	0	3
segment	1740	((9911 : ℚ) / 8192)	((1239 : ℚ) / 1024)	4	0	3
segment	1741	((1239 : ℚ) / 1024)	((9913 : ℚ) / 8192)	4	0	3
segment	1742	((9913 : ℚ) / 8192)	((4957 : ℚ) / 4096)	4	0	3
segment	1743	((4957 : ℚ) / 4096)	((9915 : ℚ) / 8192)	4	0	3
segment	1744	((9915 : ℚ) / 8192)	((2479 : ℚ) / 2048)	4	0	3
segment	1745	((2479 : ℚ) / 2048)	((9917 : ℚ) / 8192)	4	0	3
segment	1746	((9917 : ℚ) / 8192)	((4959 : ℚ) / 4096)	4	0	3
segment	1747	((4959 : ℚ) / 4096)	((9919 : ℚ) / 8192)	4	0	3
segment	1748	((9919 : ℚ) / 8192)	((155 : ℚ) / 128)	4	0	3
segment	1749	((155 : ℚ) / 128)	((9921 : ℚ) / 8192)	4	0	3
segment	1750	((9921 : ℚ) / 8192)	((4961 : ℚ) / 4096)	4	0	3
segment	1751	((4961 : ℚ) / 4096)	((9923 : ℚ) / 8192)	4	0	3
segment	1752	((9923 : ℚ) / 8192)	((2481 : ℚ) / 2048)	4	0	3
segment	1753	((2481 : ℚ) / 2048)	((9925 : ℚ) / 8192)	4	0	3
segment	1754	((9925 : ℚ) / 8192)	((4963 : ℚ) / 4096)	4	0	3
segment	1755	((4963 : ℚ) / 4096)	((9927 : ℚ) / 8192)	4	0	3
segment	1756	((9927 : ℚ) / 8192)	((1241 : ℚ) / 1024)	4	0	3
segment	1757	((1241 : ℚ) / 1024)	((9929 : ℚ) / 8192)	4	0	3
segment	1758	((9929 : ℚ) / 8192)	((4965 : ℚ) / 4096)	4	0	3
segment	1759	((4965 : ℚ) / 4096)	((9931 : ℚ) / 8192)	4	0	3
segment	1760	((9931 : ℚ) / 8192)	((2483 : ℚ) / 2048)	4	0	3
segment	1761	((2483 : ℚ) / 2048)	((9933 : ℚ) / 8192)	4	0	3
segment	1762	((9933 : ℚ) / 8192)	((4967 : ℚ) / 4096)	4	0	3
segment	1763	((4967 : ℚ) / 4096)	((9935 : ℚ) / 8192)	4	0	3
segment	1764	((9935 : ℚ) / 8192)	((621 : ℚ) / 512)	4	0	3
segment	1765	((621 : ℚ) / 512)	((9937 : ℚ) / 8192)	4	0	3
segment	1766	((9937 : ℚ) / 8192)	((4969 : ℚ) / 4096)	4	0	3
segment	1767	((4969 : ℚ) / 4096)	((9939 : ℚ) / 8192)	4	0	3
segment	1768	((9939 : ℚ) / 8192)	((2485 : ℚ) / 2048)	4	0	3
segment	1769	((2485 : ℚ) / 2048)	((9941 : ℚ) / 8192)	4	0	3
segment	1770	((9941 : ℚ) / 8192)	((4971 : ℚ) / 4096)	4	0	3
segment	1771	((4971 : ℚ) / 4096)	((9943 : ℚ) / 8192)	4	0	3
segment	1772	((9943 : ℚ) / 8192)	((1243 : ℚ) / 1024)	4	0	3
segment	1773	((1243 : ℚ) / 1024)	((9945 : ℚ) / 8192)	4	0	3
segment	1774	((9945 : ℚ) / 8192)	((4973 : ℚ) / 4096)	4	0	3
segment	1775	((4973 : ℚ) / 4096)	((9947 : ℚ) / 8192)	4	0	3
segment	1776	((9947 : ℚ) / 8192)	((2487 : ℚ) / 2048)	4	0	3
segment	1777	((2487 : ℚ) / 2048)	((9949 : ℚ) / 8192)	4	0	3
segment	1778	((9949 : ℚ) / 8192)	((4975 : ℚ) / 4096)	4	0	3
segment	1779	((4975 : ℚ) / 4096)	((9951 : ℚ) / 8192)	4	0	3
segment	1780	((9951 : ℚ) / 8192)	((311 : ℚ) / 256)	4	0	3
segment	1781	((311 : ℚ) / 256)	((9953 : ℚ) / 8192)	4	0	3
segment	1782	((9953 : ℚ) / 8192)	((4977 : ℚ) / 4096)	4	0	3
segment	1783	((4977 : ℚ) / 4096)	((9955 : ℚ) / 8192)	4	0	3
segment	1784	((9955 : ℚ) / 8192)	((2489 : ℚ) / 2048)	4	0	3
segment	1785	((2489 : ℚ) / 2048)	((9957 : ℚ) / 8192)	4	0	3
segment	1786	((9957 : ℚ) / 8192)	((4979 : ℚ) / 4096)	4	0	3
segment	1787	((4979 : ℚ) / 4096)	((9959 : ℚ) / 8192)	4	0	3
segment	1788	((9959 : ℚ) / 8192)	((1245 : ℚ) / 1024)	4	0	3
segment	1789	((1245 : ℚ) / 1024)	((9961 : ℚ) / 8192)	4	0	3
segment	1790	((9961 : ℚ) / 8192)	((4981 : ℚ) / 4096)	4	0	3
segment	1791	((4981 : ℚ) / 4096)	((9963 : ℚ) / 8192)	4	0	3
segment	1792	((9963 : ℚ) / 8192)	((2491 : ℚ) / 2048)	4	0	3
segment	1793	((2491 : ℚ) / 2048)	((9965 : ℚ) / 8192)	4	0	3
segment	1794	((9965 : ℚ) / 8192)	((4983 : ℚ) / 4096)	4	0	3
segment	1795	((4983 : ℚ) / 4096)	((9967 : ℚ) / 8192)	4	0	3
segment	1796	((9967 : ℚ) / 8192)	((623 : ℚ) / 512)	4	0	3
segment	1797	((623 : ℚ) / 512)	((9969 : ℚ) / 8192)	4	0	3
segment	1798	((9969 : ℚ) / 8192)	((4985 : ℚ) / 4096)	4	0	3
segment	1799	((4985 : ℚ) / 4096)	((9971 : ℚ) / 8192)	4	0	3
segment	1800	((9971 : ℚ) / 8192)	((2493 : ℚ) / 2048)	4	0	3
segment	1801	((2493 : ℚ) / 2048)	((9973 : ℚ) / 8192)	4	0	3
segment	1802	((9973 : ℚ) / 8192)	((4987 : ℚ) / 4096)	4	0	3
segment	1803	((4987 : ℚ) / 4096)	((9975 : ℚ) / 8192)	4	0	3
segment	1804	((9975 : ℚ) / 8192)	((1247 : ℚ) / 1024)	4	0	3
segment	1805	((1247 : ℚ) / 1024)	((9977 : ℚ) / 8192)	4	0	3
segment	1806	((9977 : ℚ) / 8192)	((4989 : ℚ) / 4096)	4	0	3
segment	1807	((4989 : ℚ) / 4096)	((9979 : ℚ) / 8192)	4	0	3
segment	1808	((9979 : ℚ) / 8192)	((2495 : ℚ) / 2048)	4	0	3
segment	1809	((2495 : ℚ) / 2048)	((9981 : ℚ) / 8192)	4	0	3
segment	1810	((9981 : ℚ) / 8192)	((4991 : ℚ) / 4096)	4	0	3
segment	1811	((4991 : ℚ) / 4096)	((9983 : ℚ) / 8192)	4	0	3
segment	1812	((9983 : ℚ) / 8192)	((39 : ℚ) / 32)	4	0	3
segment	1813	((39 : ℚ) / 32)	((9985 : ℚ) / 8192)	4	0	3
segment	1814	((9985 : ℚ) / 8192)	((4993 : ℚ) / 4096)	4	0	3
segment	1815	((4993 : ℚ) / 4096)	((9987 : ℚ) / 8192)	4	0	3
segment	1816	((9987 : ℚ) / 8192)	((2497 : ℚ) / 2048)	4	0	3
segment	1817	((2497 : ℚ) / 2048)	((9989 : ℚ) / 8192)	4	0	3
segment	1818	((9989 : ℚ) / 8192)	((4995 : ℚ) / 4096)	4	0	3
segment	1819	((4995 : ℚ) / 4096)	((9991 : ℚ) / 8192)	4	0	3
segment	1820	((9991 : ℚ) / 8192)	((1249 : ℚ) / 1024)	4	0	3
segment	1821	((1249 : ℚ) / 1024)	((9993 : ℚ) / 8192)	4	0	3
segment	1822	((9993 : ℚ) / 8192)	((4997 : ℚ) / 4096)	4	0	3
segment	1823	((4997 : ℚ) / 4096)	((9995 : ℚ) / 8192)	4	0	3
segment	1824	((9995 : ℚ) / 8192)	((2499 : ℚ) / 2048)	4	0	3
segment	1825	((2499 : ℚ) / 2048)	((9997 : ℚ) / 8192)	4	0	3
segment	1826	((9997 : ℚ) / 8192)	((4999 : ℚ) / 4096)	4	0	3
segment	1827	((4999 : ℚ) / 4096)	((9999 : ℚ) / 8192)	4	0	3
segment	1828	((9999 : ℚ) / 8192)	((625 : ℚ) / 512)	4	0	3
segment	1829	((625 : ℚ) / 512)	((10001 : ℚ) / 8192)	4	0	3
segment	1830	((10001 : ℚ) / 8192)	((5001 : ℚ) / 4096)	4	0	3
segment	1831	((5001 : ℚ) / 4096)	((10003 : ℚ) / 8192)	4	0	3
segment	1832	((10003 : ℚ) / 8192)	((2501 : ℚ) / 2048)	4	0	3
segment	1833	((2501 : ℚ) / 2048)	((10005 : ℚ) / 8192)	4	0	3
segment	1834	((10005 : ℚ) / 8192)	((5003 : ℚ) / 4096)	4	0	3
segment	1835	((5003 : ℚ) / 4096)	((10007 : ℚ) / 8192)	4	0	3
segment	1836	((10007 : ℚ) / 8192)	((1251 : ℚ) / 1024)	4	0	3
segment	1837	((1251 : ℚ) / 1024)	((10009 : ℚ) / 8192)	4	0	3
segment	1838	((10009 : ℚ) / 8192)	((5005 : ℚ) / 4096)	4	0	3
segment	1839	((5005 : ℚ) / 4096)	((10011 : ℚ) / 8192)	4	0	3
segment	1840	((10011 : ℚ) / 8192)	((2503 : ℚ) / 2048)	4	0	3
segment	1841	((2503 : ℚ) / 2048)	((10013 : ℚ) / 8192)	4	0	3
segment	1842	((10013 : ℚ) / 8192)	((5007 : ℚ) / 4096)	4	0	3
segment	1843	((5007 : ℚ) / 4096)	((10015 : ℚ) / 8192)	4	0	3
segment	1844	((10015 : ℚ) / 8192)	((313 : ℚ) / 256)	4	0	3
segment	1845	((313 : ℚ) / 256)	((10017 : ℚ) / 8192)	4	0	3
segment	1846	((10017 : ℚ) / 8192)	((5009 : ℚ) / 4096)	4	0	3
segment	1847	((5009 : ℚ) / 4096)	((10019 : ℚ) / 8192)	4	0	3
segment	1848	((10019 : ℚ) / 8192)	((2505 : ℚ) / 2048)	4	0	3
segment	1849	((2505 : ℚ) / 2048)	((10021 : ℚ) / 8192)	4	0	3
segment	1850	((10021 : ℚ) / 8192)	((5011 : ℚ) / 4096)	4	0	3
segment	1851	((5011 : ℚ) / 4096)	((10023 : ℚ) / 8192)	4	0	3
segment	1852	((10023 : ℚ) / 8192)	((1253 : ℚ) / 1024)	4	0	3
segment	1853	((1253 : ℚ) / 1024)	((10025 : ℚ) / 8192)	4	0	3
segment	1854	((10025 : ℚ) / 8192)	((5013 : ℚ) / 4096)	4	0	3
segment	1855	((5013 : ℚ) / 4096)	((10027 : ℚ) / 8192)	4	0	3
segment	1856	((10027 : ℚ) / 8192)	((2507 : ℚ) / 2048)	4	0	3
segment	1857	((2507 : ℚ) / 2048)	((10029 : ℚ) / 8192)	4	0	3
segment	1858	((10029 : ℚ) / 8192)	((5015 : ℚ) / 4096)	4	0	3
segment	1859	((5015 : ℚ) / 4096)	((10031 : ℚ) / 8192)	4	0	3
segment	1860	((10031 : ℚ) / 8192)	((627 : ℚ) / 512)	4	0	3
segment	1861	((627 : ℚ) / 512)	((10033 : ℚ) / 8192)	4	0	3
segment	1862	((10033 : ℚ) / 8192)	((5017 : ℚ) / 4096)	4	0	3
segment	1863	((5017 : ℚ) / 4096)	((10035 : ℚ) / 8192)	4	0	3
segment	1864	((10035 : ℚ) / 8192)	((2509 : ℚ) / 2048)	4	0	3
segment	1865	((2509 : ℚ) / 2048)	((10037 : ℚ) / 8192)	4	0	3
segment	1866	((10037 : ℚ) / 8192)	((5019 : ℚ) / 4096)	4	0	3
segment	1867	((5019 : ℚ) / 4096)	((10039 : ℚ) / 8192)	4	0	3
segment	1868	((10039 : ℚ) / 8192)	((1255 : ℚ) / 1024)	4	0	3
segment	1869	((1255 : ℚ) / 1024)	((10041 : ℚ) / 8192)	4	0	3
segment	1870	((10041 : ℚ) / 8192)	((5021 : ℚ) / 4096)	4	0	3
segment	1871	((5021 : ℚ) / 4096)	((10043 : ℚ) / 8192)	4	0	3
segment	1872	((10043 : ℚ) / 8192)	((2511 : ℚ) / 2048)	4	0	3
segment	1873	((2511 : ℚ) / 2048)	((10045 : ℚ) / 8192)	4	0	3
segment	1874	((10045 : ℚ) / 8192)	((5023 : ℚ) / 4096)	4	0	3
segment	1875	((5023 : ℚ) / 4096)	((10047 : ℚ) / 8192)	4	0	3
segment	1876	((10047 : ℚ) / 8192)	((157 : ℚ) / 128)	4	0	3
segment	1877	((157 : ℚ) / 128)	((10049 : ℚ) / 8192)	4	0	3
segment	1878	((10049 : ℚ) / 8192)	((5025 : ℚ) / 4096)	4	0	3
segment	1879	((5025 : ℚ) / 4096)	((10051 : ℚ) / 8192)	4	0	3
segment	1880	((10051 : ℚ) / 8192)	((2513 : ℚ) / 2048)	4	0	3
segment	1881	((2513 : ℚ) / 2048)	((10053 : ℚ) / 8192)	4	0	3
segment	1882	((10053 : ℚ) / 8192)	((5027 : ℚ) / 4096)	4	0	3
segment	1883	((5027 : ℚ) / 4096)	((10055 : ℚ) / 8192)	4	0	3
segment	1884	((10055 : ℚ) / 8192)	((1257 : ℚ) / 1024)	4	0	3
segment	1885	((1257 : ℚ) / 1024)	((10057 : ℚ) / 8192)	4	0	3
segment	1886	((10057 : ℚ) / 8192)	((5029 : ℚ) / 4096)	4	0	3
segment	1887	((5029 : ℚ) / 4096)	((10059 : ℚ) / 8192)	4	0	3
segment	1888	((10059 : ℚ) / 8192)	((2515 : ℚ) / 2048)	4	0	3
segment	1889	((2515 : ℚ) / 2048)	((10061 : ℚ) / 8192)	4	0	3
segment	1890	((10061 : ℚ) / 8192)	((5031 : ℚ) / 4096)	4	0	3
segment	1891	((5031 : ℚ) / 4096)	((10063 : ℚ) / 8192)	4	0	3
segment	1892	((10063 : ℚ) / 8192)	((629 : ℚ) / 512)	4	0	3
segment	1893	((629 : ℚ) / 512)	((10065 : ℚ) / 8192)	4	0	3
segment	1894	((10065 : ℚ) / 8192)	((5033 : ℚ) / 4096)	4	0	3
segment	1895	((5033 : ℚ) / 4096)	((10067 : ℚ) / 8192)	4	0	3
segment	1896	((10067 : ℚ) / 8192)	((2517 : ℚ) / 2048)	4	0	3
segment	1897	((2517 : ℚ) / 2048)	((10069 : ℚ) / 8192)	4	0	3
segment	1898	((10069 : ℚ) / 8192)	((5035 : ℚ) / 4096)	4	0	3
segment	1899	((5035 : ℚ) / 4096)	((10071 : ℚ) / 8192)	4	0	3
segment	1900	((10071 : ℚ) / 8192)	((1259 : ℚ) / 1024)	4	0	3
segment	1901	((1259 : ℚ) / 1024)	((10073 : ℚ) / 8192)	4	0	3
segment	1902	((10073 : ℚ) / 8192)	((5037 : ℚ) / 4096)	4	0	3
segment	1903	((5037 : ℚ) / 4096)	((10075 : ℚ) / 8192)	4	0	3
segment	1904	((10075 : ℚ) / 8192)	((2519 : ℚ) / 2048)	4	0	3
segment	1905	((2519 : ℚ) / 2048)	((10077 : ℚ) / 8192)	4	0	3
segment	1906	((10077 : ℚ) / 8192)	((5039 : ℚ) / 4096)	4	0	3
segment	1907	((5039 : ℚ) / 4096)	((10079 : ℚ) / 8192)	4	0	3
segment	1908	((10079 : ℚ) / 8192)	((315 : ℚ) / 256)	4	0	3
segment	1909	((315 : ℚ) / 256)	((10081 : ℚ) / 8192)	4	0	3
segment	1910	((10081 : ℚ) / 8192)	((5041 : ℚ) / 4096)	4	0	3
segment	1911	((5041 : ℚ) / 4096)	((10083 : ℚ) / 8192)	4	0	3
segment	1912	((10083 : ℚ) / 8192)	((2521 : ℚ) / 2048)	4	0	3
segment	1913	((2521 : ℚ) / 2048)	((10085 : ℚ) / 8192)	4	0	3
segment	1914	((10085 : ℚ) / 8192)	((5043 : ℚ) / 4096)	4	0	3
segment	1915	((5043 : ℚ) / 4096)	((10087 : ℚ) / 8192)	4	0	3
segment	1916	((10087 : ℚ) / 8192)	((1261 : ℚ) / 1024)	4	0	3
segment	1917	((1261 : ℚ) / 1024)	((10089 : ℚ) / 8192)	4	0	3
segment	1918	((10089 : ℚ) / 8192)	((5045 : ℚ) / 4096)	4	0	3
segment	1919	((5045 : ℚ) / 4096)	((10091 : ℚ) / 8192)	4	0	3
segment	1920	((10091 : ℚ) / 8192)	((2523 : ℚ) / 2048)	4	0	3
segment	1921	((2523 : ℚ) / 2048)	((10093 : ℚ) / 8192)	4	0	3
segment	1922	((10093 : ℚ) / 8192)	((5047 : ℚ) / 4096)	4	0	3
segment	1923	((5047 : ℚ) / 4096)	((10095 : ℚ) / 8192)	4	0	3
segment	1924	((10095 : ℚ) / 8192)	((631 : ℚ) / 512)	4	0	3
segment	1925	((631 : ℚ) / 512)	((10097 : ℚ) / 8192)	4	0	3
segment	1926	((10097 : ℚ) / 8192)	((5049 : ℚ) / 4096)	4	0	3
segment	1927	((5049 : ℚ) / 4096)	((10099 : ℚ) / 8192)	4	0	3
segment	1928	((10099 : ℚ) / 8192)	((2525 : ℚ) / 2048)	4	0	3
segment	1929	((2525 : ℚ) / 2048)	((10101 : ℚ) / 8192)	4	0	3
segment	1930	((10101 : ℚ) / 8192)	((5051 : ℚ) / 4096)	4	0	3
segment	1931	((5051 : ℚ) / 4096)	((10103 : ℚ) / 8192)	4	0	3
segment	1932	((10103 : ℚ) / 8192)	((1263 : ℚ) / 1024)	4	0	3
segment	1933	((1263 : ℚ) / 1024)	((10105 : ℚ) / 8192)	4	0	3
segment	1934	((10105 : ℚ) / 8192)	((5053 : ℚ) / 4096)	4	0	3
segment	1935	((5053 : ℚ) / 4096)	((10107 : ℚ) / 8192)	4	0	3
segment	1936	((10107 : ℚ) / 8192)	((2527 : ℚ) / 2048)	4	0	3
segment	1937	((2527 : ℚ) / 2048)	((10109 : ℚ) / 8192)	4	0	3
segment	1938	((10109 : ℚ) / 8192)	((5055 : ℚ) / 4096)	4	0	3
segment	1939	((5055 : ℚ) / 4096)	((10111 : ℚ) / 8192)	4	0	3
segment	1940	((10111 : ℚ) / 8192)	((79 : ℚ) / 64)	4	0	3
segment	1941	((79 : ℚ) / 64)	((10113 : ℚ) / 8192)	4	0	3
segment	1942	((10113 : ℚ) / 8192)	((5057 : ℚ) / 4096)	4	0	3
segment	1943	((5057 : ℚ) / 4096)	((10115 : ℚ) / 8192)	4	0	3
segment	1944	((10115 : ℚ) / 8192)	((2529 : ℚ) / 2048)	4	0	3
segment	1945	((2529 : ℚ) / 2048)	((10117 : ℚ) / 8192)	4	0	3
segment	1946	((10117 : ℚ) / 8192)	((5059 : ℚ) / 4096)	4	0	3
segment	1947	((5059 : ℚ) / 4096)	((10119 : ℚ) / 8192)	4	0	3
segment	1948	((10119 : ℚ) / 8192)	((1265 : ℚ) / 1024)	4	0	3
segment	1949	((1265 : ℚ) / 1024)	((10121 : ℚ) / 8192)	4	0	3
segment	1950	((10121 : ℚ) / 8192)	((5061 : ℚ) / 4096)	4	0	3
segment	1951	((5061 : ℚ) / 4096)	((10123 : ℚ) / 8192)	4	0	3
segment	1952	((10123 : ℚ) / 8192)	((2531 : ℚ) / 2048)	4	0	3
segment	1953	((2531 : ℚ) / 2048)	((10125 : ℚ) / 8192)	4	0	3
segment	1954	((10125 : ℚ) / 8192)	((5063 : ℚ) / 4096)	4	0	3
segment	1955	((5063 : ℚ) / 4096)	((10127 : ℚ) / 8192)	4	0	3
segment	1956	((10127 : ℚ) / 8192)	((633 : ℚ) / 512)	4	0	3
segment	1957	((633 : ℚ) / 512)	((10129 : ℚ) / 8192)	4	0	3
segment	1958	((10129 : ℚ) / 8192)	((5065 : ℚ) / 4096)	4	0	3
segment	1959	((5065 : ℚ) / 4096)	((10131 : ℚ) / 8192)	4	0	3
segment	1960	((10131 : ℚ) / 8192)	((2533 : ℚ) / 2048)	4	0	3
segment	1961	((2533 : ℚ) / 2048)	((10133 : ℚ) / 8192)	4	0	3
segment	1962	((10133 : ℚ) / 8192)	((5067 : ℚ) / 4096)	4	0	3
segment	1963	((5067 : ℚ) / 4096)	((10135 : ℚ) / 8192)	4	0	3
segment	1964	((10135 : ℚ) / 8192)	((1267 : ℚ) / 1024)	4	0	3
segment	1965	((1267 : ℚ) / 1024)	((10137 : ℚ) / 8192)	4	0	3
segment	1966	((10137 : ℚ) / 8192)	((5069 : ℚ) / 4096)	4	0	3
segment	1967	((5069 : ℚ) / 4096)	((10139 : ℚ) / 8192)	4	0	3
segment	1968	((10139 : ℚ) / 8192)	((2535 : ℚ) / 2048)	4	0	3
segment	1969	((2535 : ℚ) / 2048)	((10141 : ℚ) / 8192)	4	0	3
segment	1970	((10141 : ℚ) / 8192)	((5071 : ℚ) / 4096)	4	0	3
segment	1971	((5071 : ℚ) / 4096)	((10143 : ℚ) / 8192)	4	0	3
segment	1972	((10143 : ℚ) / 8192)	((317 : ℚ) / 256)	4	0	3
segment	1973	((317 : ℚ) / 256)	((10145 : ℚ) / 8192)	4	0	3
segment	1974	((10145 : ℚ) / 8192)	((5073 : ℚ) / 4096)	4	0	3
segment	1975	((5073 : ℚ) / 4096)	((10147 : ℚ) / 8192)	4	0	3
segment	1976	((10147 : ℚ) / 8192)	((2537 : ℚ) / 2048)	4	0	3
segment	1977	((2537 : ℚ) / 2048)	((10149 : ℚ) / 8192)	4	0	3
segment	1978	((10149 : ℚ) / 8192)	((5075 : ℚ) / 4096)	4	0	3
segment	1979	((5075 : ℚ) / 4096)	((10151 : ℚ) / 8192)	4	0	3
segment	1980	((10151 : ℚ) / 8192)	((1269 : ℚ) / 1024)	4	0	3
segment	1981	((1269 : ℚ) / 1024)	((10153 : ℚ) / 8192)	4	0	3
segment	1982	((10153 : ℚ) / 8192)	((5077 : ℚ) / 4096)	4	0	3
segment	1983	((5077 : ℚ) / 4096)	((10155 : ℚ) / 8192)	4	0	3
segment	1984	((10155 : ℚ) / 8192)	((2539 : ℚ) / 2048)	4	0	3
segment	1985	((2539 : ℚ) / 2048)	((10157 : ℚ) / 8192)	4	0	3
segment	1986	((10157 : ℚ) / 8192)	((5079 : ℚ) / 4096)	4	0	3
segment	1987	((5079 : ℚ) / 4096)	((10159 : ℚ) / 8192)	4	0	3
segment	1988	((10159 : ℚ) / 8192)	((635 : ℚ) / 512)	4	0	3
segment	1989	((635 : ℚ) / 512)	((10161 : ℚ) / 8192)	4	0	3
segment	1990	((10161 : ℚ) / 8192)	((5081 : ℚ) / 4096)	4	0	3
segment	1991	((5081 : ℚ) / 4096)	((10163 : ℚ) / 8192)	4	0	3
segment	1992	((10163 : ℚ) / 8192)	((2541 : ℚ) / 2048)	4	0	3
segment	1993	((2541 : ℚ) / 2048)	((10165 : ℚ) / 8192)	4	0	3
segment	1994	((10165 : ℚ) / 8192)	((5083 : ℚ) / 4096)	4	0	3
segment	1995	((5083 : ℚ) / 4096)	((10167 : ℚ) / 8192)	4	0	3
segment	1996	((10167 : ℚ) / 8192)	((1271 : ℚ) / 1024)	4	0	3
segment	1997	((1271 : ℚ) / 1024)	((10169 : ℚ) / 8192)	4	0	3
segment	1998	((10169 : ℚ) / 8192)	((5085 : ℚ) / 4096)	4	0	3
segment	1999	((5085 : ℚ) / 4096)	((10171 : ℚ) / 8192)	4	0	3
segment	2000	((10171 : ℚ) / 8192)	((2543 : ℚ) / 2048)	4	0	3
segment	2001	((2543 : ℚ) / 2048)	((10173 : ℚ) / 8192)	4	0	3
segment	2002	((10173 : ℚ) / 8192)	((5087 : ℚ) / 4096)	4	0	3
segment	2003	((5087 : ℚ) / 4096)	((10175 : ℚ) / 8192)	4	0	3
segment	2004	((10175 : ℚ) / 8192)	((159 : ℚ) / 128)	4	0	3
segment	2005	((159 : ℚ) / 128)	((10177 : ℚ) / 8192)	4	0	3
segment	2006	((10177 : ℚ) / 8192)	((5089 : ℚ) / 4096)	4	0	3
segment	2007	((5089 : ℚ) / 4096)	((10179 : ℚ) / 8192)	4	0	3
segment	2008	((10179 : ℚ) / 8192)	((2545 : ℚ) / 2048)	4	0	3
segment	2009	((2545 : ℚ) / 2048)	((10181 : ℚ) / 8192)	4	0	3
segment	2010	((10181 : ℚ) / 8192)	((5091 : ℚ) / 4096)	4	0	3
segment	2011	((5091 : ℚ) / 4096)	((10183 : ℚ) / 8192)	4	0	3
segment	2012	((10183 : ℚ) / 8192)	((1273 : ℚ) / 1024)	4	0	3
segment	2013	((1273 : ℚ) / 1024)	((10185 : ℚ) / 8192)	4	0	3
segment	2014	((10185 : ℚ) / 8192)	((5093 : ℚ) / 4096)	4	0	3
segment	2015	((5093 : ℚ) / 4096)	((10187 : ℚ) / 8192)	4	0	3
segment	2016	((10187 : ℚ) / 8192)	((2547 : ℚ) / 2048)	4	0	3
segment	2017	((2547 : ℚ) / 2048)	((10189 : ℚ) / 8192)	4	0	3
segment	2018	((10189 : ℚ) / 8192)	((5095 : ℚ) / 4096)	4	0	3
segment	2019	((5095 : ℚ) / 4096)	((10191 : ℚ) / 8192)	4	0	3
segment	2020	((10191 : ℚ) / 8192)	((637 : ℚ) / 512)	4	0	3
segment	2021	((637 : ℚ) / 512)	((10193 : ℚ) / 8192)	4	0	3
segment	2022	((10193 : ℚ) / 8192)	((5097 : ℚ) / 4096)	4	0	3
segment	2023	((5097 : ℚ) / 4096)	((10195 : ℚ) / 8192)	4	0	3
segment	2024	((10195 : ℚ) / 8192)	((2549 : ℚ) / 2048)	4	0	3
segment	2025	((2549 : ℚ) / 2048)	((10197 : ℚ) / 8192)	4	0	3
segment	2026	((10197 : ℚ) / 8192)	((5099 : ℚ) / 4096)	4	0	3
segment	2027	((5099 : ℚ) / 4096)	((10199 : ℚ) / 8192)	4	0	3
segment	2028	((10199 : ℚ) / 8192)	((1275 : ℚ) / 1024)	4	0	3
segment	2029	((1275 : ℚ) / 1024)	((10201 : ℚ) / 8192)	4	0	3
segment	2030	((10201 : ℚ) / 8192)	((5101 : ℚ) / 4096)	4	0	3
segment	2031	((5101 : ℚ) / 4096)	((10203 : ℚ) / 8192)	4	0	3
segment	2032	((10203 : ℚ) / 8192)	((2551 : ℚ) / 2048)	4	0	3
segment	2033	((2551 : ℚ) / 2048)	((10205 : ℚ) / 8192)	4	0	3
segment	2034	((10205 : ℚ) / 8192)	((5103 : ℚ) / 4096)	4	0	3
segment	2035	((5103 : ℚ) / 4096)	((10207 : ℚ) / 8192)	4	0	3
segment	2036	((10207 : ℚ) / 8192)	((319 : ℚ) / 256)	4	0	3
segment	2037	((319 : ℚ) / 256)	((10209 : ℚ) / 8192)	4	0	3
segment	2038	((10209 : ℚ) / 8192)	((5105 : ℚ) / 4096)	4	0	3
segment	2039	((5105 : ℚ) / 4096)	((10211 : ℚ) / 8192)	4	0	3
segment	2040	((10211 : ℚ) / 8192)	((2553 : ℚ) / 2048)	4	0	3
segment	2041	((2553 : ℚ) / 2048)	((10213 : ℚ) / 8192)	4	0	3
segment	2042	((10213 : ℚ) / 8192)	((5107 : ℚ) / 4096)	4	0	3
segment	2043	((5107 : ℚ) / 4096)	((10215 : ℚ) / 8192)	4	0	3
segment	2044	((10215 : ℚ) / 8192)	((1277 : ℚ) / 1024)	4	0	3
segment	2045	((1277 : ℚ) / 1024)	((10217 : ℚ) / 8192)	4	0	3
segment	2046	((10217 : ℚ) / 8192)	((5109 : ℚ) / 4096)	4	0	3
segment	2047	((5109 : ℚ) / 4096)	((10219 : ℚ) / 8192)	4	0	3
segment	2048	((10219 : ℚ) / 8192)	((2555 : ℚ) / 2048)	4	0	3
segment	2049	((2555 : ℚ) / 2048)	((10221 : ℚ) / 8192)	4	0	3
segment	2050	((10221 : ℚ) / 8192)	((5111 : ℚ) / 4096)	4	0	3
segment	2051	((5111 : ℚ) / 4096)	((10223 : ℚ) / 8192)	4	0	3
segment	2052	((10223 : ℚ) / 8192)	((639 : ℚ) / 512)	4	0	3
segment	2053	((639 : ℚ) / 512)	((10225 : ℚ) / 8192)	4	0	3
segment	2054	((10225 : ℚ) / 8192)	((5113 : ℚ) / 4096)	4	0	3
segment	2055	((5113 : ℚ) / 4096)	((10227 : ℚ) / 8192)	4	0	3
segment	2056	((10227 : ℚ) / 8192)	((2557 : ℚ) / 2048)	4	0	3
segment	2057	((2557 : ℚ) / 2048)	((10229 : ℚ) / 8192)	4	0	3
segment	2058	((10229 : ℚ) / 8192)	((5115 : ℚ) / 4096)	4	0	3
segment	2059	((5115 : ℚ) / 4096)	((10231 : ℚ) / 8192)	4	0	3
segment	2060	((10231 : ℚ) / 8192)	((1279 : ℚ) / 1024)	4	0	3
segment	2061	((1279 : ℚ) / 1024)	((10233 : ℚ) / 8192)	4	0	3
segment	2062	((10233 : ℚ) / 8192)	((5117 : ℚ) / 4096)	4	0	3
segment	2063	((5117 : ℚ) / 4096)	((10235 : ℚ) / 8192)	4	0	3
segment	2064	((10235 : ℚ) / 8192)	((2559 : ℚ) / 2048)	4	0	3
segment	2065	((2559 : ℚ) / 2048)	((10237 : ℚ) / 8192)	4	0	3
segment	2066	((10237 : ℚ) / 8192)	((5119 : ℚ) / 4096)	4	0	3
segment	2067	((5119 : ℚ) / 4096)	((10239 : ℚ) / 8192)	4	0	3
segment	2068	((10239 : ℚ) / 8192)	((5 : ℚ) / 4)	4	0	3
segment	2069	((5 : ℚ) / 4)	((10241 : ℚ) / 8192)	4	0	3
segment	2070	((10241 : ℚ) / 8192)	((5121 : ℚ) / 4096)	4	0	3
segment	2071	((5121 : ℚ) / 4096)	((10243 : ℚ) / 8192)	4	0	3
segment	2072	((10243 : ℚ) / 8192)	((2561 : ℚ) / 2048)	4	0	3
segment	2073	((2561 : ℚ) / 2048)	((10245 : ℚ) / 8192)	4	0	3
segment	2074	((10245 : ℚ) / 8192)	((5123 : ℚ) / 4096)	4	0	3
segment	2075	((5123 : ℚ) / 4096)	((10247 : ℚ) / 8192)	4	0	3
segment	2076	((10247 : ℚ) / 8192)	((1281 : ℚ) / 1024)	4	0	3
segment	2077	((1281 : ℚ) / 1024)	((10249 : ℚ) / 8192)	4	0	3
segment	2078	((10249 : ℚ) / 8192)	((5125 : ℚ) / 4096)	4	0	3
segment	2079	((5125 : ℚ) / 4096)	((10251 : ℚ) / 8192)	4	0	3
segment	2080	((10251 : ℚ) / 8192)	((2563 : ℚ) / 2048)	4	0	3
segment	2081	((2563 : ℚ) / 2048)	((10253 : ℚ) / 8192)	4	0	3
segment	2082	((10253 : ℚ) / 8192)	((5127 : ℚ) / 4096)	4	0	3
segment	2083	((5127 : ℚ) / 4096)	((10255 : ℚ) / 8192)	4	0	3
segment	2084	((10255 : ℚ) / 8192)	((641 : ℚ) / 512)	4	0	3
segment	2085	((641 : ℚ) / 512)	((10257 : ℚ) / 8192)	4	0	3
segment	2086	((10257 : ℚ) / 8192)	((5129 : ℚ) / 4096)	4	0	3
segment	2087	((5129 : ℚ) / 4096)	((10259 : ℚ) / 8192)	4	0	3
segment	2088	((10259 : ℚ) / 8192)	((2565 : ℚ) / 2048)	4	0	3
segment	2089	((2565 : ℚ) / 2048)	((10261 : ℚ) / 8192)	4	0	3
segment	2090	((10261 : ℚ) / 8192)	((5131 : ℚ) / 4096)	4	0	3
segment	2091	((5131 : ℚ) / 4096)	((10263 : ℚ) / 8192)	4	0	3
segment	2092	((10263 : ℚ) / 8192)	((1283 : ℚ) / 1024)	4	0	3
segment	2093	((1283 : ℚ) / 1024)	((10265 : ℚ) / 8192)	4	0	3
segment	2094	((10265 : ℚ) / 8192)	((5133 : ℚ) / 4096)	4	0	3
segment	2095	((5133 : ℚ) / 4096)	((10267 : ℚ) / 8192)	4	0	3
segment	2096	((10267 : ℚ) / 8192)	((2567 : ℚ) / 2048)	4	0	3
segment	2097	((2567 : ℚ) / 2048)	((10269 : ℚ) / 8192)	4	0	3
segment	2098	((10269 : ℚ) / 8192)	((5135 : ℚ) / 4096)	4	0	3
segment	2099	((5135 : ℚ) / 4096)	((10271 : ℚ) / 8192)	4	0	3
segment	2100	((10271 : ℚ) / 8192)	((321 : ℚ) / 256)	4	0	3
segment	2101	((321 : ℚ) / 256)	((10273 : ℚ) / 8192)	4	0	3
segment	2102	((10273 : ℚ) / 8192)	((5137 : ℚ) / 4096)	4	0	3
segment	2103	((5137 : ℚ) / 4096)	((10275 : ℚ) / 8192)	4	0	3
segment	2104	((10275 : ℚ) / 8192)	((2569 : ℚ) / 2048)	4	0	3
segment	2105	((2569 : ℚ) / 2048)	((10277 : ℚ) / 8192)	4	0	3
segment	2106	((10277 : ℚ) / 8192)	((5139 : ℚ) / 4096)	4	0	3
segment	2107	((5139 : ℚ) / 4096)	((10279 : ℚ) / 8192)	4	0	3
segment	2108	((10279 : ℚ) / 8192)	((1285 : ℚ) / 1024)	4	0	3
segment	2109	((1285 : ℚ) / 1024)	((10281 : ℚ) / 8192)	4	0	3
segment	2110	((10281 : ℚ) / 8192)	((5141 : ℚ) / 4096)	4	0	3
segment	2111	((5141 : ℚ) / 4096)	((10283 : ℚ) / 8192)	4	0	3
segment	2112	((10283 : ℚ) / 8192)	((2571 : ℚ) / 2048)	4	0	3
segment	2113	((2571 : ℚ) / 2048)	((10285 : ℚ) / 8192)	4	0	3
segment	2114	((10285 : ℚ) / 8192)	((5143 : ℚ) / 4096)	4	0	3
segment	2115	((5143 : ℚ) / 4096)	((10287 : ℚ) / 8192)	4	0	3
segment	2116	((10287 : ℚ) / 8192)	((643 : ℚ) / 512)	4	0	3
segment	2117	((643 : ℚ) / 512)	((10289 : ℚ) / 8192)	4	0	3
segment	2118	((10289 : ℚ) / 8192)	((5145 : ℚ) / 4096)	4	0	3
segment	2119	((5145 : ℚ) / 4096)	((10291 : ℚ) / 8192)	4	0	3
segment	2120	((10291 : ℚ) / 8192)	((2573 : ℚ) / 2048)	4	0	3
segment	2121	((2573 : ℚ) / 2048)	((10293 : ℚ) / 8192)	4	0	3
segment	2122	((10293 : ℚ) / 8192)	((5147 : ℚ) / 4096)	4	0	3
segment	2123	((5147 : ℚ) / 4096)	((10295 : ℚ) / 8192)	4	0	3
segment	2124	((10295 : ℚ) / 8192)	((1287 : ℚ) / 1024)	4	0	3
segment	2125	((1287 : ℚ) / 1024)	((10297 : ℚ) / 8192)	4	0	3
segment	2126	((10297 : ℚ) / 8192)	((5149 : ℚ) / 4096)	4	0	3
segment	2127	((5149 : ℚ) / 4096)	((10299 : ℚ) / 8192)	4	0	3
segment	2128	((10299 : ℚ) / 8192)	((2575 : ℚ) / 2048)	4	0	3
segment	2129	((2575 : ℚ) / 2048)	((10301 : ℚ) / 8192)	4	0	3
segment	2130	((10301 : ℚ) / 8192)	((5151 : ℚ) / 4096)	4	0	3
segment	2131	((5151 : ℚ) / 4096)	((10303 : ℚ) / 8192)	4	0	3
segment	2132	((10303 : ℚ) / 8192)	((161 : ℚ) / 128)	4	0	3
segment	2133	((161 : ℚ) / 128)	((10305 : ℚ) / 8192)	4	0	3
segment	2134	((10305 : ℚ) / 8192)	((5153 : ℚ) / 4096)	4	0	3
segment	2135	((5153 : ℚ) / 4096)	((10307 : ℚ) / 8192)	4	0	3
segment	2136	((10307 : ℚ) / 8192)	((2577 : ℚ) / 2048)	4	0	3
segment	2137	((2577 : ℚ) / 2048)	((10309 : ℚ) / 8192)	4	0	3
segment	2138	((10309 : ℚ) / 8192)	((5155 : ℚ) / 4096)	4	0	3
segment	2139	((5155 : ℚ) / 4096)	((10311 : ℚ) / 8192)	4	0	3
segment	2140	((10311 : ℚ) / 8192)	((1289 : ℚ) / 1024)	4	0	3
segment	2141	((1289 : ℚ) / 1024)	((10313 : ℚ) / 8192)	4	0	3
segment	2142	((10313 : ℚ) / 8192)	((5157 : ℚ) / 4096)	4	0	3
segment	2143	((5157 : ℚ) / 4096)	((10315 : ℚ) / 8192)	4	0	3
segment	2144	((10315 : ℚ) / 8192)	((2579 : ℚ) / 2048)	4	0	3
segment	2145	((2579 : ℚ) / 2048)	((10317 : ℚ) / 8192)	4	0	3
segment	2146	((10317 : ℚ) / 8192)	((5159 : ℚ) / 4096)	4	0	3
segment	2147	((5159 : ℚ) / 4096)	((10319 : ℚ) / 8192)	4	0	3
segment	2148	((10319 : ℚ) / 8192)	((645 : ℚ) / 512)	4	0	3
segment	2149	((645 : ℚ) / 512)	((10321 : ℚ) / 8192)	4	0	3
segment	2150	((10321 : ℚ) / 8192)	((5161 : ℚ) / 4096)	4	0	3
segment	2151	((5161 : ℚ) / 4096)	((10323 : ℚ) / 8192)	4	0	3
segment	2152	((10323 : ℚ) / 8192)	((2581 : ℚ) / 2048)	4	0	3
segment	2153	((2581 : ℚ) / 2048)	((10325 : ℚ) / 8192)	4	0	3
segment	2154	((10325 : ℚ) / 8192)	((5163 : ℚ) / 4096)	4	0	3
segment	2155	((5163 : ℚ) / 4096)	((10327 : ℚ) / 8192)	4	0	3
segment	2156	((10327 : ℚ) / 8192)	((1291 : ℚ) / 1024)	4	0	3
segment	2157	((1291 : ℚ) / 1024)	((10329 : ℚ) / 8192)	4	0	3
segment	2158	((10329 : ℚ) / 8192)	((5165 : ℚ) / 4096)	4	0	3
segment	2159	((5165 : ℚ) / 4096)	((10331 : ℚ) / 8192)	4	0	3
segment	2160	((10331 : ℚ) / 8192)	((2583 : ℚ) / 2048)	4	0	3
segment	2161	((2583 : ℚ) / 2048)	((10333 : ℚ) / 8192)	4	0	3
segment	2162	((10333 : ℚ) / 8192)	((5167 : ℚ) / 4096)	4	0	3
segment	2163	((5167 : ℚ) / 4096)	((10335 : ℚ) / 8192)	4	0	3
segment	2164	((10335 : ℚ) / 8192)	((323 : ℚ) / 256)	4	0	3
segment	2165	((323 : ℚ) / 256)	((10337 : ℚ) / 8192)	4	0	3
segment	2166	((10337 : ℚ) / 8192)	((5169 : ℚ) / 4096)	4	0	3
segment	2167	((5169 : ℚ) / 4096)	((10339 : ℚ) / 8192)	4	0	3
segment	2168	((10339 : ℚ) / 8192)	((2585 : ℚ) / 2048)	4	0	3
segment	2169	((2585 : ℚ) / 2048)	((10341 : ℚ) / 8192)	4	0	3
segment	2170	((10341 : ℚ) / 8192)	((5171 : ℚ) / 4096)	4	0	3
segment	2171	((5171 : ℚ) / 4096)	((10343 : ℚ) / 8192)	4	0	3
segment	2172	((10343 : ℚ) / 8192)	((1293 : ℚ) / 1024)	4	0	3
segment	2173	((1293 : ℚ) / 1024)	((10345 : ℚ) / 8192)	4	0	3
segment	2174	((10345 : ℚ) / 8192)	((5173 : ℚ) / 4096)	4	0	3
segment	2175	((5173 : ℚ) / 4096)	((10347 : ℚ) / 8192)	4	0	3
segment	2176	((10347 : ℚ) / 8192)	((2587 : ℚ) / 2048)	4	0	3
segment	2177	((2587 : ℚ) / 2048)	((10349 : ℚ) / 8192)	4	0	3
segment	2178	((10349 : ℚ) / 8192)	((5175 : ℚ) / 4096)	4	0	3
segment	2179	((5175 : ℚ) / 4096)	((10351 : ℚ) / 8192)	4	0	3
segment	2180	((10351 : ℚ) / 8192)	((647 : ℚ) / 512)	4	0	3
segment	2181	((647 : ℚ) / 512)	((10353 : ℚ) / 8192)	4	0	3
segment	2182	((10353 : ℚ) / 8192)	((5177 : ℚ) / 4096)	4	0	3
segment	2183	((5177 : ℚ) / 4096)	((10355 : ℚ) / 8192)	4	0	3
segment	2184	((10355 : ℚ) / 8192)	((2589 : ℚ) / 2048)	4	0	3
segment	2185	((2589 : ℚ) / 2048)	((10357 : ℚ) / 8192)	4	0	3
segment	2186	((10357 : ℚ) / 8192)	((5179 : ℚ) / 4096)	4	0	3
segment	2187	((5179 : ℚ) / 4096)	((10359 : ℚ) / 8192)	4	0	3
segment	2188	((10359 : ℚ) / 8192)	((1295 : ℚ) / 1024)	4	0	3
segment	2189	((1295 : ℚ) / 1024)	((10361 : ℚ) / 8192)	4	0	3
segment	2190	((10361 : ℚ) / 8192)	((5181 : ℚ) / 4096)	4	0	3
segment	2191	((5181 : ℚ) / 4096)	((10363 : ℚ) / 8192)	4	0	3
segment	2192	((10363 : ℚ) / 8192)	((2591 : ℚ) / 2048)	4	0	3
segment	2193	((2591 : ℚ) / 2048)	((10365 : ℚ) / 8192)	4	0	3
segment	2194	((10365 : ℚ) / 8192)	((5183 : ℚ) / 4096)	4	0	3
segment	2195	((5183 : ℚ) / 4096)	((10367 : ℚ) / 8192)	4	0	3
segment	2196	((10367 : ℚ) / 8192)	((81 : ℚ) / 64)	4	0	3
segment	2197	((81 : ℚ) / 64)	((10369 : ℚ) / 8192)	4	0	3
segment	2198	((10369 : ℚ) / 8192)	((5185 : ℚ) / 4096)	4	0	3
segment	2199	((5185 : ℚ) / 4096)	((10371 : ℚ) / 8192)	4	0	3
segment	2200	((10371 : ℚ) / 8192)	((2593 : ℚ) / 2048)	4	0	3
segment	2201	((2593 : ℚ) / 2048)	((10373 : ℚ) / 8192)	4	0	3
segment	2202	((10373 : ℚ) / 8192)	((5187 : ℚ) / 4096)	4	0	3
segment	2203	((5187 : ℚ) / 4096)	((10375 : ℚ) / 8192)	4	0	3
segment	2204	((10375 : ℚ) / 8192)	((1297 : ℚ) / 1024)	4	0	3
segment	2205	((1297 : ℚ) / 1024)	((10377 : ℚ) / 8192)	4	0	3
segment	2206	((10377 : ℚ) / 8192)	((5189 : ℚ) / 4096)	4	0	3
segment	2207	((5189 : ℚ) / 4096)	((10379 : ℚ) / 8192)	4	0	3
segment	2208	((10379 : ℚ) / 8192)	((2595 : ℚ) / 2048)	4	0	3
segment	2209	((2595 : ℚ) / 2048)	((10381 : ℚ) / 8192)	4	0	3
segment	2210	((10381 : ℚ) / 8192)	((5191 : ℚ) / 4096)	4	0	3
segment	2211	((5191 : ℚ) / 4096)	((10383 : ℚ) / 8192)	4	0	3
segment	2212	((10383 : ℚ) / 8192)	((649 : ℚ) / 512)	4	0	3
segment	2213	((649 : ℚ) / 512)	((10385 : ℚ) / 8192)	4	0	3
segment	2214	((10385 : ℚ) / 8192)	((5193 : ℚ) / 4096)	4	0	3
segment	2215	((5193 : ℚ) / 4096)	((10387 : ℚ) / 8192)	4	0	3
segment	2216	((10387 : ℚ) / 8192)	((2597 : ℚ) / 2048)	4	0	3
segment	2217	((2597 : ℚ) / 2048)	((10389 : ℚ) / 8192)	4	0	3
segment	2218	((10389 : ℚ) / 8192)	((5195 : ℚ) / 4096)	4	0	3
segment	2219	((5195 : ℚ) / 4096)	((10391 : ℚ) / 8192)	4	0	3
segment	2220	((10391 : ℚ) / 8192)	((1299 : ℚ) / 1024)	4	0	3
segment	2221	((1299 : ℚ) / 1024)	((10393 : ℚ) / 8192)	4	0	3
segment	2222	((10393 : ℚ) / 8192)	((5197 : ℚ) / 4096)	4	0	3
segment	2223	((5197 : ℚ) / 4096)	((10395 : ℚ) / 8192)	4	0	3
segment	2224	((10395 : ℚ) / 8192)	((2599 : ℚ) / 2048)	4	0	3
segment	2225	((2599 : ℚ) / 2048)	((10397 : ℚ) / 8192)	4	0	3
segment	2226	((10397 : ℚ) / 8192)	((5199 : ℚ) / 4096)	4	0	3
segment	2227	((5199 : ℚ) / 4096)	((10399 : ℚ) / 8192)	4	0	3
segment	2228	((10399 : ℚ) / 8192)	((325 : ℚ) / 256)	4	0	3
segment	2229	((325 : ℚ) / 256)	((10401 : ℚ) / 8192)	4	0	3
segment	2230	((10401 : ℚ) / 8192)	((5201 : ℚ) / 4096)	4	0	3
segment	2231	((5201 : ℚ) / 4096)	((10403 : ℚ) / 8192)	4	0	3
segment	2232	((10403 : ℚ) / 8192)	((2601 : ℚ) / 2048)	4	0	3
segment	2233	((2601 : ℚ) / 2048)	((10405 : ℚ) / 8192)	4	0	3
segment	2234	((10405 : ℚ) / 8192)	((5203 : ℚ) / 4096)	4	0	3
segment	2235	((5203 : ℚ) / 4096)	((10407 : ℚ) / 8192)	4	0	3
segment	2236	((10407 : ℚ) / 8192)	((1301 : ℚ) / 1024)	4	0	3
segment	2237	((1301 : ℚ) / 1024)	((10409 : ℚ) / 8192)	4	0	3
segment	2238	((10409 : ℚ) / 8192)	((5205 : ℚ) / 4096)	4	0	3
segment	2239	((5205 : ℚ) / 4096)	((10411 : ℚ) / 8192)	4	0	3
segment	2240	((10411 : ℚ) / 8192)	((2603 : ℚ) / 2048)	4	0	3
segment	2241	((2603 : ℚ) / 2048)	((10413 : ℚ) / 8192)	4	0	3
segment	2242	((10413 : ℚ) / 8192)	((5207 : ℚ) / 4096)	4	0	3
segment	2243	((5207 : ℚ) / 4096)	((10415 : ℚ) / 8192)	4	0	3
segment	2244	((10415 : ℚ) / 8192)	((651 : ℚ) / 512)	4	0	3
segment	2245	((651 : ℚ) / 512)	((10417 : ℚ) / 8192)	4	0	3
segment	2246	((10417 : ℚ) / 8192)	((5209 : ℚ) / 4096)	4	0	3
segment	2247	((5209 : ℚ) / 4096)	((10419 : ℚ) / 8192)	4	0	3
segment	2248	((10419 : ℚ) / 8192)	((2605 : ℚ) / 2048)	4	0	3
segment	2249	((2605 : ℚ) / 2048)	((10421 : ℚ) / 8192)	4	0	3
segment	2250	((10421 : ℚ) / 8192)	((5211 : ℚ) / 4096)	4	0	3
segment	2251	((5211 : ℚ) / 4096)	((10423 : ℚ) / 8192)	4	0	3
segment	2252	((10423 : ℚ) / 8192)	((1303 : ℚ) / 1024)	4	0	3
segment	2253	((1303 : ℚ) / 1024)	((10425 : ℚ) / 8192)	4	0	3
segment	2254	((10425 : ℚ) / 8192)	((5213 : ℚ) / 4096)	4	0	3
segment	2255	((5213 : ℚ) / 4096)	((10427 : ℚ) / 8192)	4	0	3
segment	2256	((10427 : ℚ) / 8192)	((2607 : ℚ) / 2048)	4	0	3
segment	2257	((2607 : ℚ) / 2048)	((10429 : ℚ) / 8192)	4	0	3
segment	2258	((10429 : ℚ) / 8192)	((5215 : ℚ) / 4096)	4	0	3
segment	2259	((5215 : ℚ) / 4096)	((10431 : ℚ) / 8192)	4	0	3
segment	2260	((10431 : ℚ) / 8192)	((163 : ℚ) / 128)	4	0	3
segment	2261	((163 : ℚ) / 128)	((10433 : ℚ) / 8192)	4	0	3
segment	2262	((10433 : ℚ) / 8192)	((5217 : ℚ) / 4096)	4	0	3
segment	2263	((5217 : ℚ) / 4096)	((10435 : ℚ) / 8192)	4	0	3
segment	2264	((10435 : ℚ) / 8192)	((2609 : ℚ) / 2048)	4	0	3
segment	2265	((2609 : ℚ) / 2048)	((10437 : ℚ) / 8192)	4	0	3
segment	2266	((10437 : ℚ) / 8192)	((5219 : ℚ) / 4096)	4	0	3
segment	2267	((5219 : ℚ) / 4096)	((10439 : ℚ) / 8192)	4	0	3
segment	2268	((10439 : ℚ) / 8192)	((1305 : ℚ) / 1024)	4	0	3
segment	2269	((1305 : ℚ) / 1024)	((10441 : ℚ) / 8192)	4	0	3
segment	2270	((10441 : ℚ) / 8192)	((5221 : ℚ) / 4096)	4	0	3
segment	2271	((5221 : ℚ) / 4096)	((10443 : ℚ) / 8192)	4	0	3
segment	2272	((10443 : ℚ) / 8192)	((2611 : ℚ) / 2048)	4	0	3
segment	2273	((2611 : ℚ) / 2048)	((10445 : ℚ) / 8192)	4	0	3
segment	2274	((10445 : ℚ) / 8192)	((5223 : ℚ) / 4096)	4	0	3
segment	2275	((5223 : ℚ) / 4096)	((10447 : ℚ) / 8192)	4	0	3
segment	2276	((10447 : ℚ) / 8192)	((653 : ℚ) / 512)	4	0	3
segment	2277	((653 : ℚ) / 512)	((10449 : ℚ) / 8192)	4	0	3
segment	2278	((10449 : ℚ) / 8192)	((5225 : ℚ) / 4096)	4	0	3
segment	2279	((5225 : ℚ) / 4096)	((10451 : ℚ) / 8192)	4	0	3
segment	2280	((10451 : ℚ) / 8192)	((2613 : ℚ) / 2048)	4	0	3
segment	2281	((2613 : ℚ) / 2048)	((10453 : ℚ) / 8192)	4	0	3
segment	2282	((10453 : ℚ) / 8192)	((5227 : ℚ) / 4096)	4	0	3
segment	2283	((5227 : ℚ) / 4096)	((10455 : ℚ) / 8192)	4	0	3
segment	2284	((10455 : ℚ) / 8192)	((1307 : ℚ) / 1024)	4	0	3
segment	2285	((1307 : ℚ) / 1024)	((10457 : ℚ) / 8192)	4	0	3
segment	2286	((10457 : ℚ) / 8192)	((5229 : ℚ) / 4096)	4	0	3
segment	2287	((5229 : ℚ) / 4096)	((10459 : ℚ) / 8192)	4	0	3
segment	2288	((10459 : ℚ) / 8192)	((2615 : ℚ) / 2048)	4	0	3
segment	2289	((2615 : ℚ) / 2048)	((10461 : ℚ) / 8192)	4	0	3
segment	2290	((10461 : ℚ) / 8192)	((5231 : ℚ) / 4096)	4	0	3
segment	2291	((5231 : ℚ) / 4096)	((10463 : ℚ) / 8192)	4	0	3
segment	2292	((10463 : ℚ) / 8192)	((327 : ℚ) / 256)	4	0	3
segment	2293	((327 : ℚ) / 256)	((10465 : ℚ) / 8192)	4	0	3
segment	2294	((10465 : ℚ) / 8192)	((5233 : ℚ) / 4096)	4	0	3
segment	2295	((5233 : ℚ) / 4096)	((10467 : ℚ) / 8192)	4	0	3
segment	2296	((10467 : ℚ) / 8192)	((2617 : ℚ) / 2048)	4	0	3
segment	2297	((2617 : ℚ) / 2048)	((10469 : ℚ) / 8192)	4	0	3
segment	2298	((10469 : ℚ) / 8192)	((5235 : ℚ) / 4096)	4	0	3
segment	2299	((5235 : ℚ) / 4096)	((10471 : ℚ) / 8192)	4	0	3
segment	2300	((10471 : ℚ) / 8192)	((1309 : ℚ) / 1024)	4	0	3
segment	2301	((1309 : ℚ) / 1024)	((10473 : ℚ) / 8192)	4	0	3
segment	2302	((10473 : ℚ) / 8192)	((5237 : ℚ) / 4096)	4	0	3
segment	2303	((5237 : ℚ) / 4096)	((10475 : ℚ) / 8192)	4	0	3
segment	2304	((10475 : ℚ) / 8192)	((2619 : ℚ) / 2048)	4	0	3
segment	2305	((2619 : ℚ) / 2048)	((10477 : ℚ) / 8192)	4	0	3
segment	2306	((10477 : ℚ) / 8192)	((5239 : ℚ) / 4096)	4	0	3
segment	2307	((5239 : ℚ) / 4096)	((10479 : ℚ) / 8192)	4	0	3
segment	2308	((10479 : ℚ) / 8192)	((655 : ℚ) / 512)	4	0	3
segment	2309	((655 : ℚ) / 512)	((10481 : ℚ) / 8192)	4	0	3
segment	2310	((10481 : ℚ) / 8192)	((5241 : ℚ) / 4096)	4	0	3
segment	2311	((5241 : ℚ) / 4096)	((10483 : ℚ) / 8192)	4	0	3
segment	2312	((10483 : ℚ) / 8192)	((2621 : ℚ) / 2048)	4	0	3
segment	2313	((2621 : ℚ) / 2048)	((10485 : ℚ) / 8192)	4	0	3
segment	2314	((10485 : ℚ) / 8192)	((5243 : ℚ) / 4096)	4	0	3
segment	2315	((5243 : ℚ) / 4096)	((10487 : ℚ) / 8192)	4	0	3
segment	2316	((10487 : ℚ) / 8192)	((1311 : ℚ) / 1024)	4	0	3
segment	2317	((1311 : ℚ) / 1024)	((10489 : ℚ) / 8192)	4	0	3
segment	2318	((10489 : ℚ) / 8192)	((5245 : ℚ) / 4096)	4	0	3
segment	2319	((5245 : ℚ) / 4096)	((10491 : ℚ) / 8192)	4	0	3
segment	2320	((10491 : ℚ) / 8192)	((2623 : ℚ) / 2048)	4	0	3
segment	2321	((2623 : ℚ) / 2048)	((10493 : ℚ) / 8192)	4	0	3
segment	2322	((10493 : ℚ) / 8192)	((5247 : ℚ) / 4096)	4	0	3
segment	2323	((5247 : ℚ) / 4096)	((10495 : ℚ) / 8192)	4	0	3
segment	2324	((10495 : ℚ) / 8192)	((41 : ℚ) / 32)	4	0	3
segment	2325	((41 : ℚ) / 32)	((10497 : ℚ) / 8192)	4	0	3
segment	2326	((10497 : ℚ) / 8192)	((5249 : ℚ) / 4096)	4	0	3
segment	2327	((5249 : ℚ) / 4096)	((10499 : ℚ) / 8192)	4	0	3
segment	2328	((10499 : ℚ) / 8192)	((2625 : ℚ) / 2048)	4	0	3
segment	2329	((2625 : ℚ) / 2048)	((10501 : ℚ) / 8192)	4	0	3
segment	2330	((10501 : ℚ) / 8192)	((5251 : ℚ) / 4096)	4	0	3
segment	2331	((5251 : ℚ) / 4096)	((10503 : ℚ) / 8192)	4	0	3
segment	2332	((10503 : ℚ) / 8192)	((1313 : ℚ) / 1024)	4	0	3
segment	2333	((1313 : ℚ) / 1024)	((10505 : ℚ) / 8192)	4	0	3
segment	2334	((10505 : ℚ) / 8192)	((5253 : ℚ) / 4096)	4	0	3
segment	2335	((5253 : ℚ) / 4096)	((10507 : ℚ) / 8192)	4	0	3
segment	2336	((10507 : ℚ) / 8192)	((2627 : ℚ) / 2048)	4	0	3
segment	2337	((2627 : ℚ) / 2048)	((10509 : ℚ) / 8192)	4	0	3
segment	2338	((10509 : ℚ) / 8192)	((5255 : ℚ) / 4096)	4	0	3
segment	2339	((5255 : ℚ) / 4096)	((10511 : ℚ) / 8192)	4	0	3
segment	2340	((10511 : ℚ) / 8192)	((657 : ℚ) / 512)	4	0	3
segment	2341	((657 : ℚ) / 512)	((10513 : ℚ) / 8192)	4	0	3
segment	2342	((10513 : ℚ) / 8192)	((5257 : ℚ) / 4096)	4	0	3
segment	2343	((5257 : ℚ) / 4096)	((10515 : ℚ) / 8192)	4	0	3
segment	2344	((10515 : ℚ) / 8192)	((2629 : ℚ) / 2048)	4	0	3
segment	2345	((2629 : ℚ) / 2048)	((10517 : ℚ) / 8192)	4	0	3
segment	2346	((10517 : ℚ) / 8192)	((5259 : ℚ) / 4096)	4	0	3
segment	2347	((5259 : ℚ) / 4096)	((10519 : ℚ) / 8192)	4	0	3
segment	2348	((10519 : ℚ) / 8192)	((1315 : ℚ) / 1024)	4	0	3
segment	2349	((1315 : ℚ) / 1024)	((10521 : ℚ) / 8192)	4	0	3
segment	2350	((10521 : ℚ) / 8192)	((5261 : ℚ) / 4096)	4	0	3
segment	2351	((5261 : ℚ) / 4096)	((10523 : ℚ) / 8192)	4	0	3
segment	2352	((10523 : ℚ) / 8192)	((2631 : ℚ) / 2048)	4	0	3
segment	2353	((2631 : ℚ) / 2048)	((10525 : ℚ) / 8192)	4	0	3
segment	2354	((10525 : ℚ) / 8192)	((5263 : ℚ) / 4096)	4	0	3
segment	2355	((5263 : ℚ) / 4096)	((10527 : ℚ) / 8192)	4	0	3
segment	2356	((10527 : ℚ) / 8192)	((329 : ℚ) / 256)	4	0	3
segment	2357	((329 : ℚ) / 256)	((10529 : ℚ) / 8192)	4	0	3
segment	2358	((10529 : ℚ) / 8192)	((5265 : ℚ) / 4096)	4	0	3
segment	2359	((5265 : ℚ) / 4096)	((10531 : ℚ) / 8192)	4	0	3
segment	2360	((10531 : ℚ) / 8192)	((2633 : ℚ) / 2048)	4	0	3
segment	2361	((2633 : ℚ) / 2048)	((10533 : ℚ) / 8192)	4	0	3
segment	2362	((10533 : ℚ) / 8192)	((5267 : ℚ) / 4096)	4	0	3
segment	2363	((5267 : ℚ) / 4096)	((10535 : ℚ) / 8192)	4	0	3
segment	2364	((10535 : ℚ) / 8192)	((1317 : ℚ) / 1024)	4	0	3
segment	2365	((1317 : ℚ) / 1024)	((10537 : ℚ) / 8192)	4	0	3
segment	2366	((10537 : ℚ) / 8192)	((5269 : ℚ) / 4096)	4	0	3
segment	2367	((5269 : ℚ) / 4096)	((10539 : ℚ) / 8192)	4	0	3
segment	2368	((10539 : ℚ) / 8192)	((2635 : ℚ) / 2048)	4	0	3
segment	2369	((2635 : ℚ) / 2048)	((10541 : ℚ) / 8192)	4	0	3
segment	2370	((10541 : ℚ) / 8192)	((5271 : ℚ) / 4096)	4	0	3
segment	2371	((5271 : ℚ) / 4096)	((10543 : ℚ) / 8192)	4	0	3
segment	2372	((10543 : ℚ) / 8192)	((659 : ℚ) / 512)	4	0	3
segment	2373	((659 : ℚ) / 512)	((10545 : ℚ) / 8192)	4	0	3
segment	2374	((10545 : ℚ) / 8192)	((5273 : ℚ) / 4096)	4	0	3
segment	2375	((5273 : ℚ) / 4096)	((10547 : ℚ) / 8192)	4	0	3
segment	2376	((10547 : ℚ) / 8192)	((2637 : ℚ) / 2048)	4	0	3
segment	2377	((2637 : ℚ) / 2048)	((10549 : ℚ) / 8192)	4	0	3
segment	2378	((10549 : ℚ) / 8192)	((5275 : ℚ) / 4096)	4	0	3
segment	2379	((5275 : ℚ) / 4096)	((10551 : ℚ) / 8192)	4	0	3
segment	2380	((10551 : ℚ) / 8192)	((1319 : ℚ) / 1024)	4	0	3
segment	2381	((1319 : ℚ) / 1024)	((10553 : ℚ) / 8192)	4	0	3
segment	2382	((10553 : ℚ) / 8192)	((5277 : ℚ) / 4096)	4	0	3
segment	2383	((5277 : ℚ) / 4096)	((10555 : ℚ) / 8192)	4	0	3
segment	2384	((10555 : ℚ) / 8192)	((2639 : ℚ) / 2048)	4	0	3
segment	2385	((2639 : ℚ) / 2048)	((10557 : ℚ) / 8192)	4	0	3
segment	2386	((10557 : ℚ) / 8192)	((5279 : ℚ) / 4096)	4	0	3
segment	2387	((5279 : ℚ) / 4096)	((10559 : ℚ) / 8192)	4	0	3
segment	2388	((10559 : ℚ) / 8192)	((165 : ℚ) / 128)	4	0	3
segment	2389	((165 : ℚ) / 128)	((10561 : ℚ) / 8192)	4	0	3
segment	2390	((10561 : ℚ) / 8192)	((5281 : ℚ) / 4096)	4	0	3
segment	2391	((5281 : ℚ) / 4096)	((10563 : ℚ) / 8192)	4	0	3
segment	2392	((10563 : ℚ) / 8192)	((2641 : ℚ) / 2048)	4	0	3
segment	2393	((2641 : ℚ) / 2048)	((10565 : ℚ) / 8192)	4	0	3
segment	2394	((10565 : ℚ) / 8192)	((5283 : ℚ) / 4096)	4	0	3
segment	2395	((5283 : ℚ) / 4096)	((10567 : ℚ) / 8192)	4	0	3
segment	2396	((10567 : ℚ) / 8192)	((1321 : ℚ) / 1024)	4	0	3
segment	2397	((1321 : ℚ) / 1024)	((10569 : ℚ) / 8192)	4	0	3
segment	2398	((10569 : ℚ) / 8192)	((5285 : ℚ) / 4096)	4	0	3
segment	2399	((5285 : ℚ) / 4096)	((10571 : ℚ) / 8192)	4	0	3
segment	2400	((10571 : ℚ) / 8192)	((2643 : ℚ) / 2048)	4	0	3
segment	2401	((2643 : ℚ) / 2048)	((10573 : ℚ) / 8192)	4	0	3
segment	2402	((10573 : ℚ) / 8192)	((5287 : ℚ) / 4096)	4	0	3
segment	2403	((5287 : ℚ) / 4096)	((10575 : ℚ) / 8192)	4	0	3
segment	2404	((10575 : ℚ) / 8192)	((661 : ℚ) / 512)	4	0	3
segment	2405	((661 : ℚ) / 512)	((10577 : ℚ) / 8192)	4	0	3
segment	2406	((10577 : ℚ) / 8192)	((5289 : ℚ) / 4096)	4	0	3
segment	2407	((5289 : ℚ) / 4096)	((10579 : ℚ) / 8192)	4	0	3
segment	2408	((10579 : ℚ) / 8192)	((2645 : ℚ) / 2048)	4	0	3
segment	2409	((2645 : ℚ) / 2048)	((10581 : ℚ) / 8192)	4	0	3
segment	2410	((10581 : ℚ) / 8192)	((5291 : ℚ) / 4096)	4	0	3
segment	2411	((5291 : ℚ) / 4096)	((10583 : ℚ) / 8192)	4	0	3
segment	2412	((10583 : ℚ) / 8192)	((1323 : ℚ) / 1024)	4	0	3
segment	2413	((1323 : ℚ) / 1024)	((10585 : ℚ) / 8192)	4	0	3
segment	2414	((10585 : ℚ) / 8192)	((5293 : ℚ) / 4096)	4	0	3
segment	2415	((5293 : ℚ) / 4096)	((10587 : ℚ) / 8192)	4	0	3
segment	2416	((10587 : ℚ) / 8192)	((2647 : ℚ) / 2048)	4	0	3
segment	2417	((2647 : ℚ) / 2048)	((10589 : ℚ) / 8192)	4	0	3
segment	2418	((10589 : ℚ) / 8192)	((5295 : ℚ) / 4096)	4	0	3
segment	2419	((5295 : ℚ) / 4096)	((10591 : ℚ) / 8192)	4	0	3
segment	2420	((10591 : ℚ) / 8192)	((331 : ℚ) / 256)	4	0	3
segment	2421	((331 : ℚ) / 256)	((10593 : ℚ) / 8192)	4	0	3
segment	2422	((10593 : ℚ) / 8192)	((5297 : ℚ) / 4096)	4	0	3
segment	2423	((5297 : ℚ) / 4096)	((10595 : ℚ) / 8192)	4	0	3
segment	2424	((10595 : ℚ) / 8192)	((2649 : ℚ) / 2048)	4	0	3
segment	2425	((2649 : ℚ) / 2048)	((10597 : ℚ) / 8192)	4	0	3
segment	2426	((10597 : ℚ) / 8192)	((5299 : ℚ) / 4096)	4	0	3
segment	2427	((5299 : ℚ) / 4096)	((10599 : ℚ) / 8192)	4	0	3
segment	2428	((10599 : ℚ) / 8192)	((1325 : ℚ) / 1024)	4	0	3
segment	2429	((1325 : ℚ) / 1024)	((10601 : ℚ) / 8192)	4	0	3
segment	2430	((10601 : ℚ) / 8192)	((5301 : ℚ) / 4096)	4	0	3
segment	2431	((5301 : ℚ) / 4096)	((10603 : ℚ) / 8192)	4	0	3
segment	2432	((10603 : ℚ) / 8192)	((2651 : ℚ) / 2048)	4	0	3
segment	2433	((2651 : ℚ) / 2048)	((10605 : ℚ) / 8192)	4	0	3
segment	2434	((10605 : ℚ) / 8192)	((5303 : ℚ) / 4096)	4	0	3
segment	2435	((5303 : ℚ) / 4096)	((10607 : ℚ) / 8192)	4	0	3
segment	2436	((10607 : ℚ) / 8192)	((663 : ℚ) / 512)	4	0	3
segment	2437	((663 : ℚ) / 512)	((10609 : ℚ) / 8192)	4	0	3
segment	2438	((10609 : ℚ) / 8192)	((5305 : ℚ) / 4096)	4	0	3
segment	2439	((5305 : ℚ) / 4096)	((10611 : ℚ) / 8192)	4	0	3
segment	2440	((10611 : ℚ) / 8192)	((2653 : ℚ) / 2048)	4	0	3
segment	2441	((2653 : ℚ) / 2048)	((10613 : ℚ) / 8192)	4	0	3
segment	2442	((10613 : ℚ) / 8192)	((5307 : ℚ) / 4096)	4	0	3
segment	2443	((5307 : ℚ) / 4096)	((10615 : ℚ) / 8192)	4	0	3
segment	2444	((10615 : ℚ) / 8192)	((1327 : ℚ) / 1024)	4	0	3
segment	2445	((1327 : ℚ) / 1024)	((10617 : ℚ) / 8192)	4	0	3
segment	2446	((10617 : ℚ) / 8192)	((5309 : ℚ) / 4096)	4	0	3
segment	2447	((5309 : ℚ) / 4096)	((10619 : ℚ) / 8192)	4	0	3
segment	2448	((10619 : ℚ) / 8192)	((2655 : ℚ) / 2048)	4	0	3
segment	2449	((2655 : ℚ) / 2048)	((10621 : ℚ) / 8192)	4	0	3
segment	2450	((10621 : ℚ) / 8192)	((5311 : ℚ) / 4096)	4	0	3
segment	2451	((5311 : ℚ) / 4096)	((10623 : ℚ) / 8192)	4	0	3
segment	2452	((10623 : ℚ) / 8192)	((83 : ℚ) / 64)	4	0	3
segment	2453	((83 : ℚ) / 64)	((10625 : ℚ) / 8192)	4	0	3
segment	2454	((10625 : ℚ) / 8192)	((5313 : ℚ) / 4096)	4	0	3
segment	2455	((5313 : ℚ) / 4096)	((10627 : ℚ) / 8192)	4	0	3
segment	2456	((10627 : ℚ) / 8192)	((2657 : ℚ) / 2048)	4	0	3
segment	2457	((2657 : ℚ) / 2048)	((10629 : ℚ) / 8192)	4	0	3
segment	2458	((10629 : ℚ) / 8192)	((5315 : ℚ) / 4096)	4	0	3
segment	2459	((5315 : ℚ) / 4096)	((10631 : ℚ) / 8192)	4	0	3
segment	2460	((10631 : ℚ) / 8192)	((1329 : ℚ) / 1024)	4	0	3
segment	2461	((1329 : ℚ) / 1024)	((10633 : ℚ) / 8192)	4	0	3
segment	2462	((10633 : ℚ) / 8192)	((5317 : ℚ) / 4096)	4	0	3
segment	2463	((5317 : ℚ) / 4096)	((10635 : ℚ) / 8192)	4	0	3
segment	2464	((10635 : ℚ) / 8192)	((2659 : ℚ) / 2048)	4	0	3
segment	2465	((2659 : ℚ) / 2048)	((10637 : ℚ) / 8192)	4	0	3
segment	2466	((10637 : ℚ) / 8192)	((5319 : ℚ) / 4096)	4	0	3
segment	2467	((5319 : ℚ) / 4096)	((10639 : ℚ) / 8192)	4	0	3
segment	2468	((10639 : ℚ) / 8192)	((665 : ℚ) / 512)	4	0	3
segment	2469	((665 : ℚ) / 512)	((10641 : ℚ) / 8192)	4	0	3
segment	2470	((10641 : ℚ) / 8192)	((5321 : ℚ) / 4096)	4	0	3
segment	2471	((5321 : ℚ) / 4096)	((10643 : ℚ) / 8192)	4	0	3
segment	2472	((10643 : ℚ) / 8192)	((2661 : ℚ) / 2048)	4	0	3
segment	2473	((2661 : ℚ) / 2048)	((10645 : ℚ) / 8192)	4	0	3
segment	2474	((10645 : ℚ) / 8192)	((5323 : ℚ) / 4096)	4	0	3
segment	2475	((5323 : ℚ) / 4096)	((10647 : ℚ) / 8192)	4	0	3
segment	2476	((10647 : ℚ) / 8192)	((1331 : ℚ) / 1024)	4	0	3
segment	2477	((1331 : ℚ) / 1024)	((10649 : ℚ) / 8192)	4	0	3
segment	2478	((10649 : ℚ) / 8192)	((5325 : ℚ) / 4096)	4	0	3
segment	2479	((5325 : ℚ) / 4096)	((10651 : ℚ) / 8192)	4	0	3
segment	2480	((10651 : ℚ) / 8192)	((2663 : ℚ) / 2048)	4	0	3
segment	2481	((2663 : ℚ) / 2048)	((10653 : ℚ) / 8192)	4	0	3
segment	2482	((10653 : ℚ) / 8192)	((5327 : ℚ) / 4096)	4	0	3
segment	2483	((5327 : ℚ) / 4096)	((10655 : ℚ) / 8192)	4	0	3
segment	2484	((10655 : ℚ) / 8192)	((333 : ℚ) / 256)	4	0	3
segment	2485	((333 : ℚ) / 256)	((10657 : ℚ) / 8192)	4	0	3
segment	2486	((10657 : ℚ) / 8192)	((5329 : ℚ) / 4096)	4	0	3
segment	2487	((5329 : ℚ) / 4096)	((10659 : ℚ) / 8192)	4	0	3
segment	2488	((10659 : ℚ) / 8192)	((2665 : ℚ) / 2048)	4	0	3
segment	2489	((2665 : ℚ) / 2048)	((10661 : ℚ) / 8192)	4	0	3
segment	2490	((10661 : ℚ) / 8192)	((5331 : ℚ) / 4096)	4	0	3
segment	2491	((5331 : ℚ) / 4096)	((10663 : ℚ) / 8192)	4	0	3
segment	2492	((10663 : ℚ) / 8192)	((1333 : ℚ) / 1024)	4	0	3
segment	2493	((1333 : ℚ) / 1024)	((10665 : ℚ) / 8192)	4	0	3
segment	2494	((10665 : ℚ) / 8192)	((5333 : ℚ) / 4096)	4	0	3
segment	2495	((5333 : ℚ) / 4096)	((10667 : ℚ) / 8192)	4	0	3
segment	2496	((10667 : ℚ) / 8192)	((2667 : ℚ) / 2048)	4	0	3
segment	2497	((2667 : ℚ) / 2048)	((10669 : ℚ) / 8192)	4	0	3
segment	2498	((10669 : ℚ) / 8192)	((5335 : ℚ) / 4096)	4	0	3
segment	2499	((5335 : ℚ) / 4096)	((10671 : ℚ) / 8192)	4	0	3
segment	2500	((10671 : ℚ) / 8192)	((667 : ℚ) / 512)	4	0	3
segment	2501	((667 : ℚ) / 512)	((10673 : ℚ) / 8192)	4	0	3
segment	2502	((10673 : ℚ) / 8192)	((5337 : ℚ) / 4096)	4	0	3
segment	2503	((5337 : ℚ) / 4096)	((10675 : ℚ) / 8192)	4	0	3
segment	2504	((10675 : ℚ) / 8192)	((2669 : ℚ) / 2048)	4	0	3
segment	2505	((2669 : ℚ) / 2048)	((10677 : ℚ) / 8192)	4	0	3
segment	2506	((10677 : ℚ) / 8192)	((5339 : ℚ) / 4096)	4	0	3
segment	2507	((5339 : ℚ) / 4096)	((10679 : ℚ) / 8192)	4	0	3
segment	2508	((10679 : ℚ) / 8192)	((1335 : ℚ) / 1024)	4	0	3
segment	2509	((1335 : ℚ) / 1024)	((10681 : ℚ) / 8192)	4	0	3
segment	2510	((10681 : ℚ) / 8192)	((5341 : ℚ) / 4096)	4	0	3
segment	2511	((5341 : ℚ) / 4096)	((10683 : ℚ) / 8192)	4	0	3
segment	2512	((10683 : ℚ) / 8192)	((2671 : ℚ) / 2048)	4	0	3
segment	2513	((2671 : ℚ) / 2048)	((10685 : ℚ) / 8192)	4	0	3
segment	2514	((10685 : ℚ) / 8192)	((5343 : ℚ) / 4096)	4	0	3
segment	2515	((5343 : ℚ) / 4096)	((10687 : ℚ) / 8192)	4	0	3
segment	2516	((10687 : ℚ) / 8192)	((167 : ℚ) / 128)	4	0	3
segment	2517	((167 : ℚ) / 128)	((10689 : ℚ) / 8192)	4	0	3
segment	2518	((10689 : ℚ) / 8192)	((5345 : ℚ) / 4096)	4	0	3
segment	2519	((5345 : ℚ) / 4096)	((10691 : ℚ) / 8192)	4	0	3
segment	2520	((10691 : ℚ) / 8192)	((2673 : ℚ) / 2048)	4	0	3
segment	2521	((2673 : ℚ) / 2048)	((10693 : ℚ) / 8192)	4	0	3
segment	2522	((10693 : ℚ) / 8192)	((5347 : ℚ) / 4096)	4	0	3
segment	2523	((5347 : ℚ) / 4096)	((10695 : ℚ) / 8192)	4	0	3
segment	2524	((10695 : ℚ) / 8192)	((1337 : ℚ) / 1024)	4	0	3
segment	2525	((1337 : ℚ) / 1024)	((10697 : ℚ) / 8192)	4	0	3
segment	2526	((10697 : ℚ) / 8192)	((5349 : ℚ) / 4096)	4	0	3
segment	2527	((5349 : ℚ) / 4096)	((10699 : ℚ) / 8192)	4	0	3
segment	2528	((10699 : ℚ) / 8192)	((2675 : ℚ) / 2048)	4	0	3
segment	2529	((2675 : ℚ) / 2048)	((10701 : ℚ) / 8192)	4	0	3
segment	2530	((10701 : ℚ) / 8192)	((5351 : ℚ) / 4096)	4	0	3
segment	2531	((5351 : ℚ) / 4096)	((10703 : ℚ) / 8192)	4	0	3
segment	2532	((10703 : ℚ) / 8192)	((669 : ℚ) / 512)	4	0	3
segment	2533	((669 : ℚ) / 512)	((10705 : ℚ) / 8192)	4	0	3
segment	2534	((10705 : ℚ) / 8192)	((5353 : ℚ) / 4096)	4	0	3
segment	2535	((5353 : ℚ) / 4096)	((10707 : ℚ) / 8192)	4	0	3
segment	2536	((10707 : ℚ) / 8192)	((2677 : ℚ) / 2048)	4	0	3
segment	2537	((2677 : ℚ) / 2048)	((10709 : ℚ) / 8192)	4	0	3
segment	2538	((10709 : ℚ) / 8192)	((5355 : ℚ) / 4096)	4	0	3
segment	2539	((5355 : ℚ) / 4096)	((10711 : ℚ) / 8192)	4	0	3
segment	2540	((10711 : ℚ) / 8192)	((1339 : ℚ) / 1024)	4	0	3
segment	2541	((1339 : ℚ) / 1024)	((10713 : ℚ) / 8192)	4	0	3
segment	2542	((10713 : ℚ) / 8192)	((5357 : ℚ) / 4096)	4	0	3
segment	2543	((5357 : ℚ) / 4096)	((10715 : ℚ) / 8192)	4	0	3
segment	2544	((10715 : ℚ) / 8192)	((2679 : ℚ) / 2048)	4	0	3
segment	2545	((2679 : ℚ) / 2048)	((10717 : ℚ) / 8192)	4	0	3
segment	2546	((10717 : ℚ) / 8192)	((5359 : ℚ) / 4096)	4	0	3
segment	2547	((5359 : ℚ) / 4096)	((10719 : ℚ) / 8192)	4	0	3
segment	2548	((10719 : ℚ) / 8192)	((335 : ℚ) / 256)	4	0	3
segment	2549	((335 : ℚ) / 256)	((10721 : ℚ) / 8192)	4	0	3
segment	2550	((10721 : ℚ) / 8192)	((5361 : ℚ) / 4096)	4	0	3
segment	2551	((5361 : ℚ) / 4096)	((10723 : ℚ) / 8192)	4	0	3
segment	2552	((10723 : ℚ) / 8192)	((2681 : ℚ) / 2048)	4	0	3
segment	2553	((2681 : ℚ) / 2048)	((10725 : ℚ) / 8192)	4	0	3
segment	2554	((10725 : ℚ) / 8192)	((5363 : ℚ) / 4096)	4	0	3
segment	2555	((5363 : ℚ) / 4096)	((10727 : ℚ) / 8192)	4	0	3
segment	2556	((10727 : ℚ) / 8192)	((1341 : ℚ) / 1024)	4	0	3
segment	2557	((1341 : ℚ) / 1024)	((10729 : ℚ) / 8192)	4	0	3
segment	2558	((10729 : ℚ) / 8192)	((5365 : ℚ) / 4096)	4	0	3
segment	2559	((5365 : ℚ) / 4096)	((10731 : ℚ) / 8192)	4	0	3
segment	2560	((10731 : ℚ) / 8192)	((2683 : ℚ) / 2048)	4	0	3
segment	2561	((2683 : ℚ) / 2048)	((10733 : ℚ) / 8192)	4	0	3
segment	2562	((10733 : ℚ) / 8192)	((5367 : ℚ) / 4096)	4	0	3
segment	2563	((5367 : ℚ) / 4096)	((10735 : ℚ) / 8192)	4	0	3
segment	2564	((10735 : ℚ) / 8192)	((671 : ℚ) / 512)	4	0	3
segment	2565	((671 : ℚ) / 512)	((10737 : ℚ) / 8192)	4	0	3
segment	2566	((10737 : ℚ) / 8192)	((5369 : ℚ) / 4096)	4	0	3
segment	2567	((5369 : ℚ) / 4096)	((10739 : ℚ) / 8192)	4	0	3
segment	2568	((10739 : ℚ) / 8192)	((2685 : ℚ) / 2048)	4	0	3
segment	2569	((2685 : ℚ) / 2048)	((10741 : ℚ) / 8192)	4	0	3
segment	2570	((10741 : ℚ) / 8192)	((5371 : ℚ) / 4096)	4	0	3
segment	2571	((5371 : ℚ) / 4096)	((10743 : ℚ) / 8192)	4	0	3
segment	2572	((10743 : ℚ) / 8192)	((1343 : ℚ) / 1024)	4	0	3
segment	2573	((1343 : ℚ) / 1024)	((10745 : ℚ) / 8192)	4	0	3
segment	2574	((10745 : ℚ) / 8192)	((5373 : ℚ) / 4096)	4	0	3
segment	2575	((5373 : ℚ) / 4096)	((10747 : ℚ) / 8192)	4	0	3
segment	2576	((10747 : ℚ) / 8192)	((2687 : ℚ) / 2048)	4	0	3
segment	2577	((2687 : ℚ) / 2048)	((10749 : ℚ) / 8192)	4	0	3
segment	2578	((10749 : ℚ) / 8192)	((5375 : ℚ) / 4096)	4	0	3
segment	2579	((5375 : ℚ) / 4096)	((10751 : ℚ) / 8192)	4	0	3
segment	2580	((10751 : ℚ) / 8192)	((21 : ℚ) / 16)	4	0	3
segment	2581	((21 : ℚ) / 16)	((10753 : ℚ) / 8192)	4	0	3
segment	2582	((10753 : ℚ) / 8192)	((5377 : ℚ) / 4096)	4	0	3
segment	2583	((5377 : ℚ) / 4096)	((10755 : ℚ) / 8192)	4	0	3
segment	2584	((10755 : ℚ) / 8192)	((2689 : ℚ) / 2048)	4	0	3
segment	2585	((2689 : ℚ) / 2048)	((10757 : ℚ) / 8192)	4	0	3
segment	2586	((10757 : ℚ) / 8192)	((5379 : ℚ) / 4096)	4	0	3
segment	2587	((5379 : ℚ) / 4096)	((10759 : ℚ) / 8192)	4	0	3
segment	2588	((10759 : ℚ) / 8192)	((1345 : ℚ) / 1024)	4	0	3
segment	2589	((1345 : ℚ) / 1024)	((10761 : ℚ) / 8192)	4	0	3
segment	2590	((10761 : ℚ) / 8192)	((5381 : ℚ) / 4096)	4	0	3
segment	2591	((5381 : ℚ) / 4096)	((10763 : ℚ) / 8192)	4	0	3
segment	2592	((10763 : ℚ) / 8192)	((2691 : ℚ) / 2048)	4	0	3
segment	2593	((2691 : ℚ) / 2048)	((10765 : ℚ) / 8192)	4	0	3
segment	2594	((10765 : ℚ) / 8192)	((5383 : ℚ) / 4096)	4	0	3
segment	2595	((5383 : ℚ) / 4096)	((10767 : ℚ) / 8192)	4	0	3
segment	2596	((10767 : ℚ) / 8192)	((673 : ℚ) / 512)	4	0	3
segment	2597	((673 : ℚ) / 512)	((10769 : ℚ) / 8192)	4	0	3
segment	2598	((10769 : ℚ) / 8192)	((5385 : ℚ) / 4096)	4	0	3
segment	2599	((5385 : ℚ) / 4096)	((10771 : ℚ) / 8192)	4	0	3
segment	2600	((10771 : ℚ) / 8192)	((2693 : ℚ) / 2048)	4	0	3
segment	2601	((2693 : ℚ) / 2048)	((10773 : ℚ) / 8192)	4	0	3
segment	2602	((10773 : ℚ) / 8192)	((5387 : ℚ) / 4096)	4	0	3
segment	2603	((5387 : ℚ) / 4096)	((10775 : ℚ) / 8192)	4	0	3
segment	2604	((10775 : ℚ) / 8192)	((1347 : ℚ) / 1024)	4	0	3
segment	2605	((1347 : ℚ) / 1024)	((10777 : ℚ) / 8192)	4	0	3
segment	2606	((10777 : ℚ) / 8192)	((5389 : ℚ) / 4096)	4	0	3
segment	2607	((5389 : ℚ) / 4096)	((10779 : ℚ) / 8192)	4	0	3
segment	2608	((10779 : ℚ) / 8192)	((2695 : ℚ) / 2048)	4	0	3
segment	2609	((2695 : ℚ) / 2048)	((10781 : ℚ) / 8192)	4	0	3
segment	2610	((10781 : ℚ) / 8192)	((5391 : ℚ) / 4096)	4	0	3
segment	2611	((5391 : ℚ) / 4096)	((10783 : ℚ) / 8192)	4	0	3
segment	2612	((10783 : ℚ) / 8192)	((337 : ℚ) / 256)	4	0	3
segment	2613	((337 : ℚ) / 256)	((10785 : ℚ) / 8192)	4	0	3
segment	2614	((10785 : ℚ) / 8192)	((5393 : ℚ) / 4096)	4	0	3
segment	2615	((5393 : ℚ) / 4096)	((10787 : ℚ) / 8192)	4	0	3
segment	2616	((10787 : ℚ) / 8192)	((2697 : ℚ) / 2048)	4	0	3
segment	2617	((2697 : ℚ) / 2048)	((10789 : ℚ) / 8192)	4	0	3
segment	2618	((10789 : ℚ) / 8192)	((5395 : ℚ) / 4096)	4	0	3
segment	2619	((5395 : ℚ) / 4096)	((10791 : ℚ) / 8192)	4	0	3
segment	2620	((10791 : ℚ) / 8192)	((1349 : ℚ) / 1024)	4	0	3
segment	2621	((1349 : ℚ) / 1024)	((10793 : ℚ) / 8192)	4	0	3
segment	2622	((10793 : ℚ) / 8192)	((5397 : ℚ) / 4096)	4	0	3
segment	2623	((5397 : ℚ) / 4096)	((10795 : ℚ) / 8192)	4	0	3
segment	2624	((10795 : ℚ) / 8192)	((2699 : ℚ) / 2048)	4	0	3
segment	2625	((2699 : ℚ) / 2048)	((10797 : ℚ) / 8192)	4	0	3
segment	2626	((10797 : ℚ) / 8192)	((5399 : ℚ) / 4096)	4	0	3
segment	2627	((5399 : ℚ) / 4096)	((10799 : ℚ) / 8192)	4	0	3
segment	2628	((10799 : ℚ) / 8192)	((675 : ℚ) / 512)	4	0	3
segment	2629	((675 : ℚ) / 512)	((10801 : ℚ) / 8192)	4	0	3
segment	2630	((10801 : ℚ) / 8192)	((5401 : ℚ) / 4096)	4	0	3
segment	2631	((5401 : ℚ) / 4096)	((10803 : ℚ) / 8192)	4	0	3
segment	2632	((10803 : ℚ) / 8192)	((2701 : ℚ) / 2048)	4	0	3
segment	2633	((2701 : ℚ) / 2048)	((10805 : ℚ) / 8192)	4	0	3
segment	2634	((10805 : ℚ) / 8192)	((5403 : ℚ) / 4096)	4	0	3
segment	2635	((5403 : ℚ) / 4096)	((10807 : ℚ) / 8192)	4	0	3
segment	2636	((10807 : ℚ) / 8192)	((1351 : ℚ) / 1024)	4	0	3
segment	2637	((1351 : ℚ) / 1024)	((10809 : ℚ) / 8192)	4	0	3
segment	2638	((10809 : ℚ) / 8192)	((5405 : ℚ) / 4096)	4	0	3
segment	2639	((5405 : ℚ) / 4096)	((10811 : ℚ) / 8192)	4	0	3
segment	2640	((10811 : ℚ) / 8192)	((2703 : ℚ) / 2048)	4	0	3
segment	2641	((2703 : ℚ) / 2048)	((10813 : ℚ) / 8192)	4	0	3
segment	2642	((10813 : ℚ) / 8192)	((5407 : ℚ) / 4096)	4	0	3
segment	2643	((5407 : ℚ) / 4096)	((10815 : ℚ) / 8192)	4	0	3
segment	2644	((10815 : ℚ) / 8192)	((169 : ℚ) / 128)	4	0	3
segment	2645	((169 : ℚ) / 128)	((10817 : ℚ) / 8192)	4	0	3
segment	2646	((10817 : ℚ) / 8192)	((5409 : ℚ) / 4096)	4	0	3
segment	2647	((5409 : ℚ) / 4096)	((10819 : ℚ) / 8192)	4	0	3
segment	2648	((10819 : ℚ) / 8192)	((2705 : ℚ) / 2048)	4	0	3
segment	2649	((2705 : ℚ) / 2048)	((10821 : ℚ) / 8192)	4	0	3
segment	2650	((10821 : ℚ) / 8192)	((5411 : ℚ) / 4096)	4	0	3
segment	2651	((5411 : ℚ) / 4096)	((10823 : ℚ) / 8192)	4	0	3
segment	2652	((10823 : ℚ) / 8192)	((1353 : ℚ) / 1024)	4	0	3
segment	2653	((1353 : ℚ) / 1024)	((10825 : ℚ) / 8192)	4	0	3
segment	2654	((10825 : ℚ) / 8192)	((5413 : ℚ) / 4096)	4	0	3
segment	2655	((5413 : ℚ) / 4096)	((10827 : ℚ) / 8192)	4	0	3
segment	2656	((10827 : ℚ) / 8192)	((2707 : ℚ) / 2048)	4	0	3
segment	2657	((2707 : ℚ) / 2048)	((10829 : ℚ) / 8192)	4	0	3
segment	2658	((10829 : ℚ) / 8192)	((5415 : ℚ) / 4096)	4	0	3
segment	2659	((5415 : ℚ) / 4096)	((10831 : ℚ) / 8192)	4	0	3
segment	2660	((10831 : ℚ) / 8192)	((677 : ℚ) / 512)	4	0	3
segment	2661	((677 : ℚ) / 512)	((10833 : ℚ) / 8192)	4	0	3
segment	2662	((10833 : ℚ) / 8192)	((5417 : ℚ) / 4096)	4	0	3
segment	2663	((5417 : ℚ) / 4096)	((10835 : ℚ) / 8192)	4	0	3
segment	2664	((10835 : ℚ) / 8192)	((2709 : ℚ) / 2048)	4	0	3
segment	2665	((2709 : ℚ) / 2048)	((10837 : ℚ) / 8192)	4	0	3
segment	2666	((10837 : ℚ) / 8192)	((5419 : ℚ) / 4096)	4	0	3
segment	2667	((5419 : ℚ) / 4096)	((10839 : ℚ) / 8192)	4	0	3
segment	2668	((10839 : ℚ) / 8192)	((1355 : ℚ) / 1024)	4	0	3
segment	2669	((1355 : ℚ) / 1024)	((10841 : ℚ) / 8192)	4	0	3
segment	2670	((10841 : ℚ) / 8192)	((5421 : ℚ) / 4096)	4	0	3
segment	2671	((5421 : ℚ) / 4096)	((10843 : ℚ) / 8192)	4	0	3
segment	2672	((10843 : ℚ) / 8192)	((2711 : ℚ) / 2048)	4	0	3
segment	2673	((2711 : ℚ) / 2048)	((10845 : ℚ) / 8192)	4	0	3
segment	2674	((10845 : ℚ) / 8192)	((5423 : ℚ) / 4096)	4	0	3
segment	2675	((5423 : ℚ) / 4096)	((10847 : ℚ) / 8192)	4	0	3
segment	2676	((10847 : ℚ) / 8192)	((339 : ℚ) / 256)	4	0	3
segment	2677	((339 : ℚ) / 256)	((10849 : ℚ) / 8192)	4	0	3
segment	2678	((10849 : ℚ) / 8192)	((5425 : ℚ) / 4096)	4	0	3
segment	2679	((5425 : ℚ) / 4096)	((10851 : ℚ) / 8192)	4	0	3
segment	2680	((10851 : ℚ) / 8192)	((2713 : ℚ) / 2048)	4	0	3
segment	2681	((2713 : ℚ) / 2048)	((10853 : ℚ) / 8192)	4	0	3
segment	2682	((10853 : ℚ) / 8192)	((5427 : ℚ) / 4096)	4	0	3
segment	2683	((5427 : ℚ) / 4096)	((10855 : ℚ) / 8192)	4	0	3
segment	2684	((10855 : ℚ) / 8192)	((1357 : ℚ) / 1024)	4	0	3
segment	2685	((1357 : ℚ) / 1024)	((10857 : ℚ) / 8192)	4	0	3
segment	2686	((10857 : ℚ) / 8192)	((5429 : ℚ) / 4096)	4	0	3
segment	2687	((5429 : ℚ) / 4096)	((10859 : ℚ) / 8192)	4	0	3
segment	2688	((10859 : ℚ) / 8192)	((2715 : ℚ) / 2048)	4	0	3
segment	2689	((2715 : ℚ) / 2048)	((10861 : ℚ) / 8192)	4	0	3
segment	2690	((10861 : ℚ) / 8192)	((5431 : ℚ) / 4096)	4	0	3
segment	2691	((5431 : ℚ) / 4096)	((10863 : ℚ) / 8192)	4	0	3
segment	2692	((10863 : ℚ) / 8192)	((679 : ℚ) / 512)	4	0	3
segment	2693	((679 : ℚ) / 512)	((10865 : ℚ) / 8192)	4	0	3
segment	2694	((10865 : ℚ) / 8192)	((5433 : ℚ) / 4096)	4	0	3
segment	2695	((5433 : ℚ) / 4096)	((10867 : ℚ) / 8192)	4	0	3
segment	2696	((10867 : ℚ) / 8192)	((2717 : ℚ) / 2048)	4	0	3
segment	2697	((2717 : ℚ) / 2048)	((10869 : ℚ) / 8192)	4	0	3
segment	2698	((10869 : ℚ) / 8192)	((5435 : ℚ) / 4096)	4	0	3
segment	2699	((5435 : ℚ) / 4096)	((10871 : ℚ) / 8192)	4	0	3
segment	2700	((10871 : ℚ) / 8192)	((1359 : ℚ) / 1024)	4	0	3
segment	2701	((1359 : ℚ) / 1024)	((10873 : ℚ) / 8192)	4	0	3
segment	2702	((10873 : ℚ) / 8192)	((5437 : ℚ) / 4096)	4	0	3
segment	2703	((5437 : ℚ) / 4096)	((10875 : ℚ) / 8192)	4	0	3
segment	2704	((10875 : ℚ) / 8192)	((2719 : ℚ) / 2048)	4	0	3
segment	2705	((2719 : ℚ) / 2048)	((10877 : ℚ) / 8192)	4	0	3
segment	2706	((10877 : ℚ) / 8192)	((5439 : ℚ) / 4096)	4	0	3
segment	2707	((5439 : ℚ) / 4096)	((10879 : ℚ) / 8192)	4	0	3
segment	2708	((10879 : ℚ) / 8192)	((85 : ℚ) / 64)	4	0	3
segment	2709	((85 : ℚ) / 64)	((10881 : ℚ) / 8192)	4	0	3
segment	2710	((10881 : ℚ) / 8192)	((5441 : ℚ) / 4096)	4	0	3
segment	2711	((5441 : ℚ) / 4096)	((10883 : ℚ) / 8192)	4	0	3
segment	2712	((10883 : ℚ) / 8192)	((2721 : ℚ) / 2048)	4	0	3
segment	2713	((2721 : ℚ) / 2048)	((10885 : ℚ) / 8192)	4	0	3
segment	2714	((10885 : ℚ) / 8192)	((5443 : ℚ) / 4096)	4	0	3
segment	2715	((5443 : ℚ) / 4096)	((10887 : ℚ) / 8192)	4	0	3
segment	2716	((10887 : ℚ) / 8192)	((1361 : ℚ) / 1024)	4	0	3
segment	2717	((1361 : ℚ) / 1024)	((10889 : ℚ) / 8192)	4	0	3
segment	2718	((10889 : ℚ) / 8192)	((5445 : ℚ) / 4096)	4	0	3
segment	2719	((5445 : ℚ) / 4096)	((10891 : ℚ) / 8192)	4	0	3
segment	2720	((10891 : ℚ) / 8192)	((2723 : ℚ) / 2048)	4	0	3
segment	2721	((2723 : ℚ) / 2048)	((10893 : ℚ) / 8192)	4	0	3
segment	2722	((10893 : ℚ) / 8192)	((5447 : ℚ) / 4096)	4	0	3
segment	2723	((5447 : ℚ) / 4096)	((10895 : ℚ) / 8192)	4	0	3
segment	2724	((10895 : ℚ) / 8192)	((681 : ℚ) / 512)	4	0	3
segment	2725	((681 : ℚ) / 512)	((10897 : ℚ) / 8192)	4	0	3
segment	2726	((10897 : ℚ) / 8192)	((5449 : ℚ) / 4096)	4	0	3
segment	2727	((5449 : ℚ) / 4096)	((10899 : ℚ) / 8192)	4	0	3
segment	2728	((10899 : ℚ) / 8192)	((2725 : ℚ) / 2048)	4	0	3
segment	2729	((2725 : ℚ) / 2048)	((10901 : ℚ) / 8192)	4	0	3
segment	2730	((10901 : ℚ) / 8192)	((5451 : ℚ) / 4096)	4	0	3
segment	2731	((5451 : ℚ) / 4096)	((10903 : ℚ) / 8192)	4	0	3
segment	2732	((10903 : ℚ) / 8192)	((1363 : ℚ) / 1024)	4	0	3
segment	2733	((1363 : ℚ) / 1024)	((10905 : ℚ) / 8192)	4	0	3
segment	2734	((10905 : ℚ) / 8192)	((5453 : ℚ) / 4096)	4	0	3
segment	2735	((5453 : ℚ) / 4096)	((10907 : ℚ) / 8192)	4	0	3
segment	2736	((10907 : ℚ) / 8192)	((2727 : ℚ) / 2048)	4	0	3
segment	2737	((2727 : ℚ) / 2048)	((10909 : ℚ) / 8192)	4	0	3
segment	2738	((10909 : ℚ) / 8192)	((5455 : ℚ) / 4096)	4	0	3
segment	2739	((5455 : ℚ) / 4096)	((10911 : ℚ) / 8192)	4	0	3
segment	2740	((10911 : ℚ) / 8192)	((341 : ℚ) / 256)	4	0	3
segment	2741	((341 : ℚ) / 256)	((10913 : ℚ) / 8192)	4	0	3
segment	2742	((10913 : ℚ) / 8192)	((5457 : ℚ) / 4096)	4	0	3
segment	2743	((5457 : ℚ) / 4096)	((10915 : ℚ) / 8192)	4	0	3
segment	2744	((10915 : ℚ) / 8192)	((2729 : ℚ) / 2048)	4	0	3
segment	2745	((2729 : ℚ) / 2048)	((10917 : ℚ) / 8192)	4	0	3
segment	2746	((10917 : ℚ) / 8192)	((5459 : ℚ) / 4096)	4	0	3
segment	2747	((5459 : ℚ) / 4096)	((10919 : ℚ) / 8192)	4	0	3
segment	2748	((10919 : ℚ) / 8192)	((1365 : ℚ) / 1024)	4	0	3
segment	2749	((1365 : ℚ) / 1024)	((10921 : ℚ) / 8192)	4	0	3
segment	2750	((10921 : ℚ) / 8192)	((5461 : ℚ) / 4096)	4	0	3
segment	2751	((5461 : ℚ) / 4096)	((10923 : ℚ) / 8192)	4	0	3
segment	2752	((10923 : ℚ) / 8192)	((2731 : ℚ) / 2048)	4	0	3
segment	2753	((2731 : ℚ) / 2048)	((10925 : ℚ) / 8192)	4	0	3
segment	2754	((10925 : ℚ) / 8192)	((5463 : ℚ) / 4096)	4	0	3
segment	2755	((5463 : ℚ) / 4096)	((10927 : ℚ) / 8192)	4	0	3
segment	2756	((10927 : ℚ) / 8192)	((683 : ℚ) / 512)	4	0	3
segment	2757	((683 : ℚ) / 512)	((10929 : ℚ) / 8192)	4	0	3
segment	2758	((10929 : ℚ) / 8192)	((5465 : ℚ) / 4096)	4	0	3
segment	2759	((5465 : ℚ) / 4096)	((10931 : ℚ) / 8192)	4	0	3
segment	2760	((10931 : ℚ) / 8192)	((2733 : ℚ) / 2048)	4	0	3
segment	2761	((2733 : ℚ) / 2048)	((10933 : ℚ) / 8192)	4	0	3
segment	2762	((10933 : ℚ) / 8192)	((5467 : ℚ) / 4096)	4	0	3
segment	2763	((5467 : ℚ) / 4096)	((10935 : ℚ) / 8192)	4	0	3
segment	2764	((10935 : ℚ) / 8192)	((1367 : ℚ) / 1024)	4	0	3
segment	2765	((1367 : ℚ) / 1024)	((10937 : ℚ) / 8192)	4	0	3
segment	2766	((10937 : ℚ) / 8192)	((5469 : ℚ) / 4096)	4	0	3
segment	2767	((5469 : ℚ) / 4096)	((10939 : ℚ) / 8192)	4	0	3
segment	2768	((10939 : ℚ) / 8192)	((2735 : ℚ) / 2048)	4	0	3
segment	2769	((2735 : ℚ) / 2048)	((10941 : ℚ) / 8192)	4	0	3
segment	2770	((10941 : ℚ) / 8192)	((5471 : ℚ) / 4096)	4	0	3
segment	2771	((5471 : ℚ) / 4096)	((10943 : ℚ) / 8192)	4	0	3
segment	2772	((10943 : ℚ) / 8192)	((171 : ℚ) / 128)	4	0	3
segment	2773	((171 : ℚ) / 128)	((10945 : ℚ) / 8192)	4	0	3
segment	2774	((10945 : ℚ) / 8192)	((5473 : ℚ) / 4096)	4	0	3
segment	2775	((5473 : ℚ) / 4096)	((10947 : ℚ) / 8192)	4	0	3
segment	2776	((10947 : ℚ) / 8192)	((2737 : ℚ) / 2048)	4	0	3
segment	2777	((2737 : ℚ) / 2048)	((10949 : ℚ) / 8192)	4	0	3
segment	2778	((10949 : ℚ) / 8192)	((5475 : ℚ) / 4096)	4	0	3
segment	2779	((5475 : ℚ) / 4096)	((10951 : ℚ) / 8192)	4	0	3
segment	2780	((10951 : ℚ) / 8192)	((1369 : ℚ) / 1024)	4	0	3
segment	2781	((1369 : ℚ) / 1024)	((10953 : ℚ) / 8192)	4	0	3
segment	2782	((10953 : ℚ) / 8192)	((5477 : ℚ) / 4096)	4	0	3
segment	2783	((5477 : ℚ) / 4096)	((10955 : ℚ) / 8192)	4	0	3
segment	2784	((10955 : ℚ) / 8192)	((2739 : ℚ) / 2048)	4	0	3
segment	2785	((2739 : ℚ) / 2048)	((10957 : ℚ) / 8192)	4	0	3
segment	2786	((10957 : ℚ) / 8192)	((5479 : ℚ) / 4096)	4	0	3
segment	2787	((5479 : ℚ) / 4096)	((10959 : ℚ) / 8192)	4	0	3
segment	2788	((10959 : ℚ) / 8192)	((685 : ℚ) / 512)	4	0	3
segment	2789	((685 : ℚ) / 512)	((10961 : ℚ) / 8192)	4	0	3
segment	2790	((10961 : ℚ) / 8192)	((5481 : ℚ) / 4096)	4	0	3
segment	2791	((5481 : ℚ) / 4096)	((10963 : ℚ) / 8192)	4	0	3
segment	2792	((10963 : ℚ) / 8192)	((2741 : ℚ) / 2048)	4	0	3
segment	2793	((2741 : ℚ) / 2048)	((10965 : ℚ) / 8192)	4	0	3
segment	2794	((10965 : ℚ) / 8192)	((5483 : ℚ) / 4096)	4	0	3
segment	2795	((5483 : ℚ) / 4096)	((10967 : ℚ) / 8192)	4	0	3
segment	2796	((10967 : ℚ) / 8192)	((1371 : ℚ) / 1024)	4	0	3
segment	2797	((1371 : ℚ) / 1024)	((10969 : ℚ) / 8192)	4	0	3
segment	2798	((10969 : ℚ) / 8192)	((5485 : ℚ) / 4096)	4	0	3
segment	2799	((5485 : ℚ) / 4096)	((10971 : ℚ) / 8192)	4	0	3
segment	2800	((10971 : ℚ) / 8192)	((2743 : ℚ) / 2048)	4	0	3
segment	2801	((2743 : ℚ) / 2048)	((10973 : ℚ) / 8192)	4	0	3
segment	2802	((10973 : ℚ) / 8192)	((5487 : ℚ) / 4096)	4	0	3
segment	2803	((5487 : ℚ) / 4096)	((10975 : ℚ) / 8192)	4	0	3
segment	2804	((10975 : ℚ) / 8192)	((343 : ℚ) / 256)	4	0	3
segment	2805	((343 : ℚ) / 256)	((10977 : ℚ) / 8192)	4	0	3
segment	2806	((10977 : ℚ) / 8192)	((5489 : ℚ) / 4096)	4	0	3
segment	2807	((5489 : ℚ) / 4096)	((10979 : ℚ) / 8192)	4	0	3
segment	2808	((10979 : ℚ) / 8192)	((2745 : ℚ) / 2048)	4	0	3
segment	2809	((2745 : ℚ) / 2048)	((10981 : ℚ) / 8192)	4	0	3
segment	2810	((10981 : ℚ) / 8192)	((5491 : ℚ) / 4096)	4	0	3
segment	2811	((5491 : ℚ) / 4096)	((10983 : ℚ) / 8192)	4	0	3
segment	2812	((10983 : ℚ) / 8192)	((1373 : ℚ) / 1024)	4	0	3
segment	2813	((1373 : ℚ) / 1024)	((10985 : ℚ) / 8192)	4	0	3
segment	2814	((10985 : ℚ) / 8192)	((5493 : ℚ) / 4096)	4	0	3
segment	2815	((5493 : ℚ) / 4096)	((10987 : ℚ) / 8192)	4	0	3
segment	2816	((10987 : ℚ) / 8192)	((2747 : ℚ) / 2048)	4	0	3
segment	2817	((2747 : ℚ) / 2048)	((10989 : ℚ) / 8192)	4	0	3
segment	2818	((10989 : ℚ) / 8192)	((5495 : ℚ) / 4096)	4	0	3
segment	2819	((5495 : ℚ) / 4096)	((10991 : ℚ) / 8192)	4	0	3
segment	2820	((10991 : ℚ) / 8192)	((687 : ℚ) / 512)	4	0	3
segment	2821	((687 : ℚ) / 512)	((10993 : ℚ) / 8192)	4	0	3
segment	2822	((10993 : ℚ) / 8192)	((5497 : ℚ) / 4096)	4	0	3
segment	2823	((5497 : ℚ) / 4096)	((10995 : ℚ) / 8192)	4	0	3
segment	2824	((10995 : ℚ) / 8192)	((2749 : ℚ) / 2048)	4	0	3
segment	2825	((2749 : ℚ) / 2048)	((10997 : ℚ) / 8192)	4	0	3
segment	2826	((10997 : ℚ) / 8192)	((5499 : ℚ) / 4096)	4	0	3
segment	2827	((5499 : ℚ) / 4096)	((10999 : ℚ) / 8192)	4	0	3
segment	2828	((10999 : ℚ) / 8192)	((1375 : ℚ) / 1024)	4	0	3
segment	2829	((1375 : ℚ) / 1024)	((11001 : ℚ) / 8192)	4	0	3
segment	2830	((11001 : ℚ) / 8192)	((5501 : ℚ) / 4096)	4	0	3
segment	2831	((5501 : ℚ) / 4096)	((11003 : ℚ) / 8192)	4	0	3
segment	2832	((11003 : ℚ) / 8192)	((2751 : ℚ) / 2048)	4	0	3
segment	2833	((2751 : ℚ) / 2048)	((11005 : ℚ) / 8192)	4	0	3
segment	2834	((11005 : ℚ) / 8192)	((5503 : ℚ) / 4096)	4	0	3
segment	2835	((5503 : ℚ) / 4096)	((11007 : ℚ) / 8192)	4	0	3
segment	2836	((11007 : ℚ) / 8192)	((43 : ℚ) / 32)	4	0	3
segment	2837	((43 : ℚ) / 32)	((11009 : ℚ) / 8192)	4	0	3
segment	2838	((11009 : ℚ) / 8192)	((5505 : ℚ) / 4096)	4	0	3
segment	2839	((5505 : ℚ) / 4096)	((11011 : ℚ) / 8192)	4	0	3
segment	2840	((11011 : ℚ) / 8192)	((2753 : ℚ) / 2048)	4	0	3
segment	2841	((2753 : ℚ) / 2048)	((11013 : ℚ) / 8192)	4	0	3
segment	2842	((11013 : ℚ) / 8192)	((5507 : ℚ) / 4096)	4	0	3
segment	2843	((5507 : ℚ) / 4096)	((11015 : ℚ) / 8192)	4	0	3
segment	2844	((11015 : ℚ) / 8192)	((1377 : ℚ) / 1024)	4	0	3
segment	2845	((1377 : ℚ) / 1024)	((11017 : ℚ) / 8192)	4	0	3
segment	2846	((11017 : ℚ) / 8192)	((5509 : ℚ) / 4096)	4	0	3
segment	2847	((5509 : ℚ) / 4096)	((11019 : ℚ) / 8192)	4	0	3
segment	2848	((11019 : ℚ) / 8192)	((2755 : ℚ) / 2048)	4	0	3
segment	2849	((2755 : ℚ) / 2048)	((11021 : ℚ) / 8192)	4	0	3
segment	2850	((11021 : ℚ) / 8192)	((5511 : ℚ) / 4096)	4	0	3
segment	2851	((5511 : ℚ) / 4096)	((11023 : ℚ) / 8192)	4	0	3
segment	2852	((11023 : ℚ) / 8192)	((689 : ℚ) / 512)	4	0	3
segment	2853	((689 : ℚ) / 512)	((11025 : ℚ) / 8192)	4	0	3
segment	2854	((11025 : ℚ) / 8192)	((5513 : ℚ) / 4096)	4	0	3
segment	2855	((5513 : ℚ) / 4096)	((11027 : ℚ) / 8192)	4	0	3
segment	2856	((11027 : ℚ) / 8192)	((2757 : ℚ) / 2048)	4	0	3
segment	2857	((2757 : ℚ) / 2048)	((11029 : ℚ) / 8192)	4	0	3
segment	2858	((11029 : ℚ) / 8192)	((5515 : ℚ) / 4096)	4	0	3
segment	2859	((5515 : ℚ) / 4096)	((11031 : ℚ) / 8192)	4	0	3
segment	2860	((11031 : ℚ) / 8192)	((1379 : ℚ) / 1024)	4	0	3
segment	2861	((1379 : ℚ) / 1024)	((11033 : ℚ) / 8192)	4	0	3
segment	2862	((11033 : ℚ) / 8192)	((5517 : ℚ) / 4096)	4	0	3
segment	2863	((5517 : ℚ) / 4096)	((11035 : ℚ) / 8192)	4	0	3
segment	2864	((11035 : ℚ) / 8192)	((2759 : ℚ) / 2048)	4	0	3
segment	2865	((2759 : ℚ) / 2048)	((11037 : ℚ) / 8192)	4	0	3
segment	2866	((11037 : ℚ) / 8192)	((5519 : ℚ) / 4096)	4	0	3
segment	2867	((5519 : ℚ) / 4096)	((11039 : ℚ) / 8192)	4	0	3
segment	2868	((11039 : ℚ) / 8192)	((345 : ℚ) / 256)	4	0	3
segment	2869	((345 : ℚ) / 256)	((11041 : ℚ) / 8192)	4	0	3
segment	2870	((11041 : ℚ) / 8192)	((5521 : ℚ) / 4096)	4	0	3
segment	2871	((5521 : ℚ) / 4096)	((11043 : ℚ) / 8192)	4	0	3
segment	2872	((11043 : ℚ) / 8192)	((2761 : ℚ) / 2048)	4	0	3
segment	2873	((2761 : ℚ) / 2048)	((11045 : ℚ) / 8192)	4	0	3
segment	2874	((11045 : ℚ) / 8192)	((5523 : ℚ) / 4096)	4	0	3
segment	2875	((5523 : ℚ) / 4096)	((11047 : ℚ) / 8192)	4	0	3
segment	2876	((11047 : ℚ) / 8192)	((1381 : ℚ) / 1024)	4	0	3
segment	2877	((1381 : ℚ) / 1024)	((11049 : ℚ) / 8192)	4	0	3
segment	2878	((11049 : ℚ) / 8192)	((5525 : ℚ) / 4096)	4	0	3
segment	2879	((5525 : ℚ) / 4096)	((11051 : ℚ) / 8192)	4	0	3
segment	2880	((11051 : ℚ) / 8192)	((2763 : ℚ) / 2048)	4	0	3
segment	2881	((2763 : ℚ) / 2048)	((11053 : ℚ) / 8192)	4	0	3
segment	2882	((11053 : ℚ) / 8192)	((5527 : ℚ) / 4096)	4	0	3
segment	2883	((5527 : ℚ) / 4096)	((11055 : ℚ) / 8192)	4	0	3
segment	2884	((11055 : ℚ) / 8192)	((691 : ℚ) / 512)	4	0	3
segment	2885	((691 : ℚ) / 512)	((11057 : ℚ) / 8192)	4	0	3
segment	2886	((11057 : ℚ) / 8192)	((5529 : ℚ) / 4096)	4	0	3
segment	2887	((5529 : ℚ) / 4096)	((11059 : ℚ) / 8192)	4	0	3
segment	2888	((11059 : ℚ) / 8192)	((2765 : ℚ) / 2048)	4	0	3
segment	2889	((2765 : ℚ) / 2048)	((11061 : ℚ) / 8192)	4	0	3
segment	2890	((11061 : ℚ) / 8192)	((5531 : ℚ) / 4096)	4	0	3
segment	2891	((5531 : ℚ) / 4096)	((11063 : ℚ) / 8192)	4	0	3
segment	2892	((11063 : ℚ) / 8192)	((1383 : ℚ) / 1024)	4	0	3
segment	2893	((1383 : ℚ) / 1024)	((11065 : ℚ) / 8192)	4	0	3
segment	2894	((11065 : ℚ) / 8192)	((5533 : ℚ) / 4096)	4	0	3
segment	2895	((5533 : ℚ) / 4096)	((11067 : ℚ) / 8192)	4	0	3
segment	2896	((11067 : ℚ) / 8192)	((2767 : ℚ) / 2048)	4	0	3
segment	2897	((2767 : ℚ) / 2048)	((11069 : ℚ) / 8192)	4	0	3
segment	2898	((11069 : ℚ) / 8192)	((5535 : ℚ) / 4096)	4	0	3
segment	2899	((5535 : ℚ) / 4096)	((11071 : ℚ) / 8192)	4	0	3
segment	2900	((11071 : ℚ) / 8192)	((173 : ℚ) / 128)	4	0	3
segment	2901	((173 : ℚ) / 128)	((11073 : ℚ) / 8192)	4	0	3
segment	2902	((11073 : ℚ) / 8192)	((5537 : ℚ) / 4096)	4	0	3
segment	2903	((5537 : ℚ) / 4096)	((11075 : ℚ) / 8192)	4	0	3
segment	2904	((11075 : ℚ) / 8192)	((2769 : ℚ) / 2048)	4	0	3
segment	2905	((2769 : ℚ) / 2048)	((11077 : ℚ) / 8192)	4	0	3
segment	2906	((11077 : ℚ) / 8192)	((5539 : ℚ) / 4096)	4	0	3
segment	2907	((5539 : ℚ) / 4096)	((11079 : ℚ) / 8192)	4	0	3
segment	2908	((11079 : ℚ) / 8192)	((1385 : ℚ) / 1024)	4	0	3
segment	2909	((1385 : ℚ) / 1024)	((11081 : ℚ) / 8192)	4	0	3
segment	2910	((11081 : ℚ) / 8192)	((5541 : ℚ) / 4096)	4	0	3
segment	2911	((5541 : ℚ) / 4096)	((11083 : ℚ) / 8192)	4	0	3
segment	2912	((11083 : ℚ) / 8192)	((2771 : ℚ) / 2048)	4	0	3
segment	2913	((2771 : ℚ) / 2048)	((11085 : ℚ) / 8192)	4	0	3
segment	2914	((11085 : ℚ) / 8192)	((5543 : ℚ) / 4096)	4	0	3
segment	2915	((5543 : ℚ) / 4096)	((11087 : ℚ) / 8192)	4	0	3
segment	2916	((11087 : ℚ) / 8192)	((693 : ℚ) / 512)	4	0	3
segment	2917	((693 : ℚ) / 512)	((11089 : ℚ) / 8192)	4	0	3
segment	2918	((11089 : ℚ) / 8192)	((5545 : ℚ) / 4096)	4	0	3
segment	2919	((5545 : ℚ) / 4096)	((11091 : ℚ) / 8192)	4	0	3
segment	2920	((11091 : ℚ) / 8192)	((2773 : ℚ) / 2048)	4	0	3
segment	2921	((2773 : ℚ) / 2048)	((11093 : ℚ) / 8192)	4	0	3
segment	2922	((11093 : ℚ) / 8192)	((5547 : ℚ) / 4096)	4	0	3
segment	2923	((5547 : ℚ) / 4096)	((11095 : ℚ) / 8192)	4	0	3
segment	2924	((11095 : ℚ) / 8192)	((1387 : ℚ) / 1024)	4	0	3
segment	2925	((1387 : ℚ) / 1024)	((11097 : ℚ) / 8192)	4	0	3
segment	2926	((11097 : ℚ) / 8192)	((5549 : ℚ) / 4096)	4	0	3
segment	2927	((5549 : ℚ) / 4096)	((11099 : ℚ) / 8192)	4	0	3
segment	2928	((11099 : ℚ) / 8192)	((2775 : ℚ) / 2048)	4	0	3
segment	2929	((2775 : ℚ) / 2048)	((11101 : ℚ) / 8192)	4	0	3
segment	2930	((11101 : ℚ) / 8192)	((5551 : ℚ) / 4096)	4	0	3
segment	2931	((5551 : ℚ) / 4096)	((11103 : ℚ) / 8192)	4	0	3
segment	2932	((11103 : ℚ) / 8192)	((347 : ℚ) / 256)	4	0	3
segment	2933	((347 : ℚ) / 256)	((11105 : ℚ) / 8192)	4	0	3
segment	2934	((11105 : ℚ) / 8192)	((5553 : ℚ) / 4096)	4	0	3
segment	2935	((5553 : ℚ) / 4096)	((11107 : ℚ) / 8192)	4	0	3
segment	2936	((11107 : ℚ) / 8192)	((2777 : ℚ) / 2048)	4	0	3
segment	2937	((2777 : ℚ) / 2048)	((11109 : ℚ) / 8192)	4	0	3
segment	2938	((11109 : ℚ) / 8192)	((5555 : ℚ) / 4096)	4	0	3
segment	2939	((5555 : ℚ) / 4096)	((11111 : ℚ) / 8192)	4	0	3
segment	2940	((11111 : ℚ) / 8192)	((1389 : ℚ) / 1024)	4	0	3
segment	2941	((1389 : ℚ) / 1024)	((11113 : ℚ) / 8192)	4	0	3
segment	2942	((11113 : ℚ) / 8192)	((5557 : ℚ) / 4096)	4	0	3
segment	2943	((5557 : ℚ) / 4096)	((11115 : ℚ) / 8192)	4	0	3
segment	2944	((11115 : ℚ) / 8192)	((2779 : ℚ) / 2048)	4	0	3
segment	2945	((2779 : ℚ) / 2048)	((11117 : ℚ) / 8192)	4	0	3
segment	2946	((11117 : ℚ) / 8192)	((5559 : ℚ) / 4096)	4	0	3
segment	2947	((5559 : ℚ) / 4096)	((11119 : ℚ) / 8192)	4	0	3
segment	2948	((11119 : ℚ) / 8192)	((695 : ℚ) / 512)	4	0	3
segment	2949	((695 : ℚ) / 512)	((11121 : ℚ) / 8192)	4	0	3
segment	2950	((11121 : ℚ) / 8192)	((5561 : ℚ) / 4096)	4	0	3
segment	2951	((5561 : ℚ) / 4096)	((11123 : ℚ) / 8192)	4	0	3
segment	2952	((11123 : ℚ) / 8192)	((2781 : ℚ) / 2048)	4	0	3
segment	2953	((2781 : ℚ) / 2048)	((11125 : ℚ) / 8192)	4	0	3
segment	2954	((11125 : ℚ) / 8192)	((5563 : ℚ) / 4096)	4	0	3
segment	2955	((5563 : ℚ) / 4096)	((11127 : ℚ) / 8192)	4	0	3
segment	2956	((11127 : ℚ) / 8192)	((1391 : ℚ) / 1024)	4	0	3
segment	2957	((1391 : ℚ) / 1024)	((11129 : ℚ) / 8192)	4	0	3
segment	2958	((11129 : ℚ) / 8192)	((5565 : ℚ) / 4096)	4	0	3
segment	2959	((5565 : ℚ) / 4096)	((11131 : ℚ) / 8192)	4	0	3
segment	2960	((11131 : ℚ) / 8192)	((2783 : ℚ) / 2048)	4	0	3
segment	2961	((2783 : ℚ) / 2048)	((11133 : ℚ) / 8192)	4	0	3
segment	2962	((11133 : ℚ) / 8192)	((5567 : ℚ) / 4096)	4	0	3
segment	2963	((5567 : ℚ) / 4096)	((11135 : ℚ) / 8192)	4	0	3
segment	2964	((11135 : ℚ) / 8192)	((87 : ℚ) / 64)	4	0	3
segment	2965	((87 : ℚ) / 64)	((11137 : ℚ) / 8192)	4	0	3
segment	2966	((11137 : ℚ) / 8192)	((5569 : ℚ) / 4096)	4	0	3
segment	2967	((5569 : ℚ) / 4096)	((11139 : ℚ) / 8192)	4	0	3
segment	2968	((11139 : ℚ) / 8192)	((2785 : ℚ) / 2048)	4	0	3
segment	2969	((2785 : ℚ) / 2048)	((11141 : ℚ) / 8192)	4	0	3
segment	2970	((11141 : ℚ) / 8192)	((5571 : ℚ) / 4096)	4	0	3
segment	2971	((5571 : ℚ) / 4096)	((11143 : ℚ) / 8192)	4	0	3
segment	2972	((11143 : ℚ) / 8192)	((1393 : ℚ) / 1024)	4	0	3
segment	2973	((1393 : ℚ) / 1024)	((11145 : ℚ) / 8192)	4	0	3
segment	2974	((11145 : ℚ) / 8192)	((5573 : ℚ) / 4096)	4	0	3
segment	2975	((5573 : ℚ) / 4096)	((11147 : ℚ) / 8192)	4	0	3
segment	2976	((11147 : ℚ) / 8192)	((2787 : ℚ) / 2048)	4	0	3
segment	2977	((2787 : ℚ) / 2048)	((11149 : ℚ) / 8192)	4	0	3
segment	2978	((11149 : ℚ) / 8192)	((5575 : ℚ) / 4096)	4	0	3
segment	2979	((5575 : ℚ) / 4096)	((11151 : ℚ) / 8192)	4	0	3
segment	2980	((11151 : ℚ) / 8192)	((697 : ℚ) / 512)	4	0	3
segment	2981	((697 : ℚ) / 512)	((11153 : ℚ) / 8192)	4	0	3
segment	2982	((11153 : ℚ) / 8192)	((5577 : ℚ) / 4096)	4	0	3
segment	2983	((5577 : ℚ) / 4096)	((11155 : ℚ) / 8192)	4	0	3
segment	2984	((11155 : ℚ) / 8192)	((2789 : ℚ) / 2048)	4	0	3
segment	2985	((2789 : ℚ) / 2048)	((11157 : ℚ) / 8192)	4	0	3
segment	2986	((11157 : ℚ) / 8192)	((5579 : ℚ) / 4096)	4	0	3
segment	2987	((5579 : ℚ) / 4096)	((11159 : ℚ) / 8192)	4	0	3
segment	2988	((11159 : ℚ) / 8192)	((1395 : ℚ) / 1024)	4	0	3
segment	2989	((1395 : ℚ) / 1024)	((11161 : ℚ) / 8192)	4	0	3
segment	2990	((11161 : ℚ) / 8192)	((5581 : ℚ) / 4096)	4	0	3
segment	2991	((5581 : ℚ) / 4096)	((11163 : ℚ) / 8192)	4	0	3
segment	2992	((11163 : ℚ) / 8192)	((2791 : ℚ) / 2048)	4	0	3
segment	2993	((2791 : ℚ) / 2048)	((11165 : ℚ) / 8192)	4	0	3
segment	2994	((11165 : ℚ) / 8192)	((5583 : ℚ) / 4096)	4	0	3
segment	2995	((5583 : ℚ) / 4096)	((11167 : ℚ) / 8192)	4	0	3
segment	2996	((11167 : ℚ) / 8192)	((349 : ℚ) / 256)	4	0	3
segment	2997	((349 : ℚ) / 256)	((11169 : ℚ) / 8192)	4	0	3
segment	2998	((11169 : ℚ) / 8192)	((5585 : ℚ) / 4096)	4	0	3
segment	2999	((5585 : ℚ) / 4096)	((11171 : ℚ) / 8192)	4	0	3
segment	3000	((11171 : ℚ) / 8192)	((2793 : ℚ) / 2048)	4	0	3
segment	3001	((2793 : ℚ) / 2048)	((11173 : ℚ) / 8192)	4	0	3
segment	3002	((11173 : ℚ) / 8192)	((5587 : ℚ) / 4096)	4	0	3
segment	3003	((5587 : ℚ) / 4096)	((11175 : ℚ) / 8192)	4	0	3
segment	3004	((11175 : ℚ) / 8192)	((1397 : ℚ) / 1024)	4	0	3
segment	3005	((1397 : ℚ) / 1024)	((11177 : ℚ) / 8192)	4	0	3
segment	3006	((11177 : ℚ) / 8192)	((5589 : ℚ) / 4096)	4	0	3
segment	3007	((5589 : ℚ) / 4096)	((11179 : ℚ) / 8192)	4	0	3
segment	3008	((11179 : ℚ) / 8192)	((2795 : ℚ) / 2048)	4	0	3
segment	3009	((2795 : ℚ) / 2048)	((11181 : ℚ) / 8192)	4	0	3
segment	3010	((11181 : ℚ) / 8192)	((5591 : ℚ) / 4096)	4	0	3
segment	3011	((5591 : ℚ) / 4096)	((11183 : ℚ) / 8192)	4	0	3
segment	3012	((11183 : ℚ) / 8192)	((699 : ℚ) / 512)	4	0	3
segment	3013	((699 : ℚ) / 512)	((11185 : ℚ) / 8192)	4	0	3
segment	3014	((11185 : ℚ) / 8192)	((5593 : ℚ) / 4096)	4	0	3
segment	3015	((5593 : ℚ) / 4096)	((11187 : ℚ) / 8192)	4	0	3
segment	3016	((11187 : ℚ) / 8192)	((2797 : ℚ) / 2048)	4	0	3
segment	3017	((2797 : ℚ) / 2048)	((11189 : ℚ) / 8192)	4	0	3
segment	3018	((11189 : ℚ) / 8192)	((5595 : ℚ) / 4096)	4	0	3
segment	3019	((5595 : ℚ) / 4096)	((11191 : ℚ) / 8192)	4	0	3
segment	3020	((11191 : ℚ) / 8192)	((1399 : ℚ) / 1024)	4	0	3
segment	3021	((1399 : ℚ) / 1024)	((11193 : ℚ) / 8192)	4	0	3
segment	3022	((11193 : ℚ) / 8192)	((5597 : ℚ) / 4096)	4	0	3
segment	3023	((5597 : ℚ) / 4096)	((11195 : ℚ) / 8192)	4	0	3
segment	3024	((11195 : ℚ) / 8192)	((2799 : ℚ) / 2048)	4	0	3
segment	3025	((2799 : ℚ) / 2048)	((11197 : ℚ) / 8192)	4	0	3
segment	3026	((11197 : ℚ) / 8192)	((5599 : ℚ) / 4096)	4	0	3
segment	3027	((5599 : ℚ) / 4096)	((11199 : ℚ) / 8192)	4	0	3
segment	3028	((11199 : ℚ) / 8192)	((175 : ℚ) / 128)	4	0	3
segment	3029	((175 : ℚ) / 128)	((11201 : ℚ) / 8192)	4	0	3
segment	3030	((11201 : ℚ) / 8192)	((5601 : ℚ) / 4096)	4	0	3
segment	3031	((5601 : ℚ) / 4096)	((11203 : ℚ) / 8192)	4	0	3
segment	3032	((11203 : ℚ) / 8192)	((2801 : ℚ) / 2048)	4	0	3
segment	3033	((2801 : ℚ) / 2048)	((11205 : ℚ) / 8192)	4	0	3
segment	3034	((11205 : ℚ) / 8192)	((5603 : ℚ) / 4096)	4	0	3
segment	3035	((5603 : ℚ) / 4096)	((11207 : ℚ) / 8192)	4	0	3
segment	3036	((11207 : ℚ) / 8192)	((1401 : ℚ) / 1024)	4	0	3
segment	3037	((1401 : ℚ) / 1024)	((11209 : ℚ) / 8192)	4	0	3
segment	3038	((11209 : ℚ) / 8192)	((5605 : ℚ) / 4096)	4	0	3
segment	3039	((5605 : ℚ) / 4096)	((11211 : ℚ) / 8192)	4	0	3
segment	3040	((11211 : ℚ) / 8192)	((2803 : ℚ) / 2048)	4	0	3
segment	3041	((2803 : ℚ) / 2048)	((11213 : ℚ) / 8192)	4	0	3
segment	3042	((11213 : ℚ) / 8192)	((5607 : ℚ) / 4096)	4	0	3
segment	3043	((5607 : ℚ) / 4096)	((11215 : ℚ) / 8192)	4	0	3
segment	3044	((11215 : ℚ) / 8192)	((701 : ℚ) / 512)	4	0	3
segment	3045	((701 : ℚ) / 512)	((11217 : ℚ) / 8192)	4	0	3
segment	3046	((11217 : ℚ) / 8192)	((5609 : ℚ) / 4096)	4	0	3
segment	3047	((5609 : ℚ) / 4096)	((11219 : ℚ) / 8192)	4	0	3
segment	3048	((11219 : ℚ) / 8192)	((2805 : ℚ) / 2048)	4	0	3
segment	3049	((2805 : ℚ) / 2048)	((11221 : ℚ) / 8192)	4	0	3
segment	3050	((11221 : ℚ) / 8192)	((5611 : ℚ) / 4096)	4	0	3
segment	3051	((5611 : ℚ) / 4096)	((11223 : ℚ) / 8192)	4	0	3
segment	3052	((11223 : ℚ) / 8192)	((1403 : ℚ) / 1024)	4	0	3
segment	3053	((1403 : ℚ) / 1024)	((11225 : ℚ) / 8192)	4	0	3
segment	3054	((11225 : ℚ) / 8192)	((5613 : ℚ) / 4096)	4	0	3
segment	3055	((5613 : ℚ) / 4096)	((11227 : ℚ) / 8192)	4	0	3
segment	3056	((11227 : ℚ) / 8192)	((2807 : ℚ) / 2048)	4	0	3
segment	3057	((2807 : ℚ) / 2048)	((11229 : ℚ) / 8192)	4	0	3
segment	3058	((11229 : ℚ) / 8192)	((5615 : ℚ) / 4096)	4	0	3
segment	3059	((5615 : ℚ) / 4096)	((11231 : ℚ) / 8192)	4	0	3
segment	3060	((11231 : ℚ) / 8192)	((351 : ℚ) / 256)	4	0	3
segment	3061	((351 : ℚ) / 256)	((11233 : ℚ) / 8192)	4	0	3
segment	3062	((11233 : ℚ) / 8192)	((5617 : ℚ) / 4096)	4	0	3
segment	3063	((5617 : ℚ) / 4096)	((11235 : ℚ) / 8192)	4	0	3
segment	3064	((11235 : ℚ) / 8192)	((2809 : ℚ) / 2048)	4	0	3
segment	3065	((2809 : ℚ) / 2048)	((11237 : ℚ) / 8192)	4	0	3
segment	3066	((11237 : ℚ) / 8192)	((5619 : ℚ) / 4096)	4	0	3
segment	3067	((5619 : ℚ) / 4096)	((11239 : ℚ) / 8192)	4	0	3
segment	3068	((11239 : ℚ) / 8192)	((1405 : ℚ) / 1024)	4	0	3
segment	3069	((1405 : ℚ) / 1024)	((11241 : ℚ) / 8192)	4	0	3
segment	3070	((11241 : ℚ) / 8192)	((5621 : ℚ) / 4096)	4	0	3
segment	3071	((5621 : ℚ) / 4096)	((11243 : ℚ) / 8192)	4	0	3
segment	3072	((11243 : ℚ) / 8192)	((2811 : ℚ) / 2048)	4	0	3
segment	3073	((2811 : ℚ) / 2048)	((11245 : ℚ) / 8192)	4	0	3
segment	3074	((11245 : ℚ) / 8192)	((5623 : ℚ) / 4096)	4	0	3
segment	3075	((5623 : ℚ) / 4096)	((11247 : ℚ) / 8192)	4	0	3
segment	3076	((11247 : ℚ) / 8192)	((703 : ℚ) / 512)	4	0	3
segment	3077	((703 : ℚ) / 512)	((11249 : ℚ) / 8192)	4	0	3
segment	3078	((11249 : ℚ) / 8192)	((5625 : ℚ) / 4096)	4	0	3
segment	3079	((5625 : ℚ) / 4096)	((11251 : ℚ) / 8192)	4	0	3
segment	3080	((11251 : ℚ) / 8192)	((2813 : ℚ) / 2048)	4	0	3
segment	3081	((2813 : ℚ) / 2048)	((11253 : ℚ) / 8192)	4	0	3
segment	3082	((11253 : ℚ) / 8192)	((5627 : ℚ) / 4096)	4	0	3
segment	3083	((5627 : ℚ) / 4096)	((11255 : ℚ) / 8192)	4	0	3
segment	3084	((11255 : ℚ) / 8192)	((1407 : ℚ) / 1024)	4	0	3
segment	3085	((1407 : ℚ) / 1024)	((11257 : ℚ) / 8192)	4	0	3
segment	3086	((11257 : ℚ) / 8192)	((5629 : ℚ) / 4096)	4	0	3
segment	3087	((5629 : ℚ) / 4096)	((11259 : ℚ) / 8192)	4	0	3
segment	3088	((11259 : ℚ) / 8192)	((2815 : ℚ) / 2048)	4	0	3
segment	3089	((2815 : ℚ) / 2048)	((11261 : ℚ) / 8192)	4	0	3
segment	3090	((11261 : ℚ) / 8192)	((5631 : ℚ) / 4096)	4	0	3
segment	3091	((5631 : ℚ) / 4096)	((11263 : ℚ) / 8192)	4	0	3
segment	3092	((11263 : ℚ) / 8192)	((11 : ℚ) / 8)	4	0	3
segment	3093	((11 : ℚ) / 8)	((11265 : ℚ) / 8192)	4	0	3
segment	3094	((11265 : ℚ) / 8192)	((5633 : ℚ) / 4096)	4	0	3
segment	3095	((5633 : ℚ) / 4096)	((11267 : ℚ) / 8192)	4	0	3
segment	3096	((11267 : ℚ) / 8192)	((2817 : ℚ) / 2048)	4	0	3
segment	3097	((2817 : ℚ) / 2048)	((11269 : ℚ) / 8192)	4	0	3
segment	3098	((11269 : ℚ) / 8192)	((5635 : ℚ) / 4096)	4	0	3
segment	3099	((5635 : ℚ) / 4096)	((11271 : ℚ) / 8192)	4	0	3
segment	3100	((11271 : ℚ) / 8192)	((1409 : ℚ) / 1024)	4	0	3
segment	3101	((1409 : ℚ) / 1024)	((11273 : ℚ) / 8192)	4	0	3
segment	3102	((11273 : ℚ) / 8192)	((5637 : ℚ) / 4096)	4	0	3
segment	3103	((5637 : ℚ) / 4096)	((11275 : ℚ) / 8192)	4	0	3
segment	3104	((11275 : ℚ) / 8192)	((2819 : ℚ) / 2048)	4	0	3
segment	3105	((2819 : ℚ) / 2048)	((11277 : ℚ) / 8192)	4	0	3
segment	3106	((11277 : ℚ) / 8192)	((5639 : ℚ) / 4096)	4	0	3
segment	3107	((5639 : ℚ) / 4096)	((11279 : ℚ) / 8192)	4	0	3
segment	3108	((11279 : ℚ) / 8192)	((705 : ℚ) / 512)	4	0	3
segment	3109	((705 : ℚ) / 512)	((11281 : ℚ) / 8192)	4	0	3
segment	3110	((11281 : ℚ) / 8192)	((5641 : ℚ) / 4096)	4	0	3
segment	3111	((5641 : ℚ) / 4096)	((11283 : ℚ) / 8192)	4	0	3
segment	3112	((11283 : ℚ) / 8192)	((2821 : ℚ) / 2048)	4	0	3
segment	3113	((2821 : ℚ) / 2048)	((11285 : ℚ) / 8192)	4	0	3
segment	3114	((11285 : ℚ) / 8192)	((5643 : ℚ) / 4096)	4	0	3
segment	3115	((5643 : ℚ) / 4096)	((11287 : ℚ) / 8192)	4	0	3
segment	3116	((11287 : ℚ) / 8192)	((1411 : ℚ) / 1024)	4	0	3
segment	3117	((1411 : ℚ) / 1024)	((11289 : ℚ) / 8192)	4	0	3
segment	3118	((11289 : ℚ) / 8192)	((5645 : ℚ) / 4096)	4	0	3
segment	3119	((5645 : ℚ) / 4096)	((11291 : ℚ) / 8192)	4	0	3
segment	3120	((11291 : ℚ) / 8192)	((2823 : ℚ) / 2048)	4	0	3
segment	3121	((2823 : ℚ) / 2048)	((11293 : ℚ) / 8192)	4	0	3
segment	3122	((11293 : ℚ) / 8192)	((5647 : ℚ) / 4096)	4	0	3
segment	3123	((5647 : ℚ) / 4096)	((11295 : ℚ) / 8192)	4	0	3
segment	3124	((11295 : ℚ) / 8192)	((353 : ℚ) / 256)	4	0	3
segment	3125	((353 : ℚ) / 256)	((11297 : ℚ) / 8192)	4	0	3
segment	3126	((11297 : ℚ) / 8192)	((5649 : ℚ) / 4096)	4	0	3
segment	3127	((5649 : ℚ) / 4096)	((11299 : ℚ) / 8192)	4	0	3
segment	3128	((11299 : ℚ) / 8192)	((2825 : ℚ) / 2048)	4	0	3
segment	3129	((2825 : ℚ) / 2048)	((11301 : ℚ) / 8192)	4	0	3
segment	3130	((11301 : ℚ) / 8192)	((5651 : ℚ) / 4096)	4	0	3
segment	3131	((5651 : ℚ) / 4096)	((11303 : ℚ) / 8192)	4	0	3
segment	3132	((11303 : ℚ) / 8192)	((1413 : ℚ) / 1024)	4	0	3
segment	3133	((1413 : ℚ) / 1024)	((11305 : ℚ) / 8192)	4	0	3
segment	3134	((11305 : ℚ) / 8192)	((5653 : ℚ) / 4096)	4	0	3
segment	3135	((5653 : ℚ) / 4096)	((11307 : ℚ) / 8192)	4	0	3
segment	3136	((11307 : ℚ) / 8192)	((2827 : ℚ) / 2048)	4	0	3
segment	3137	((2827 : ℚ) / 2048)	((11309 : ℚ) / 8192)	4	0	3
segment	3138	((11309 : ℚ) / 8192)	((5655 : ℚ) / 4096)	4	0	3
segment	3139	((5655 : ℚ) / 4096)	((11311 : ℚ) / 8192)	4	0	3
segment	3140	((11311 : ℚ) / 8192)	((707 : ℚ) / 512)	4	0	3
segment	3141	((707 : ℚ) / 512)	((11313 : ℚ) / 8192)	4	0	3
segment	3142	((11313 : ℚ) / 8192)	((5657 : ℚ) / 4096)	4	0	3
segment	3143	((5657 : ℚ) / 4096)	((11315 : ℚ) / 8192)	4	0	3
segment	3144	((11315 : ℚ) / 8192)	((2829 : ℚ) / 2048)	4	0	3
segment	3145	((2829 : ℚ) / 2048)	((11317 : ℚ) / 8192)	4	0	3
segment	3146	((11317 : ℚ) / 8192)	((5659 : ℚ) / 4096)	4	0	3
segment	3147	((5659 : ℚ) / 4096)	((11319 : ℚ) / 8192)	4	0	3
segment	3148	((11319 : ℚ) / 8192)	((1415 : ℚ) / 1024)	4	0	3
segment	3149	((1415 : ℚ) / 1024)	((11321 : ℚ) / 8192)	4	0	3
segment	3150	((11321 : ℚ) / 8192)	((5661 : ℚ) / 4096)	4	0	3
segment	3151	((5661 : ℚ) / 4096)	((11323 : ℚ) / 8192)	4	0	3
segment	3152	((11323 : ℚ) / 8192)	((2831 : ℚ) / 2048)	4	0	3
segment	3153	((2831 : ℚ) / 2048)	((11325 : ℚ) / 8192)	4	0	3
segment	3154	((11325 : ℚ) / 8192)	((5663 : ℚ) / 4096)	4	0	3
segment	3155	((5663 : ℚ) / 4096)	((11327 : ℚ) / 8192)	4	0	3
segment	3156	((11327 : ℚ) / 8192)	((177 : ℚ) / 128)	4	0	3
segment	3157	((177 : ℚ) / 128)	((11329 : ℚ) / 8192)	4	0	3
segment	3158	((11329 : ℚ) / 8192)	((5665 : ℚ) / 4096)	4	0	3
segment	3159	((5665 : ℚ) / 4096)	((11331 : ℚ) / 8192)	4	0	3
segment	3160	((11331 : ℚ) / 8192)	((2833 : ℚ) / 2048)	4	0	3
segment	3161	((2833 : ℚ) / 2048)	((11333 : ℚ) / 8192)	4	0	3
segment	3162	((11333 : ℚ) / 8192)	((5667 : ℚ) / 4096)	4	0	3
segment	3163	((5667 : ℚ) / 4096)	((11335 : ℚ) / 8192)	4	0	3
segment	3164	((11335 : ℚ) / 8192)	((1417 : ℚ) / 1024)	4	0	3
segment	3165	((1417 : ℚ) / 1024)	((11337 : ℚ) / 8192)	4	0	3
segment	3166	((11337 : ℚ) / 8192)	((5669 : ℚ) / 4096)	4	0	3
segment	3167	((5669 : ℚ) / 4096)	((11339 : ℚ) / 8192)	4	0	3
segment	3168	((11339 : ℚ) / 8192)	((2835 : ℚ) / 2048)	4	0	3
segment	3169	((2835 : ℚ) / 2048)	((11341 : ℚ) / 8192)	4	0	3
segment	3170	((11341 : ℚ) / 8192)	((5671 : ℚ) / 4096)	4	0	3
segment	3171	((5671 : ℚ) / 4096)	((11343 : ℚ) / 8192)	4	0	3
segment	3172	((11343 : ℚ) / 8192)	((709 : ℚ) / 512)	4	0	3
segment	3173	((709 : ℚ) / 512)	((11345 : ℚ) / 8192)	4	0	3
segment	3174	((11345 : ℚ) / 8192)	((5673 : ℚ) / 4096)	4	0	3
segment	3175	((5673 : ℚ) / 4096)	((11347 : ℚ) / 8192)	4	0	3
segment	3176	((11347 : ℚ) / 8192)	((2837 : ℚ) / 2048)	4	0	3
segment	3177	((2837 : ℚ) / 2048)	((11349 : ℚ) / 8192)	4	0	3
segment	3178	((11349 : ℚ) / 8192)	((5675 : ℚ) / 4096)	4	0	3
segment	3179	((5675 : ℚ) / 4096)	((11351 : ℚ) / 8192)	4	0	3
segment	3180	((11351 : ℚ) / 8192)	((1419 : ℚ) / 1024)	4	0	3
segment	3181	((1419 : ℚ) / 1024)	((11353 : ℚ) / 8192)	4	0	3
segment	3182	((11353 : ℚ) / 8192)	((5677 : ℚ) / 4096)	4	0	3
segment	3183	((5677 : ℚ) / 4096)	((11355 : ℚ) / 8192)	4	0	3
segment	3184	((11355 : ℚ) / 8192)	((2839 : ℚ) / 2048)	4	0	3
segment	3185	((2839 : ℚ) / 2048)	((11357 : ℚ) / 8192)	4	0	3
segment	3186	((11357 : ℚ) / 8192)	((5679 : ℚ) / 4096)	4	0	3
segment	3187	((5679 : ℚ) / 4096)	((11359 : ℚ) / 8192)	4	0	3
segment	3188	((11359 : ℚ) / 8192)	((355 : ℚ) / 256)	4	0	3
segment	3189	((355 : ℚ) / 256)	((11361 : ℚ) / 8192)	4	0	3
segment	3190	((11361 : ℚ) / 8192)	((5681 : ℚ) / 4096)	4	0	3
segment	3191	((5681 : ℚ) / 4096)	((11363 : ℚ) / 8192)	4	0	3
segment	3192	((11363 : ℚ) / 8192)	((2841 : ℚ) / 2048)	4	0	3
segment	3193	((2841 : ℚ) / 2048)	((11365 : ℚ) / 8192)	4	0	3
segment	3194	((11365 : ℚ) / 8192)	((5683 : ℚ) / 4096)	4	0	3
segment	3195	((5683 : ℚ) / 4096)	((11367 : ℚ) / 8192)	4	0	3
segment	3196	((11367 : ℚ) / 8192)	((1421 : ℚ) / 1024)	4	0	3
segment	3197	((1421 : ℚ) / 1024)	((11369 : ℚ) / 8192)	4	0	3
segment	3198	((11369 : ℚ) / 8192)	((5685 : ℚ) / 4096)	4	0	3
segment	3199	((5685 : ℚ) / 4096)	((11371 : ℚ) / 8192)	4	0	3
segment	3200	((11371 : ℚ) / 8192)	((2843 : ℚ) / 2048)	4	0	3
segment	3201	((2843 : ℚ) / 2048)	((11373 : ℚ) / 8192)	4	0	3
segment	3202	((11373 : ℚ) / 8192)	((5687 : ℚ) / 4096)	4	0	3
segment	3203	((5687 : ℚ) / 4096)	((11375 : ℚ) / 8192)	4	0	3
segment	3204	((11375 : ℚ) / 8192)	((711 : ℚ) / 512)	4	0	3
segment	3205	((711 : ℚ) / 512)	((11377 : ℚ) / 8192)	4	0	3
segment	3206	((11377 : ℚ) / 8192)	((5689 : ℚ) / 4096)	4	0	3
segment	3207	((5689 : ℚ) / 4096)	((11379 : ℚ) / 8192)	4	0	3
segment	3208	((11379 : ℚ) / 8192)	((2845 : ℚ) / 2048)	4	0	3
segment	3209	((2845 : ℚ) / 2048)	((11381 : ℚ) / 8192)	4	0	3
segment	3210	((11381 : ℚ) / 8192)	((5691 : ℚ) / 4096)	4	0	3
segment	3211	((5691 : ℚ) / 4096)	((11383 : ℚ) / 8192)	4	0	3
segment	3212	((11383 : ℚ) / 8192)	((1423 : ℚ) / 1024)	4	0	3
segment	3213	((1423 : ℚ) / 1024)	((11385 : ℚ) / 8192)	4	0	3
segment	3214	((11385 : ℚ) / 8192)	((5693 : ℚ) / 4096)	4	0	3
segment	3215	((5693 : ℚ) / 4096)	((11387 : ℚ) / 8192)	4	0	3
segment	3216	((11387 : ℚ) / 8192)	((2847 : ℚ) / 2048)	4	0	3
segment	3217	((2847 : ℚ) / 2048)	((11389 : ℚ) / 8192)	4	0	3
segment	3218	((11389 : ℚ) / 8192)	((5695 : ℚ) / 4096)	4	0	3
segment	3219	((5695 : ℚ) / 4096)	((11391 : ℚ) / 8192)	4	0	3
segment	3220	((11391 : ℚ) / 8192)	((89 : ℚ) / 64)	4	0	3
segment	3221	((89 : ℚ) / 64)	((11393 : ℚ) / 8192)	4	0	3
segment	3222	((11393 : ℚ) / 8192)	((5697 : ℚ) / 4096)	4	0	3
segment	3223	((5697 : ℚ) / 4096)	((11395 : ℚ) / 8192)	4	0	3
segment	3224	((11395 : ℚ) / 8192)	((2849 : ℚ) / 2048)	4	0	3
segment	3225	((2849 : ℚ) / 2048)	((11397 : ℚ) / 8192)	4	0	3
segment	3226	((11397 : ℚ) / 8192)	((5699 : ℚ) / 4096)	4	0	3
segment	3227	((5699 : ℚ) / 4096)	((11399 : ℚ) / 8192)	4	0	3
segment	3228	((11399 : ℚ) / 8192)	((1425 : ℚ) / 1024)	4	0	3
segment	3229	((1425 : ℚ) / 1024)	((11401 : ℚ) / 8192)	4	0	3
segment	3230	((11401 : ℚ) / 8192)	((5701 : ℚ) / 4096)	4	0	3
segment	3231	((5701 : ℚ) / 4096)	((11403 : ℚ) / 8192)	4	0	3
segment	3232	((11403 : ℚ) / 8192)	((2851 : ℚ) / 2048)	4	0	3
segment	3233	((2851 : ℚ) / 2048)	((11405 : ℚ) / 8192)	4	0	3
segment	3234	((11405 : ℚ) / 8192)	((5703 : ℚ) / 4096)	4	0	3
segment	3235	((5703 : ℚ) / 4096)	((11407 : ℚ) / 8192)	4	0	3
segment	3236	((11407 : ℚ) / 8192)	((713 : ℚ) / 512)	4	0	3
segment	3237	((713 : ℚ) / 512)	((11409 : ℚ) / 8192)	4	0	3
segment	3238	((11409 : ℚ) / 8192)	((5705 : ℚ) / 4096)	4	0	3
segment	3239	((5705 : ℚ) / 4096)	((11411 : ℚ) / 8192)	4	0	3
segment	3240	((11411 : ℚ) / 8192)	((2853 : ℚ) / 2048)	4	0	3
segment	3241	((2853 : ℚ) / 2048)	((11413 : ℚ) / 8192)	4	0	3
segment	3242	((11413 : ℚ) / 8192)	((5707 : ℚ) / 4096)	4	0	3
segment	3243	((5707 : ℚ) / 4096)	((11415 : ℚ) / 8192)	4	0	3
segment	3244	((11415 : ℚ) / 8192)	((1427 : ℚ) / 1024)	4	0	3
segment	3245	((1427 : ℚ) / 1024)	((11417 : ℚ) / 8192)	4	0	3
segment	3246	((11417 : ℚ) / 8192)	((5709 : ℚ) / 4096)	4	0	3
segment	3247	((5709 : ℚ) / 4096)	((11419 : ℚ) / 8192)	4	0	3
segment	3248	((11419 : ℚ) / 8192)	((2855 : ℚ) / 2048)	4	0	3
segment	3249	((2855 : ℚ) / 2048)	((11421 : ℚ) / 8192)	4	0	3
segment	3250	((11421 : ℚ) / 8192)	((5711 : ℚ) / 4096)	4	0	3
segment	3251	((5711 : ℚ) / 4096)	((11423 : ℚ) / 8192)	4	0	3
segment	3252	((11423 : ℚ) / 8192)	((357 : ℚ) / 256)	4	0	3
segment	3253	((357 : ℚ) / 256)	((11425 : ℚ) / 8192)	4	0	3
segment	3254	((11425 : ℚ) / 8192)	((5713 : ℚ) / 4096)	4	0	3
segment	3255	((5713 : ℚ) / 4096)	((11427 : ℚ) / 8192)	4	0	3
segment	3256	((11427 : ℚ) / 8192)	((2857 : ℚ) / 2048)	4	0	3
segment	3257	((2857 : ℚ) / 2048)	((11429 : ℚ) / 8192)	4	0	3
segment	3258	((11429 : ℚ) / 8192)	((5715 : ℚ) / 4096)	4	0	3
segment	3259	((5715 : ℚ) / 4096)	((11431 : ℚ) / 8192)	4	0	3
segment	3260	((11431 : ℚ) / 8192)	((1429 : ℚ) / 1024)	4	0	3
segment	3261	((1429 : ℚ) / 1024)	((11433 : ℚ) / 8192)	4	0	3
segment	3262	((11433 : ℚ) / 8192)	((5717 : ℚ) / 4096)	4	0	3
segment	3263	((5717 : ℚ) / 4096)	((11435 : ℚ) / 8192)	4	0	3
segment	3264	((11435 : ℚ) / 8192)	((2859 : ℚ) / 2048)	4	0	3
segment	3265	((2859 : ℚ) / 2048)	((11437 : ℚ) / 8192)	4	0	3
segment	3266	((11437 : ℚ) / 8192)	((5719 : ℚ) / 4096)	4	0	3
segment	3267	((5719 : ℚ) / 4096)	((11439 : ℚ) / 8192)	4	0	3
segment	3268	((11439 : ℚ) / 8192)	((715 : ℚ) / 512)	4	0	3
segment	3269	((715 : ℚ) / 512)	((11441 : ℚ) / 8192)	4	0	3
segment	3270	((11441 : ℚ) / 8192)	((5721 : ℚ) / 4096)	4	0	3
segment	3271	((5721 : ℚ) / 4096)	((11443 : ℚ) / 8192)	4	0	3
segment	3272	((11443 : ℚ) / 8192)	((2861 : ℚ) / 2048)	4	0	3
segment	3273	((2861 : ℚ) / 2048)	((11445 : ℚ) / 8192)	4	0	3
segment	3274	((11445 : ℚ) / 8192)	((5723 : ℚ) / 4096)	4	0	3
segment	3275	((5723 : ℚ) / 4096)	((11447 : ℚ) / 8192)	4	0	3
segment	3276	((11447 : ℚ) / 8192)	((1431 : ℚ) / 1024)	4	0	3
segment	3277	((1431 : ℚ) / 1024)	((11449 : ℚ) / 8192)	4	0	3
segment	3278	((11449 : ℚ) / 8192)	((5725 : ℚ) / 4096)	4	0	3
segment	3279	((5725 : ℚ) / 4096)	((11451 : ℚ) / 8192)	4	0	3
segment	3280	((11451 : ℚ) / 8192)	((2863 : ℚ) / 2048)	4	0	3
segment	3281	((2863 : ℚ) / 2048)	((11453 : ℚ) / 8192)	4	0	3
segment	3282	((11453 : ℚ) / 8192)	((5727 : ℚ) / 4096)	4	0	3
segment	3283	((5727 : ℚ) / 4096)	((11455 : ℚ) / 8192)	4	0	3
segment	3284	((11455 : ℚ) / 8192)	((179 : ℚ) / 128)	4	0	3
segment	3285	((179 : ℚ) / 128)	((11457 : ℚ) / 8192)	4	0	3
segment	3286	((11457 : ℚ) / 8192)	((5729 : ℚ) / 4096)	4	0	3
segment	3287	((5729 : ℚ) / 4096)	((11459 : ℚ) / 8192)	4	0	3
segment	3288	((11459 : ℚ) / 8192)	((2865 : ℚ) / 2048)	4	0	3
segment	3289	((2865 : ℚ) / 2048)	((11461 : ℚ) / 8192)	4	0	3
segment	3290	((11461 : ℚ) / 8192)	((5731 : ℚ) / 4096)	4	0	3
segment	3291	((5731 : ℚ) / 4096)	((11463 : ℚ) / 8192)	4	0	3
segment	3292	((11463 : ℚ) / 8192)	((1433 : ℚ) / 1024)	4	0	3
segment	3293	((1433 : ℚ) / 1024)	((11465 : ℚ) / 8192)	4	0	3
segment	3294	((11465 : ℚ) / 8192)	((5733 : ℚ) / 4096)	4	0	3
segment	3295	((5733 : ℚ) / 4096)	((11467 : ℚ) / 8192)	4	0	3
segment	3296	((11467 : ℚ) / 8192)	((2867 : ℚ) / 2048)	4	0	3
segment	3297	((2867 : ℚ) / 2048)	((11469 : ℚ) / 8192)	4	0	3
segment	3298	((11469 : ℚ) / 8192)	((5735 : ℚ) / 4096)	4	0	3
segment	3299	((5735 : ℚ) / 4096)	((11471 : ℚ) / 8192)	4	0	3
segment	3300	((11471 : ℚ) / 8192)	((717 : ℚ) / 512)	4	0	3
segment	3301	((717 : ℚ) / 512)	((11473 : ℚ) / 8192)	4	0	3
segment	3302	((11473 : ℚ) / 8192)	((5737 : ℚ) / 4096)	4	0	3
segment	3303	((5737 : ℚ) / 4096)	((11475 : ℚ) / 8192)	4	0	3
segment	3304	((11475 : ℚ) / 8192)	((2869 : ℚ) / 2048)	4	0	3
segment	3305	((2869 : ℚ) / 2048)	((11477 : ℚ) / 8192)	4	0	3
segment	3306	((11477 : ℚ) / 8192)	((5739 : ℚ) / 4096)	4	0	3
segment	3307	((5739 : ℚ) / 4096)	((11479 : ℚ) / 8192)	4	0	3
segment	3308	((11479 : ℚ) / 8192)	((1435 : ℚ) / 1024)	4	0	3
segment	3309	((1435 : ℚ) / 1024)	((11481 : ℚ) / 8192)	4	0	3
segment	3310	((11481 : ℚ) / 8192)	((5741 : ℚ) / 4096)	4	0	3
segment	3311	((5741 : ℚ) / 4096)	((11483 : ℚ) / 8192)	4	0	3
segment	3312	((11483 : ℚ) / 8192)	((2871 : ℚ) / 2048)	4	0	3
segment	3313	((2871 : ℚ) / 2048)	((11485 : ℚ) / 8192)	4	0	3
segment	3314	((11485 : ℚ) / 8192)	((5743 : ℚ) / 4096)	4	0	3
segment	3315	((5743 : ℚ) / 4096)	((11487 : ℚ) / 8192)	4	0	3
segment	3316	((11487 : ℚ) / 8192)	((359 : ℚ) / 256)	4	0	3
segment	3317	((359 : ℚ) / 256)	((11489 : ℚ) / 8192)	4	0	3
segment	3318	((11489 : ℚ) / 8192)	((5745 : ℚ) / 4096)	4	0	3
segment	3319	((5745 : ℚ) / 4096)	((11491 : ℚ) / 8192)	4	0	3
segment	3320	((11491 : ℚ) / 8192)	((2873 : ℚ) / 2048)	4	0	3
segment	3321	((2873 : ℚ) / 2048)	((11493 : ℚ) / 8192)	4	0	3
segment	3322	((11493 : ℚ) / 8192)	((5747 : ℚ) / 4096)	4	0	3
segment	3323	((5747 : ℚ) / 4096)	((11495 : ℚ) / 8192)	4	0	3
segment	3324	((11495 : ℚ) / 8192)	((1437 : ℚ) / 1024)	4	0	3
segment	3325	((1437 : ℚ) / 1024)	((11497 : ℚ) / 8192)	4	0	3
segment	3326	((11497 : ℚ) / 8192)	((5749 : ℚ) / 4096)	4	0	3
segment	3327	((5749 : ℚ) / 4096)	((11499 : ℚ) / 8192)	4	0	3
segment	3328	((11499 : ℚ) / 8192)	((2875 : ℚ) / 2048)	4	0	3
segment	3329	((2875 : ℚ) / 2048)	((11501 : ℚ) / 8192)	4	0	3
segment	3330	((11501 : ℚ) / 8192)	((5751 : ℚ) / 4096)	4	0	3
segment	3331	((5751 : ℚ) / 4096)	((11503 : ℚ) / 8192)	4	0	3
segment	3332	((11503 : ℚ) / 8192)	((719 : ℚ) / 512)	4	0	3
segment	3333	((719 : ℚ) / 512)	((11505 : ℚ) / 8192)	4	0	3
segment	3334	((11505 : ℚ) / 8192)	((5753 : ℚ) / 4096)	4	0	3
segment	3335	((5753 : ℚ) / 4096)	((11507 : ℚ) / 8192)	4	0	3
segment	3336	((11507 : ℚ) / 8192)	((2877 : ℚ) / 2048)	4	0	3
segment	3337	((2877 : ℚ) / 2048)	((11509 : ℚ) / 8192)	4	0	3
segment	3338	((11509 : ℚ) / 8192)	((5755 : ℚ) / 4096)	4	0	3
segment	3339	((5755 : ℚ) / 4096)	((11511 : ℚ) / 8192)	4	0	3
segment	3340	((11511 : ℚ) / 8192)	((1439 : ℚ) / 1024)	4	0	3
segment	3341	((1439 : ℚ) / 1024)	((11513 : ℚ) / 8192)	4	0	3
segment	3342	((11513 : ℚ) / 8192)	((5757 : ℚ) / 4096)	4	0	3
segment	3343	((5757 : ℚ) / 4096)	((11515 : ℚ) / 8192)	4	0	3
segment	3344	((11515 : ℚ) / 8192)	((2879 : ℚ) / 2048)	4	0	3
segment	3345	((2879 : ℚ) / 2048)	((11517 : ℚ) / 8192)	4	0	3
segment	3346	((11517 : ℚ) / 8192)	((5759 : ℚ) / 4096)	4	0	3
segment	3347	((5759 : ℚ) / 4096)	((11519 : ℚ) / 8192)	4	0	3
segment	3348	((11519 : ℚ) / 8192)	((45 : ℚ) / 32)	4	0	3
segment	3349	((45 : ℚ) / 32)	((11521 : ℚ) / 8192)	4	0	3
segment	3350	((11521 : ℚ) / 8192)	((5761 : ℚ) / 4096)	4	0	3
segment	3351	((5761 : ℚ) / 4096)	((11523 : ℚ) / 8192)	4	0	3
segment	3352	((11523 : ℚ) / 8192)	((2881 : ℚ) / 2048)	4	0	3
segment	3353	((2881 : ℚ) / 2048)	((11525 : ℚ) / 8192)	4	0	3
segment	3354	((11525 : ℚ) / 8192)	((5763 : ℚ) / 4096)	4	0	3
segment	3355	((5763 : ℚ) / 4096)	((11527 : ℚ) / 8192)	4	0	3
segment	3356	((11527 : ℚ) / 8192)	((1441 : ℚ) / 1024)	4	0	3
segment	3357	((1441 : ℚ) / 1024)	((11529 : ℚ) / 8192)	4	0	3
segment	3358	((11529 : ℚ) / 8192)	((5765 : ℚ) / 4096)	4	0	3
segment	3359	((5765 : ℚ) / 4096)	((11531 : ℚ) / 8192)	4	0	3
segment	3360	((11531 : ℚ) / 8192)	((2883 : ℚ) / 2048)	4	0	3
segment	3361	((2883 : ℚ) / 2048)	((11533 : ℚ) / 8192)	4	0	3
segment	3362	((11533 : ℚ) / 8192)	((5767 : ℚ) / 4096)	4	0	3
segment	3363	((5767 : ℚ) / 4096)	((11535 : ℚ) / 8192)	4	0	3
segment	3364	((11535 : ℚ) / 8192)	((721 : ℚ) / 512)	4	0	3
segment	3365	((721 : ℚ) / 512)	((11537 : ℚ) / 8192)	4	0	3
segment	3366	((11537 : ℚ) / 8192)	((5769 : ℚ) / 4096)	4	0	3
segment	3367	((5769 : ℚ) / 4096)	((11539 : ℚ) / 8192)	4	0	3
segment	3368	((11539 : ℚ) / 8192)	((2885 : ℚ) / 2048)	4	0	3
segment	3369	((2885 : ℚ) / 2048)	((11541 : ℚ) / 8192)	4	0	3
segment	3370	((11541 : ℚ) / 8192)	((5771 : ℚ) / 4096)	4	0	3
segment	3371	((5771 : ℚ) / 4096)	((11543 : ℚ) / 8192)	4	0	3
segment	3372	((11543 : ℚ) / 8192)	((1443 : ℚ) / 1024)	4	0	3
segment	3373	((1443 : ℚ) / 1024)	((11545 : ℚ) / 8192)	4	0	3
segment	3374	((11545 : ℚ) / 8192)	((5773 : ℚ) / 4096)	4	0	3
segment	3375	((5773 : ℚ) / 4096)	((11547 : ℚ) / 8192)	4	0	3
segment	3376	((11547 : ℚ) / 8192)	((2887 : ℚ) / 2048)	4	0	3
segment	3377	((2887 : ℚ) / 2048)	((11549 : ℚ) / 8192)	4	0	3
segment	3378	((11549 : ℚ) / 8192)	((5775 : ℚ) / 4096)	4	0	3
segment	3379	((5775 : ℚ) / 4096)	((11551 : ℚ) / 8192)	4	0	3
segment	3380	((11551 : ℚ) / 8192)	((361 : ℚ) / 256)	4	0	3
segment	3381	((361 : ℚ) / 256)	((11553 : ℚ) / 8192)	4	0	3
segment	3382	((11553 : ℚ) / 8192)	((5777 : ℚ) / 4096)	4	0	3
segment	3383	((5777 : ℚ) / 4096)	((11555 : ℚ) / 8192)	4	0	3
segment	3384	((11555 : ℚ) / 8192)	((2889 : ℚ) / 2048)	4	0	3
segment	3385	((2889 : ℚ) / 2048)	((11557 : ℚ) / 8192)	4	0	3
segment	3386	((11557 : ℚ) / 8192)	((5779 : ℚ) / 4096)	4	0	3
segment	3387	((5779 : ℚ) / 4096)	((11559 : ℚ) / 8192)	4	0	3
segment	3388	((11559 : ℚ) / 8192)	((1445 : ℚ) / 1024)	4	0	3
segment	3389	((1445 : ℚ) / 1024)	((11561 : ℚ) / 8192)	4	0	3
segment	3390	((11561 : ℚ) / 8192)	((5781 : ℚ) / 4096)	4	0	3
segment	3391	((5781 : ℚ) / 4096)	((11563 : ℚ) / 8192)	4	0	3
segment	3392	((11563 : ℚ) / 8192)	((2891 : ℚ) / 2048)	4	0	3
segment	3393	((2891 : ℚ) / 2048)	((11565 : ℚ) / 8192)	4	0	3
segment	3394	((11565 : ℚ) / 8192)	((5783 : ℚ) / 4096)	4	0	3
segment	3395	((5783 : ℚ) / 4096)	((11567 : ℚ) / 8192)	4	0	3
segment	3396	((11567 : ℚ) / 8192)	((723 : ℚ) / 512)	4	0	3
segment	3397	((723 : ℚ) / 512)	((11569 : ℚ) / 8192)	4	0	3
segment	3398	((11569 : ℚ) / 8192)	((5785 : ℚ) / 4096)	4	0	3
segment	3399	((5785 : ℚ) / 4096)	((11571 : ℚ) / 8192)	4	0	3
segment	3400	((11571 : ℚ) / 8192)	((2893 : ℚ) / 2048)	4	0	3
segment	3401	((2893 : ℚ) / 2048)	((11573 : ℚ) / 8192)	4	0	3
segment	3402	((11573 : ℚ) / 8192)	((5787 : ℚ) / 4096)	4	0	3
segment	3403	((5787 : ℚ) / 4096)	((11575 : ℚ) / 8192)	4	0	3
segment	3404	((11575 : ℚ) / 8192)	((1447 : ℚ) / 1024)	4	0	3
segment	3405	((1447 : ℚ) / 1024)	((11577 : ℚ) / 8192)	4	0	3
segment	3406	((11577 : ℚ) / 8192)	((5789 : ℚ) / 4096)	4	0	3
segment	3407	((5789 : ℚ) / 4096)	((11579 : ℚ) / 8192)	4	0	3
segment	3408	((11579 : ℚ) / 8192)	((2895 : ℚ) / 2048)	4	0	3
segment	3409	((2895 : ℚ) / 2048)	((11581 : ℚ) / 8192)	4	0	3
segment	3410	((11581 : ℚ) / 8192)	((5791 : ℚ) / 4096)	4	0	3
segment	3411	((5791 : ℚ) / 4096)	((11583 : ℚ) / 8192)	4	0	3
segment	3412	((11583 : ℚ) / 8192)	((181 : ℚ) / 128)	4	0	3
segment	3413	((181 : ℚ) / 128)	((11585 : ℚ) / 8192)	4	0	3
segment	3414	((11585 : ℚ) / 8192)	((5793 : ℚ) / 4096)	4	0	3
segment	3415	((5793 : ℚ) / 4096)	((11587 : ℚ) / 8192)	4	0	3
segment	3416	((11587 : ℚ) / 8192)	((2897 : ℚ) / 2048)	4	0	3
segment	3417	((2897 : ℚ) / 2048)	((11589 : ℚ) / 8192)	4	0	3
segment	3418	((11589 : ℚ) / 8192)	((5795 : ℚ) / 4096)	4	0	3
segment	3419	((5795 : ℚ) / 4096)	((11591 : ℚ) / 8192)	4	0	3
segment	3420	((11591 : ℚ) / 8192)	((1449 : ℚ) / 1024)	4	0	3
segment	3421	((1449 : ℚ) / 1024)	((11593 : ℚ) / 8192)	4	0	3
segment	3422	((11593 : ℚ) / 8192)	((5797 : ℚ) / 4096)	4	0	3
segment	3423	((5797 : ℚ) / 4096)	((11595 : ℚ) / 8192)	4	0	3
segment	3424	((11595 : ℚ) / 8192)	((2899 : ℚ) / 2048)	4	0	3
segment	3425	((2899 : ℚ) / 2048)	((11597 : ℚ) / 8192)	4	0	3
segment	3426	((11597 : ℚ) / 8192)	((5799 : ℚ) / 4096)	4	0	3
segment	3427	((5799 : ℚ) / 4096)	((11599 : ℚ) / 8192)	4	0	3
segment	3428	((11599 : ℚ) / 8192)	((725 : ℚ) / 512)	4	0	3
segment	3429	((725 : ℚ) / 512)	((11601 : ℚ) / 8192)	4	0	3
segment	3430	((11601 : ℚ) / 8192)	((5801 : ℚ) / 4096)	4	0	3
segment	3431	((5801 : ℚ) / 4096)	((11603 : ℚ) / 8192)	4	0	3
segment	3432	((11603 : ℚ) / 8192)	((2901 : ℚ) / 2048)	4	0	3
segment	3433	((2901 : ℚ) / 2048)	((11605 : ℚ) / 8192)	4	0	3
segment	3434	((11605 : ℚ) / 8192)	((5803 : ℚ) / 4096)	4	0	3
segment	3435	((5803 : ℚ) / 4096)	((11607 : ℚ) / 8192)	4	0	3
segment	3436	((11607 : ℚ) / 8192)	((1451 : ℚ) / 1024)	4	0	3
segment	3437	((1451 : ℚ) / 1024)	((11609 : ℚ) / 8192)	4	0	3
segment	3438	((11609 : ℚ) / 8192)	((5805 : ℚ) / 4096)	4	0	3
segment	3439	((5805 : ℚ) / 4096)	((11611 : ℚ) / 8192)	4	0	3
segment	3440	((11611 : ℚ) / 8192)	((2903 : ℚ) / 2048)	4	0	3
segment	3441	((2903 : ℚ) / 2048)	((11613 : ℚ) / 8192)	4	0	3
segment	3442	((11613 : ℚ) / 8192)	((5807 : ℚ) / 4096)	4	0	3
segment	3443	((5807 : ℚ) / 4096)	((11615 : ℚ) / 8192)	4	0	3
segment	3444	((11615 : ℚ) / 8192)	((363 : ℚ) / 256)	4	0	3
segment	3445	((363 : ℚ) / 256)	((11617 : ℚ) / 8192)	4	0	3
segment	3446	((11617 : ℚ) / 8192)	((5809 : ℚ) / 4096)	4	0	3
segment	3447	((5809 : ℚ) / 4096)	((11619 : ℚ) / 8192)	4	0	3
segment	3448	((11619 : ℚ) / 8192)	((2905 : ℚ) / 2048)	4	0	3
segment	3449	((2905 : ℚ) / 2048)	((11621 : ℚ) / 8192)	4	0	3
segment	3450	((11621 : ℚ) / 8192)	((5811 : ℚ) / 4096)	4	0	3
segment	3451	((5811 : ℚ) / 4096)	((11623 : ℚ) / 8192)	4	0	3
segment	3452	((11623 : ℚ) / 8192)	((1453 : ℚ) / 1024)	4	0	3
segment	3453	((1453 : ℚ) / 1024)	((11625 : ℚ) / 8192)	4	0	3
segment	3454	((11625 : ℚ) / 8192)	((5813 : ℚ) / 4096)	4	0	3
segment	3455	((5813 : ℚ) / 4096)	((11627 : ℚ) / 8192)	4	0	3
segment	3456	((11627 : ℚ) / 8192)	((2907 : ℚ) / 2048)	4	0	3
segment	3457	((2907 : ℚ) / 2048)	((11629 : ℚ) / 8192)	4	0	3
segment	3458	((11629 : ℚ) / 8192)	((5815 : ℚ) / 4096)	4	0	3
segment	3459	((5815 : ℚ) / 4096)	((11631 : ℚ) / 8192)	4	0	3
segment	3460	((11631 : ℚ) / 8192)	((727 : ℚ) / 512)	4	0	3
segment	3461	((727 : ℚ) / 512)	((11633 : ℚ) / 8192)	4	0	3
segment	3462	((11633 : ℚ) / 8192)	((5817 : ℚ) / 4096)	4	0	3
segment	3463	((5817 : ℚ) / 4096)	((11635 : ℚ) / 8192)	4	0	3
segment	3464	((11635 : ℚ) / 8192)	((2909 : ℚ) / 2048)	4	0	3
segment	3465	((2909 : ℚ) / 2048)	((11637 : ℚ) / 8192)	4	0	3
segment	3466	((11637 : ℚ) / 8192)	((5819 : ℚ) / 4096)	4	0	3
segment	3467	((5819 : ℚ) / 4096)	((11639 : ℚ) / 8192)	4	0	3
segment	3468	((11639 : ℚ) / 8192)	((1455 : ℚ) / 1024)	4	0	3
segment	3469	((1455 : ℚ) / 1024)	((11641 : ℚ) / 8192)	4	0	3
segment	3470	((11641 : ℚ) / 8192)	((5821 : ℚ) / 4096)	4	0	3
segment	3471	((5821 : ℚ) / 4096)	((11643 : ℚ) / 8192)	4	0	3
segment	3472	((11643 : ℚ) / 8192)	((2911 : ℚ) / 2048)	4	0	3
segment	3473	((2911 : ℚ) / 2048)	((11645 : ℚ) / 8192)	4	0	3
segment	3474	((11645 : ℚ) / 8192)	((5823 : ℚ) / 4096)	4	0	3
segment	3475	((5823 : ℚ) / 4096)	((11647 : ℚ) / 8192)	4	0	3
segment	3476	((11647 : ℚ) / 8192)	((91 : ℚ) / 64)	4	0	3
segment	3477	((91 : ℚ) / 64)	((11649 : ℚ) / 8192)	4	0	3
segment	3478	((11649 : ℚ) / 8192)	((5825 : ℚ) / 4096)	4	0	3
segment	3479	((5825 : ℚ) / 4096)	((11651 : ℚ) / 8192)	4	0	3
segment	3480	((11651 : ℚ) / 8192)	((2913 : ℚ) / 2048)	4	0	3
segment	3481	((2913 : ℚ) / 2048)	((11653 : ℚ) / 8192)	4	0	3
segment	3482	((11653 : ℚ) / 8192)	((5827 : ℚ) / 4096)	4	0	3
segment	3483	((5827 : ℚ) / 4096)	((11655 : ℚ) / 8192)	4	0	3
segment	3484	((11655 : ℚ) / 8192)	((1457 : ℚ) / 1024)	4	0	3
segment	3485	((1457 : ℚ) / 1024)	((11657 : ℚ) / 8192)	4	0	3
segment	3486	((11657 : ℚ) / 8192)	((5829 : ℚ) / 4096)	4	0	3
segment	3487	((5829 : ℚ) / 4096)	((11659 : ℚ) / 8192)	4	0	3
segment	3488	((11659 : ℚ) / 8192)	((2915 : ℚ) / 2048)	4	0	3
segment	3489	((2915 : ℚ) / 2048)	((11661 : ℚ) / 8192)	4	0	3
segment	3490	((11661 : ℚ) / 8192)	((5831 : ℚ) / 4096)	4	0	3
segment	3491	((5831 : ℚ) / 4096)	((11663 : ℚ) / 8192)	4	0	3
segment	3492	((11663 : ℚ) / 8192)	((729 : ℚ) / 512)	4	0	3
segment	3493	((729 : ℚ) / 512)	((11665 : ℚ) / 8192)	4	0	3
segment	3494	((11665 : ℚ) / 8192)	((5833 : ℚ) / 4096)	4	0	3
segment	3495	((5833 : ℚ) / 4096)	((11667 : ℚ) / 8192)	4	0	3
segment	3496	((11667 : ℚ) / 8192)	((2917 : ℚ) / 2048)	4	0	3
segment	3497	((2917 : ℚ) / 2048)	((11669 : ℚ) / 8192)	4	0	3
segment	3498	((11669 : ℚ) / 8192)	((5835 : ℚ) / 4096)	4	0	3
segment	3499	((5835 : ℚ) / 4096)	((11671 : ℚ) / 8192)	4	0	3
segment	3500	((11671 : ℚ) / 8192)	((1459 : ℚ) / 1024)	4	0	3
segment	3501	((1459 : ℚ) / 1024)	((11673 : ℚ) / 8192)	4	0	3
segment	3502	((11673 : ℚ) / 8192)	((5837 : ℚ) / 4096)	4	0	3
segment	3503	((5837 : ℚ) / 4096)	((11675 : ℚ) / 8192)	4	0	3
segment	3504	((11675 : ℚ) / 8192)	((2919 : ℚ) / 2048)	4	0	3
segment	3505	((2919 : ℚ) / 2048)	((11677 : ℚ) / 8192)	4	0	3
segment	3506	((11677 : ℚ) / 8192)	((5839 : ℚ) / 4096)	4	0	3
segment	3507	((5839 : ℚ) / 4096)	((11679 : ℚ) / 8192)	4	0	3
segment	3508	((11679 : ℚ) / 8192)	((365 : ℚ) / 256)	4	0	3
segment	3509	((365 : ℚ) / 256)	((11681 : ℚ) / 8192)	4	0	3
segment	3510	((11681 : ℚ) / 8192)	((5841 : ℚ) / 4096)	4	0	3
segment	3511	((5841 : ℚ) / 4096)	((11683 : ℚ) / 8192)	4	0	3
segment	3512	((11683 : ℚ) / 8192)	((2921 : ℚ) / 2048)	4	0	3
segment	3513	((2921 : ℚ) / 2048)	((11685 : ℚ) / 8192)	4	0	3
segment	3514	((11685 : ℚ) / 8192)	((5843 : ℚ) / 4096)	4	0	3
segment	3515	((5843 : ℚ) / 4096)	((11687 : ℚ) / 8192)	4	0	3
segment	3516	((11687 : ℚ) / 8192)	((1461 : ℚ) / 1024)	4	0	3
segment	3517	((1461 : ℚ) / 1024)	((11689 : ℚ) / 8192)	4	0	3
segment	3518	((11689 : ℚ) / 8192)	((5845 : ℚ) / 4096)	4	0	3
segment	3519	((5845 : ℚ) / 4096)	((11691 : ℚ) / 8192)	4	0	3
segment	3520	((11691 : ℚ) / 8192)	((2923 : ℚ) / 2048)	4	0	3
segment	3521	((2923 : ℚ) / 2048)	((11693 : ℚ) / 8192)	4	0	3
segment	3522	((11693 : ℚ) / 8192)	((5847 : ℚ) / 4096)	4	0	3
segment	3523	((5847 : ℚ) / 4096)	((11695 : ℚ) / 8192)	4	0	3
segment	3524	((11695 : ℚ) / 8192)	((731 : ℚ) / 512)	4	0	3
segment	3525	((731 : ℚ) / 512)	((11697 : ℚ) / 8192)	4	0	3
segment	3526	((11697 : ℚ) / 8192)	((5849 : ℚ) / 4096)	4	0	3
segment	3527	((5849 : ℚ) / 4096)	((11699 : ℚ) / 8192)	4	0	3
segment	3528	((11699 : ℚ) / 8192)	((2925 : ℚ) / 2048)	4	0	3
segment	3529	((2925 : ℚ) / 2048)	((11701 : ℚ) / 8192)	4	0	3
segment	3530	((11701 : ℚ) / 8192)	((5851 : ℚ) / 4096)	4	0	3
segment	3531	((5851 : ℚ) / 4096)	((11703 : ℚ) / 8192)	4	0	3
segment	3532	((11703 : ℚ) / 8192)	((1463 : ℚ) / 1024)	4	0	3
segment	3533	((1463 : ℚ) / 1024)	((11705 : ℚ) / 8192)	4	0	3
segment	3534	((11705 : ℚ) / 8192)	((5853 : ℚ) / 4096)	4	0	3
segment	3535	((5853 : ℚ) / 4096)	((11707 : ℚ) / 8192)	4	0	3
segment	3536	((11707 : ℚ) / 8192)	((2927 : ℚ) / 2048)	4	0	3
segment	3537	((2927 : ℚ) / 2048)	((11709 : ℚ) / 8192)	4	0	3
segment	3538	((11709 : ℚ) / 8192)	((5855 : ℚ) / 4096)	4	0	3
segment	3539	((5855 : ℚ) / 4096)	((11711 : ℚ) / 8192)	4	0	3
segment	3540	((11711 : ℚ) / 8192)	((183 : ℚ) / 128)	4	0	3
segment	3541	((183 : ℚ) / 128)	((11713 : ℚ) / 8192)	4	0	3
segment	3542	((11713 : ℚ) / 8192)	((5857 : ℚ) / 4096)	4	0	3
segment	3543	((5857 : ℚ) / 4096)	((11715 : ℚ) / 8192)	4	0	3
segment	3544	((11715 : ℚ) / 8192)	((2929 : ℚ) / 2048)	4	0	3
segment	3545	((2929 : ℚ) / 2048)	((11717 : ℚ) / 8192)	4	0	3
segment	3546	((11717 : ℚ) / 8192)	((5859 : ℚ) / 4096)	4	0	3
segment	3547	((5859 : ℚ) / 4096)	((11719 : ℚ) / 8192)	4	0	3
segment	3548	((11719 : ℚ) / 8192)	((1465 : ℚ) / 1024)	4	0	3
segment	3549	((1465 : ℚ) / 1024)	((11721 : ℚ) / 8192)	4	0	3
segment	3550	((11721 : ℚ) / 8192)	((5861 : ℚ) / 4096)	4	0	3
segment	3551	((5861 : ℚ) / 4096)	((11723 : ℚ) / 8192)	4	0	3
segment	3552	((11723 : ℚ) / 8192)	((2931 : ℚ) / 2048)	4	0	3
segment	3553	((2931 : ℚ) / 2048)	((11725 : ℚ) / 8192)	4	0	3
segment	3554	((11725 : ℚ) / 8192)	((5863 : ℚ) / 4096)	4	0	3
segment	3555	((5863 : ℚ) / 4096)	((11727 : ℚ) / 8192)	4	0	3
segment	3556	((11727 : ℚ) / 8192)	((733 : ℚ) / 512)	4	0	3
segment	3557	((733 : ℚ) / 512)	((11729 : ℚ) / 8192)	4	0	3
segment	3558	((11729 : ℚ) / 8192)	((5865 : ℚ) / 4096)	4	0	3
segment	3559	((5865 : ℚ) / 4096)	((11731 : ℚ) / 8192)	4	0	3
segment	3560	((11731 : ℚ) / 8192)	((2933 : ℚ) / 2048)	4	0	3
segment	3561	((2933 : ℚ) / 2048)	((11733 : ℚ) / 8192)	4	0	3
segment	3562	((11733 : ℚ) / 8192)	((5867 : ℚ) / 4096)	4	0	3
segment	3563	((5867 : ℚ) / 4096)	((11735 : ℚ) / 8192)	4	0	3
segment	3564	((11735 : ℚ) / 8192)	((1467 : ℚ) / 1024)	4	0	3
segment	3565	((1467 : ℚ) / 1024)	((11737 : ℚ) / 8192)	4	0	3
segment	3566	((11737 : ℚ) / 8192)	((5869 : ℚ) / 4096)	4	0	3
segment	3567	((5869 : ℚ) / 4096)	((11739 : ℚ) / 8192)	4	0	3
segment	3568	((11739 : ℚ) / 8192)	((2935 : ℚ) / 2048)	4	0	3
segment	3569	((2935 : ℚ) / 2048)	((11741 : ℚ) / 8192)	4	0	3
segment	3570	((11741 : ℚ) / 8192)	((5871 : ℚ) / 4096)	4	0	3
segment	3571	((5871 : ℚ) / 4096)	((11743 : ℚ) / 8192)	4	0	3
segment	3572	((11743 : ℚ) / 8192)	((367 : ℚ) / 256)	4	0	3
segment	3573	((367 : ℚ) / 256)	((11745 : ℚ) / 8192)	4	0	3
segment	3574	((11745 : ℚ) / 8192)	((5873 : ℚ) / 4096)	4	0	3
segment	3575	((5873 : ℚ) / 4096)	((11747 : ℚ) / 8192)	4	0	3
segment	3576	((11747 : ℚ) / 8192)	((2937 : ℚ) / 2048)	4	0	3
segment	3577	((2937 : ℚ) / 2048)	((11749 : ℚ) / 8192)	4	0	3
segment	3578	((11749 : ℚ) / 8192)	((5875 : ℚ) / 4096)	4	0	3
segment	3579	((5875 : ℚ) / 4096)	((11751 : ℚ) / 8192)	4	0	3
segment	3580	((11751 : ℚ) / 8192)	((1469 : ℚ) / 1024)	4	0	3
segment	3581	((1469 : ℚ) / 1024)	((11753 : ℚ) / 8192)	4	0	3
segment	3582	((11753 : ℚ) / 8192)	((5877 : ℚ) / 4096)	4	0	3
segment	3583	((5877 : ℚ) / 4096)	((11755 : ℚ) / 8192)	4	0	3
segment	3584	((11755 : ℚ) / 8192)	((2939 : ℚ) / 2048)	4	0	3
segment	3585	((2939 : ℚ) / 2048)	((11757 : ℚ) / 8192)	4	0	3
segment	3586	((11757 : ℚ) / 8192)	((5879 : ℚ) / 4096)	4	0	3
segment	3587	((5879 : ℚ) / 4096)	((11759 : ℚ) / 8192)	4	0	3
segment	3588	((11759 : ℚ) / 8192)	((735 : ℚ) / 512)	4	0	3
segment	3589	((735 : ℚ) / 512)	((11761 : ℚ) / 8192)	4	0	3
segment	3590	((11761 : ℚ) / 8192)	((5881 : ℚ) / 4096)	4	0	3
segment	3591	((5881 : ℚ) / 4096)	((11763 : ℚ) / 8192)	4	0	3
segment	3592	((11763 : ℚ) / 8192)	((2941 : ℚ) / 2048)	4	0	3
segment	3593	((2941 : ℚ) / 2048)	((11765 : ℚ) / 8192)	4	0	3
segment	3594	((11765 : ℚ) / 8192)	((5883 : ℚ) / 4096)	4	0	3
segment	3595	((5883 : ℚ) / 4096)	((11767 : ℚ) / 8192)	4	0	3
segment	3596	((11767 : ℚ) / 8192)	((1471 : ℚ) / 1024)	4	0	3
segment	3597	((1471 : ℚ) / 1024)	((11769 : ℚ) / 8192)	4	0	3
segment	3598	((11769 : ℚ) / 8192)	((5885 : ℚ) / 4096)	4	0	3
segment	3599	((5885 : ℚ) / 4096)	((11771 : ℚ) / 8192)	4	0	3
segment	3600	((11771 : ℚ) / 8192)	((2943 : ℚ) / 2048)	4	0	3
segment	3601	((2943 : ℚ) / 2048)	((11773 : ℚ) / 8192)	4	0	3
segment	3602	((11773 : ℚ) / 8192)	((5887 : ℚ) / 4096)	4	0	3
segment	3603	((5887 : ℚ) / 4096)	((11775 : ℚ) / 8192)	4	0	3
segment	3604	((11775 : ℚ) / 8192)	((23 : ℚ) / 16)	4	0	3
segment	3605	((23 : ℚ) / 16)	((11777 : ℚ) / 8192)	4	0	3
segment	3606	((11777 : ℚ) / 8192)	((5889 : ℚ) / 4096)	4	0	3
segment	3607	((5889 : ℚ) / 4096)	((11779 : ℚ) / 8192)	4	0	3
segment	3608	((11779 : ℚ) / 8192)	((2945 : ℚ) / 2048)	4	0	3
segment	3609	((2945 : ℚ) / 2048)	((11781 : ℚ) / 8192)	4	0	3
segment	3610	((11781 : ℚ) / 8192)	((5891 : ℚ) / 4096)	4	0	3
segment	3611	((5891 : ℚ) / 4096)	((11783 : ℚ) / 8192)	4	0	3
segment	3612	((11783 : ℚ) / 8192)	((1473 : ℚ) / 1024)	4	0	3
segment	3613	((1473 : ℚ) / 1024)	((11785 : ℚ) / 8192)	4	0	3
segment	3614	((11785 : ℚ) / 8192)	((5893 : ℚ) / 4096)	4	0	3
segment	3615	((5893 : ℚ) / 4096)	((11787 : ℚ) / 8192)	4	0	3
segment	3616	((11787 : ℚ) / 8192)	((2947 : ℚ) / 2048)	4	0	3
segment	3617	((2947 : ℚ) / 2048)	((11789 : ℚ) / 8192)	4	0	3
segment	3618	((11789 : ℚ) / 8192)	((5895 : ℚ) / 4096)	4	0	3
segment	3619	((5895 : ℚ) / 4096)	((11791 : ℚ) / 8192)	4	0	3
segment	3620	((11791 : ℚ) / 8192)	((737 : ℚ) / 512)	4	0	3
segment	3621	((737 : ℚ) / 512)	((11793 : ℚ) / 8192)	4	0	3
segment	3622	((11793 : ℚ) / 8192)	((5897 : ℚ) / 4096)	4	0	3
segment	3623	((5897 : ℚ) / 4096)	((11795 : ℚ) / 8192)	4	0	3
segment	3624	((11795 : ℚ) / 8192)	((2949 : ℚ) / 2048)	4	0	3
segment	3625	((2949 : ℚ) / 2048)	((11797 : ℚ) / 8192)	4	0	3
segment	3626	((11797 : ℚ) / 8192)	((5899 : ℚ) / 4096)	4	0	3
segment	3627	((5899 : ℚ) / 4096)	((11799 : ℚ) / 8192)	4	0	3
segment	3628	((11799 : ℚ) / 8192)	((1475 : ℚ) / 1024)	4	0	3
segment	3629	((1475 : ℚ) / 1024)	((11801 : ℚ) / 8192)	4	0	3
segment	3630	((11801 : ℚ) / 8192)	((5901 : ℚ) / 4096)	4	0	3
segment	3631	((5901 : ℚ) / 4096)	((11803 : ℚ) / 8192)	4	0	3
segment	3632	((11803 : ℚ) / 8192)	((2951 : ℚ) / 2048)	4	0	3
segment	3633	((2951 : ℚ) / 2048)	((11805 : ℚ) / 8192)	4	0	3
segment	3634	((11805 : ℚ) / 8192)	((5903 : ℚ) / 4096)	4	0	3
segment	3635	((5903 : ℚ) / 4096)	((11807 : ℚ) / 8192)	4	0	3
segment	3636	((11807 : ℚ) / 8192)	((369 : ℚ) / 256)	4	0	3
segment	3637	((369 : ℚ) / 256)	((11809 : ℚ) / 8192)	4	0	3
segment	3638	((11809 : ℚ) / 8192)	((5905 : ℚ) / 4096)	4	0	3
segment	3639	((5905 : ℚ) / 4096)	((11811 : ℚ) / 8192)	4	0	3
segment	3640	((11811 : ℚ) / 8192)	((2953 : ℚ) / 2048)	4	0	3
segment	3641	((2953 : ℚ) / 2048)	((11813 : ℚ) / 8192)	4	0	3
segment	3642	((11813 : ℚ) / 8192)	((5907 : ℚ) / 4096)	4	0	3
segment	3643	((5907 : ℚ) / 4096)	((11815 : ℚ) / 8192)	4	0	3
segment	3644	((11815 : ℚ) / 8192)	((1477 : ℚ) / 1024)	4	0	3
segment	3645	((1477 : ℚ) / 1024)	((11817 : ℚ) / 8192)	4	0	3
segment	3646	((11817 : ℚ) / 8192)	((5909 : ℚ) / 4096)	4	0	3
segment	3647	((5909 : ℚ) / 4096)	((11819 : ℚ) / 8192)	4	0	3
segment	3648	((11819 : ℚ) / 8192)	((2955 : ℚ) / 2048)	4	0	3
segment	3649	((2955 : ℚ) / 2048)	((11821 : ℚ) / 8192)	4	0	3
segment	3650	((11821 : ℚ) / 8192)	((5911 : ℚ) / 4096)	4	0	3
segment	3651	((5911 : ℚ) / 4096)	((11823 : ℚ) / 8192)	4	0	3
segment	3652	((11823 : ℚ) / 8192)	((739 : ℚ) / 512)	4	0	3
segment	3653	((739 : ℚ) / 512)	((11825 : ℚ) / 8192)	4	0	3
segment	3654	((11825 : ℚ) / 8192)	((5913 : ℚ) / 4096)	4	0	3
segment	3655	((5913 : ℚ) / 4096)	((11827 : ℚ) / 8192)	4	0	3
segment	3656	((11827 : ℚ) / 8192)	((2957 : ℚ) / 2048)	4	0	3
segment	3657	((2957 : ℚ) / 2048)	((11829 : ℚ) / 8192)	4	0	3
segment	3658	((11829 : ℚ) / 8192)	((5915 : ℚ) / 4096)	4	0	3
segment	3659	((5915 : ℚ) / 4096)	((11831 : ℚ) / 8192)	4	0	3
segment	3660	((11831 : ℚ) / 8192)	((1479 : ℚ) / 1024)	4	0	3
segment	3661	((1479 : ℚ) / 1024)	((11833 : ℚ) / 8192)	4	0	3
segment	3662	((11833 : ℚ) / 8192)	((5917 : ℚ) / 4096)	4	0	3
segment	3663	((5917 : ℚ) / 4096)	((11835 : ℚ) / 8192)	4	0	3
segment	3664	((11835 : ℚ) / 8192)	((2959 : ℚ) / 2048)	4	0	3
segment	3665	((2959 : ℚ) / 2048)	((11837 : ℚ) / 8192)	4	0	3
segment	3666	((11837 : ℚ) / 8192)	((5919 : ℚ) / 4096)	4	0	3
segment	3667	((5919 : ℚ) / 4096)	((11839 : ℚ) / 8192)	4	0	3
segment	3668	((11839 : ℚ) / 8192)	((185 : ℚ) / 128)	4	0	3
segment	3669	((185 : ℚ) / 128)	((11841 : ℚ) / 8192)	4	0	3
segment	3670	((11841 : ℚ) / 8192)	((5921 : ℚ) / 4096)	4	0	3
segment	3671	((5921 : ℚ) / 4096)	((11843 : ℚ) / 8192)	4	0	3
segment	3672	((11843 : ℚ) / 8192)	((2961 : ℚ) / 2048)	4	0	3
segment	3673	((2961 : ℚ) / 2048)	((11845 : ℚ) / 8192)	4	0	3
segment	3674	((11845 : ℚ) / 8192)	((5923 : ℚ) / 4096)	4	0	3
segment	3675	((5923 : ℚ) / 4096)	((11847 : ℚ) / 8192)	4	0	3
segment	3676	((11847 : ℚ) / 8192)	((1481 : ℚ) / 1024)	4	0	3
segment	3677	((1481 : ℚ) / 1024)	((11849 : ℚ) / 8192)	4	0	3
segment	3678	((11849 : ℚ) / 8192)	((5925 : ℚ) / 4096)	4	0	3
segment	3679	((5925 : ℚ) / 4096)	((11851 : ℚ) / 8192)	4	0	3
segment	3680	((11851 : ℚ) / 8192)	((2963 : ℚ) / 2048)	4	0	3
segment	3681	((2963 : ℚ) / 2048)	((11853 : ℚ) / 8192)	4	0	3
segment	3682	((11853 : ℚ) / 8192)	((5927 : ℚ) / 4096)	4	0	3
segment	3683	((5927 : ℚ) / 4096)	((11855 : ℚ) / 8192)	4	0	3
segment	3684	((11855 : ℚ) / 8192)	((741 : ℚ) / 512)	4	0	3
segment	3685	((741 : ℚ) / 512)	((11857 : ℚ) / 8192)	4	0	3
segment	3686	((11857 : ℚ) / 8192)	((5929 : ℚ) / 4096)	4	0	3
segment	3687	((5929 : ℚ) / 4096)	((11859 : ℚ) / 8192)	4	0	3
segment	3688	((11859 : ℚ) / 8192)	((2965 : ℚ) / 2048)	4	0	3
segment	3689	((2965 : ℚ) / 2048)	((11861 : ℚ) / 8192)	4	0	3
segment	3690	((11861 : ℚ) / 8192)	((5931 : ℚ) / 4096)	4	0	3
segment	3691	((5931 : ℚ) / 4096)	((11863 : ℚ) / 8192)	4	0	3
segment	3692	((11863 : ℚ) / 8192)	((1483 : ℚ) / 1024)	4	0	3
segment	3693	((1483 : ℚ) / 1024)	((11865 : ℚ) / 8192)	4	0	3
segment	3694	((11865 : ℚ) / 8192)	((5933 : ℚ) / 4096)	4	0	3
segment	3695	((5933 : ℚ) / 4096)	((11867 : ℚ) / 8192)	4	0	3
segment	3696	((11867 : ℚ) / 8192)	((2967 : ℚ) / 2048)	4	0	3
segment	3697	((2967 : ℚ) / 2048)	((11869 : ℚ) / 8192)	4	0	3
segment	3698	((11869 : ℚ) / 8192)	((5935 : ℚ) / 4096)	4	0	3
segment	3699	((5935 : ℚ) / 4096)	((11871 : ℚ) / 8192)	4	0	3
segment	3700	((11871 : ℚ) / 8192)	((371 : ℚ) / 256)	4	0	3
segment	3701	((371 : ℚ) / 256)	((11873 : ℚ) / 8192)	4	0	3
segment	3702	((11873 : ℚ) / 8192)	((5937 : ℚ) / 4096)	4	0	3
segment	3703	((5937 : ℚ) / 4096)	((11875 : ℚ) / 8192)	4	0	3
segment	3704	((11875 : ℚ) / 8192)	((2969 : ℚ) / 2048)	4	0	3
segment	3705	((2969 : ℚ) / 2048)	((11877 : ℚ) / 8192)	4	0	3
segment	3706	((11877 : ℚ) / 8192)	((5939 : ℚ) / 4096)	4	0	3
segment	3707	((5939 : ℚ) / 4096)	((11879 : ℚ) / 8192)	4	0	3
segment	3708	((11879 : ℚ) / 8192)	((1485 : ℚ) / 1024)	4	0	3
segment	3709	((1485 : ℚ) / 1024)	((11881 : ℚ) / 8192)	4	0	3
segment	3710	((11881 : ℚ) / 8192)	((5941 : ℚ) / 4096)	4	0	3
segment	3711	((5941 : ℚ) / 4096)	((11883 : ℚ) / 8192)	4	0	3
segment	3712	((11883 : ℚ) / 8192)	((2971 : ℚ) / 2048)	4	0	3
segment	3713	((2971 : ℚ) / 2048)	((11885 : ℚ) / 8192)	4	0	3
segment	3714	((11885 : ℚ) / 8192)	((5943 : ℚ) / 4096)	4	0	3
segment	3715	((5943 : ℚ) / 4096)	((11887 : ℚ) / 8192)	4	0	3
segment	3716	((11887 : ℚ) / 8192)	((743 : ℚ) / 512)	4	0	3
segment	3717	((743 : ℚ) / 512)	((11889 : ℚ) / 8192)	4	0	3
segment	3718	((11889 : ℚ) / 8192)	((5945 : ℚ) / 4096)	4	0	3
segment	3719	((5945 : ℚ) / 4096)	((11891 : ℚ) / 8192)	4	0	3
segment	3720	((11891 : ℚ) / 8192)	((2973 : ℚ) / 2048)	4	0	3
segment	3721	((2973 : ℚ) / 2048)	((11893 : ℚ) / 8192)	4	0	3
segment	3722	((11893 : ℚ) / 8192)	((5947 : ℚ) / 4096)	4	0	3
segment	3723	((5947 : ℚ) / 4096)	((11895 : ℚ) / 8192)	4	0	3
segment	3724	((11895 : ℚ) / 8192)	((1487 : ℚ) / 1024)	4	0	3
segment	3725	((1487 : ℚ) / 1024)	((11897 : ℚ) / 8192)	4	0	3
segment	3726	((11897 : ℚ) / 8192)	((5949 : ℚ) / 4096)	4	0	3
segment	3727	((5949 : ℚ) / 4096)	((11899 : ℚ) / 8192)	4	0	3
segment	3728	((11899 : ℚ) / 8192)	((2975 : ℚ) / 2048)	4	0	3
segment	3729	((2975 : ℚ) / 2048)	((11901 : ℚ) / 8192)	4	0	3
segment	3730	((11901 : ℚ) / 8192)	((5951 : ℚ) / 4096)	4	0	3
segment	3731	((5951 : ℚ) / 4096)	((11903 : ℚ) / 8192)	4	0	3
segment	3732	((11903 : ℚ) / 8192)	((93 : ℚ) / 64)	4	0	3
segment	3733	((93 : ℚ) / 64)	((11905 : ℚ) / 8192)	4	0	3
segment	3734	((11905 : ℚ) / 8192)	((5953 : ℚ) / 4096)	4	0	3
segment	3735	((5953 : ℚ) / 4096)	((11907 : ℚ) / 8192)	4	0	3
segment	3736	((11907 : ℚ) / 8192)	((2977 : ℚ) / 2048)	4	0	3
segment	3737	((2977 : ℚ) / 2048)	((11909 : ℚ) / 8192)	4	0	3
segment	3738	((11909 : ℚ) / 8192)	((5955 : ℚ) / 4096)	4	0	3
segment	3739	((5955 : ℚ) / 4096)	((11911 : ℚ) / 8192)	4	0	3
segment	3740	((11911 : ℚ) / 8192)	((1489 : ℚ) / 1024)	4	0	3
segment	3741	((1489 : ℚ) / 1024)	((11913 : ℚ) / 8192)	4	0	3
segment	3742	((11913 : ℚ) / 8192)	((5957 : ℚ) / 4096)	4	0	3
segment	3743	((5957 : ℚ) / 4096)	((11915 : ℚ) / 8192)	4	0	3
segment	3744	((11915 : ℚ) / 8192)	((2979 : ℚ) / 2048)	4	0	3
segment	3745	((2979 : ℚ) / 2048)	((11917 : ℚ) / 8192)	4	0	3
segment	3746	((11917 : ℚ) / 8192)	((5959 : ℚ) / 4096)	4	0	3
segment	3747	((5959 : ℚ) / 4096)	((11919 : ℚ) / 8192)	4	0	3
segment	3748	((11919 : ℚ) / 8192)	((745 : ℚ) / 512)	4	0	3
segment	3749	((745 : ℚ) / 512)	((11921 : ℚ) / 8192)	4	0	3
segment	3750	((11921 : ℚ) / 8192)	((5961 : ℚ) / 4096)	4	0	3
segment	3751	((5961 : ℚ) / 4096)	((11923 : ℚ) / 8192)	4	0	3
segment	3752	((11923 : ℚ) / 8192)	((2981 : ℚ) / 2048)	4	0	3
segment	3753	((2981 : ℚ) / 2048)	((11925 : ℚ) / 8192)	4	0	3
segment	3754	((11925 : ℚ) / 8192)	((5963 : ℚ) / 4096)	4	0	3
segment	3755	((5963 : ℚ) / 4096)	((11927 : ℚ) / 8192)	4	0	3
segment	3756	((11927 : ℚ) / 8192)	((1491 : ℚ) / 1024)	4	0	3
segment	3757	((1491 : ℚ) / 1024)	((11929 : ℚ) / 8192)	4	0	3
segment	3758	((11929 : ℚ) / 8192)	((5965 : ℚ) / 4096)	4	0	3
segment	3759	((5965 : ℚ) / 4096)	((11931 : ℚ) / 8192)	4	0	3
segment	3760	((11931 : ℚ) / 8192)	((2983 : ℚ) / 2048)	4	0	3
segment	3761	((2983 : ℚ) / 2048)	((11933 : ℚ) / 8192)	4	0	3
segment	3762	((11933 : ℚ) / 8192)	((5967 : ℚ) / 4096)	4	0	3
segment	3763	((5967 : ℚ) / 4096)	((11935 : ℚ) / 8192)	4	0	3
segment	3764	((11935 : ℚ) / 8192)	((373 : ℚ) / 256)	4	0	3
segment	3765	((373 : ℚ) / 256)	((11937 : ℚ) / 8192)	4	0	3
segment	3766	((11937 : ℚ) / 8192)	((5969 : ℚ) / 4096)	4	0	3
segment	3767	((5969 : ℚ) / 4096)	((11939 : ℚ) / 8192)	4	0	3
segment	3768	((11939 : ℚ) / 8192)	((2985 : ℚ) / 2048)	4	0	3
segment	3769	((2985 : ℚ) / 2048)	((11941 : ℚ) / 8192)	4	0	3
segment	3770	((11941 : ℚ) / 8192)	((5971 : ℚ) / 4096)	4	0	3
segment	3771	((5971 : ℚ) / 4096)	((11943 : ℚ) / 8192)	4	0	3
segment	3772	((11943 : ℚ) / 8192)	((1493 : ℚ) / 1024)	4	0	3
segment	3773	((1493 : ℚ) / 1024)	((11945 : ℚ) / 8192)	4	0	3
segment	3774	((11945 : ℚ) / 8192)	((5973 : ℚ) / 4096)	4	0	3
segment	3775	((5973 : ℚ) / 4096)	((11947 : ℚ) / 8192)	4	0	3
segment	3776	((11947 : ℚ) / 8192)	((2987 : ℚ) / 2048)	4	0	3
segment	3777	((2987 : ℚ) / 2048)	((11949 : ℚ) / 8192)	4	0	3
segment	3778	((11949 : ℚ) / 8192)	((5975 : ℚ) / 4096)	4	0	3
segment	3779	((5975 : ℚ) / 4096)	((11951 : ℚ) / 8192)	4	0	3
segment	3780	((11951 : ℚ) / 8192)	((747 : ℚ) / 512)	4	0	3
segment	3781	((747 : ℚ) / 512)	((11953 : ℚ) / 8192)	4	0	3
segment	3782	((11953 : ℚ) / 8192)	((5977 : ℚ) / 4096)	4	0	3
segment	3783	((5977 : ℚ) / 4096)	((11955 : ℚ) / 8192)	4	0	3
segment	3784	((11955 : ℚ) / 8192)	((2989 : ℚ) / 2048)	4	0	3
segment	3785	((2989 : ℚ) / 2048)	((11957 : ℚ) / 8192)	4	0	3
segment	3786	((11957 : ℚ) / 8192)	((5979 : ℚ) / 4096)	4	0	3
segment	3787	((5979 : ℚ) / 4096)	((11959 : ℚ) / 8192)	4	0	3
segment	3788	((11959 : ℚ) / 8192)	((1495 : ℚ) / 1024)	4	0	3
segment	3789	((1495 : ℚ) / 1024)	((11961 : ℚ) / 8192)	4	0	3
segment	3790	((11961 : ℚ) / 8192)	((5981 : ℚ) / 4096)	4	0	3
segment	3791	((5981 : ℚ) / 4096)	((11963 : ℚ) / 8192)	4	0	3
segment	3792	((11963 : ℚ) / 8192)	((2991 : ℚ) / 2048)	4	0	3
segment	3793	((2991 : ℚ) / 2048)	((11965 : ℚ) / 8192)	4	0	3
segment	3794	((11965 : ℚ) / 8192)	((5983 : ℚ) / 4096)	4	0	3
segment	3795	((5983 : ℚ) / 4096)	((11967 : ℚ) / 8192)	4	0	3
segment	3796	((11967 : ℚ) / 8192)	((187 : ℚ) / 128)	4	0	3
segment	3797	((187 : ℚ) / 128)	((11969 : ℚ) / 8192)	4	0	3
segment	3798	((11969 : ℚ) / 8192)	((5985 : ℚ) / 4096)	4	0	3
segment	3799	((5985 : ℚ) / 4096)	((11971 : ℚ) / 8192)	4	0	3
segment	3800	((11971 : ℚ) / 8192)	((2993 : ℚ) / 2048)	4	0	3
segment	3801	((2993 : ℚ) / 2048)	((11973 : ℚ) / 8192)	4	0	3
segment	3802	((11973 : ℚ) / 8192)	((5987 : ℚ) / 4096)	4	0	3
segment	3803	((5987 : ℚ) / 4096)	((11975 : ℚ) / 8192)	4	0	3
segment	3804	((11975 : ℚ) / 8192)	((1497 : ℚ) / 1024)	4	0	3
segment	3805	((1497 : ℚ) / 1024)	((11977 : ℚ) / 8192)	4	0	3
segment	3806	((11977 : ℚ) / 8192)	((5989 : ℚ) / 4096)	4	0	3
segment	3807	((5989 : ℚ) / 4096)	((11979 : ℚ) / 8192)	4	0	3
segment	3808	((11979 : ℚ) / 8192)	((2995 : ℚ) / 2048)	4	0	3
segment	3809	((2995 : ℚ) / 2048)	((11981 : ℚ) / 8192)	4	0	3
segment	3810	((11981 : ℚ) / 8192)	((5991 : ℚ) / 4096)	4	0	3
segment	3811	((5991 : ℚ) / 4096)	((11983 : ℚ) / 8192)	4	0	3
segment	3812	((11983 : ℚ) / 8192)	((749 : ℚ) / 512)	4	0	3
segment	3813	((749 : ℚ) / 512)	((11985 : ℚ) / 8192)	4	0	3
segment	3814	((11985 : ℚ) / 8192)	((5993 : ℚ) / 4096)	4	0	3
segment	3815	((5993 : ℚ) / 4096)	((11987 : ℚ) / 8192)	4	0	3
segment	3816	((11987 : ℚ) / 8192)	((2997 : ℚ) / 2048)	4	0	3
segment	3817	((2997 : ℚ) / 2048)	((11989 : ℚ) / 8192)	4	0	3
segment	3818	((11989 : ℚ) / 8192)	((5995 : ℚ) / 4096)	4	0	3
segment	3819	((5995 : ℚ) / 4096)	((11991 : ℚ) / 8192)	4	0	3
segment	3820	((11991 : ℚ) / 8192)	((1499 : ℚ) / 1024)	4	0	3
segment	3821	((1499 : ℚ) / 1024)	((11993 : ℚ) / 8192)	4	0	3
segment	3822	((11993 : ℚ) / 8192)	((5997 : ℚ) / 4096)	4	0	3
segment	3823	((5997 : ℚ) / 4096)	((11995 : ℚ) / 8192)	4	0	3
segment	3824	((11995 : ℚ) / 8192)	((2999 : ℚ) / 2048)	4	0	3
segment	3825	((2999 : ℚ) / 2048)	((11997 : ℚ) / 8192)	4	0	3
segment	3826	((11997 : ℚ) / 8192)	((5999 : ℚ) / 4096)	4	0	3
segment	3827	((5999 : ℚ) / 4096)	((11999 : ℚ) / 8192)	4	0	3
segment	3828	((11999 : ℚ) / 8192)	((375 : ℚ) / 256)	4	0	3
segment	3829	((375 : ℚ) / 256)	((12001 : ℚ) / 8192)	4	0	3
segment	3830	((12001 : ℚ) / 8192)	((6001 : ℚ) / 4096)	4	0	3
segment	3831	((6001 : ℚ) / 4096)	((12003 : ℚ) / 8192)	4	0	3
segment	3832	((12003 : ℚ) / 8192)	((3001 : ℚ) / 2048)	4	0	3
segment	3833	((3001 : ℚ) / 2048)	((12005 : ℚ) / 8192)	4	0	3
segment	3834	((12005 : ℚ) / 8192)	((6003 : ℚ) / 4096)	4	0	3
segment	3835	((6003 : ℚ) / 4096)	((12007 : ℚ) / 8192)	4	0	3
segment	3836	((12007 : ℚ) / 8192)	((1501 : ℚ) / 1024)	4	0	3
segment	3837	((1501 : ℚ) / 1024)	((12009 : ℚ) / 8192)	4	0	3
segment	3838	((12009 : ℚ) / 8192)	((6005 : ℚ) / 4096)	4	0	3
segment	3839	((6005 : ℚ) / 4096)	((12011 : ℚ) / 8192)	4	0	3
segment	3840	((12011 : ℚ) / 8192)	((3003 : ℚ) / 2048)	4	0	3
segment	3841	((3003 : ℚ) / 2048)	((12013 : ℚ) / 8192)	4	0	3
segment	3842	((12013 : ℚ) / 8192)	((6007 : ℚ) / 4096)	4	0	3
segment	3843	((6007 : ℚ) / 4096)	((12015 : ℚ) / 8192)	4	0	3
segment	3844	((12015 : ℚ) / 8192)	((751 : ℚ) / 512)	4	0	3
segment	3845	((751 : ℚ) / 512)	((12017 : ℚ) / 8192)	4	0	3
segment	3846	((12017 : ℚ) / 8192)	((6009 : ℚ) / 4096)	4	0	3
segment	3847	((6009 : ℚ) / 4096)	((12019 : ℚ) / 8192)	4	0	3
segment	3848	((12019 : ℚ) / 8192)	((3005 : ℚ) / 2048)	4	0	3
segment	3849	((3005 : ℚ) / 2048)	((12021 : ℚ) / 8192)	4	0	3
segment	3850	((12021 : ℚ) / 8192)	((6011 : ℚ) / 4096)	4	0	3
segment	3851	((6011 : ℚ) / 4096)	((12023 : ℚ) / 8192)	4	0	3
segment	3852	((12023 : ℚ) / 8192)	((1503 : ℚ) / 1024)	4	0	3
segment	3853	((1503 : ℚ) / 1024)	((12025 : ℚ) / 8192)	4	0	3
segment	3854	((12025 : ℚ) / 8192)	((6013 : ℚ) / 4096)	4	0	3
segment	3855	((6013 : ℚ) / 4096)	((12027 : ℚ) / 8192)	4	0	3
segment	3856	((12027 : ℚ) / 8192)	((3007 : ℚ) / 2048)	4	0	3
segment	3857	((3007 : ℚ) / 2048)	((12029 : ℚ) / 8192)	4	0	3
segment	3858	((12029 : ℚ) / 8192)	((6015 : ℚ) / 4096)	4	0	3
segment	3859	((6015 : ℚ) / 4096)	((12031 : ℚ) / 8192)	4	0	3
segment	3860	((12031 : ℚ) / 8192)	((47 : ℚ) / 32)	4	0	3
segment	3861	((47 : ℚ) / 32)	((12033 : ℚ) / 8192)	4	0	3
segment	3862	((12033 : ℚ) / 8192)	((6017 : ℚ) / 4096)	4	0	3
segment	3863	((6017 : ℚ) / 4096)	((12035 : ℚ) / 8192)	4	0	3
segment	3864	((12035 : ℚ) / 8192)	((3009 : ℚ) / 2048)	4	0	3
segment	3865	((3009 : ℚ) / 2048)	((12037 : ℚ) / 8192)	4	0	3
segment	3866	((12037 : ℚ) / 8192)	((6019 : ℚ) / 4096)	4	0	3
segment	3867	((6019 : ℚ) / 4096)	((12039 : ℚ) / 8192)	4	0	3
segment	3868	((12039 : ℚ) / 8192)	((1505 : ℚ) / 1024)	4	0	3
segment	3869	((1505 : ℚ) / 1024)	((12041 : ℚ) / 8192)	4	0	3
segment	3870	((12041 : ℚ) / 8192)	((6021 : ℚ) / 4096)	4	0	3
segment	3871	((6021 : ℚ) / 4096)	((12043 : ℚ) / 8192)	4	0	3
segment	3872	((12043 : ℚ) / 8192)	((3011 : ℚ) / 2048)	4	0	3
segment	3873	((3011 : ℚ) / 2048)	((12045 : ℚ) / 8192)	4	0	3
segment	3874	((12045 : ℚ) / 8192)	((6023 : ℚ) / 4096)	4	0	3
segment	3875	((6023 : ℚ) / 4096)	((12047 : ℚ) / 8192)	4	0	3
segment	3876	((12047 : ℚ) / 8192)	((753 : ℚ) / 512)	4	0	3
segment	3877	((753 : ℚ) / 512)	((12049 : ℚ) / 8192)	4	0	3
segment	3878	((12049 : ℚ) / 8192)	((6025 : ℚ) / 4096)	4	0	3
segment	3879	((6025 : ℚ) / 4096)	((12051 : ℚ) / 8192)	4	0	3
segment	3880	((12051 : ℚ) / 8192)	((3013 : ℚ) / 2048)	4	0	3
segment	3881	((3013 : ℚ) / 2048)	((12053 : ℚ) / 8192)	4	0	3
segment	3882	((12053 : ℚ) / 8192)	((6027 : ℚ) / 4096)	4	0	3
segment	3883	((6027 : ℚ) / 4096)	((12055 : ℚ) / 8192)	4	0	3
segment	3884	((12055 : ℚ) / 8192)	((1507 : ℚ) / 1024)	4	0	3
segment	3885	((1507 : ℚ) / 1024)	((12057 : ℚ) / 8192)	4	0	3
segment	3886	((12057 : ℚ) / 8192)	((6029 : ℚ) / 4096)	4	0	3
segment	3887	((6029 : ℚ) / 4096)	((12059 : ℚ) / 8192)	4	0	3
segment	3888	((12059 : ℚ) / 8192)	((3015 : ℚ) / 2048)	4	0	3
segment	3889	((3015 : ℚ) / 2048)	((12061 : ℚ) / 8192)	4	0	3
segment	3890	((12061 : ℚ) / 8192)	((6031 : ℚ) / 4096)	4	0	3
segment	3891	((6031 : ℚ) / 4096)	((12063 : ℚ) / 8192)	4	0	3
segment	3892	((12063 : ℚ) / 8192)	((377 : ℚ) / 256)	4	0	3
segment	3893	((377 : ℚ) / 256)	((12065 : ℚ) / 8192)	4	0	3
segment	3894	((12065 : ℚ) / 8192)	((6033 : ℚ) / 4096)	4	0	3
segment	3895	((6033 : ℚ) / 4096)	((12067 : ℚ) / 8192)	4	0	3
segment	3896	((12067 : ℚ) / 8192)	((3017 : ℚ) / 2048)	4	0	3
segment	3897	((3017 : ℚ) / 2048)	((12069 : ℚ) / 8192)	4	0	3
segment	3898	((12069 : ℚ) / 8192)	((6035 : ℚ) / 4096)	4	0	3
segment	3899	((6035 : ℚ) / 4096)	((12071 : ℚ) / 8192)	4	0	3
segment	3900	((12071 : ℚ) / 8192)	((1509 : ℚ) / 1024)	4	0	3
segment	3901	((1509 : ℚ) / 1024)	((12073 : ℚ) / 8192)	4	0	3
segment	3902	((12073 : ℚ) / 8192)	((6037 : ℚ) / 4096)	4	0	3
segment	3903	((6037 : ℚ) / 4096)	((12075 : ℚ) / 8192)	4	0	3
segment	3904	((12075 : ℚ) / 8192)	((3019 : ℚ) / 2048)	4	0	3
segment	3905	((3019 : ℚ) / 2048)	((12077 : ℚ) / 8192)	4	0	3
segment	3906	((12077 : ℚ) / 8192)	((6039 : ℚ) / 4096)	4	0	3
segment	3907	((6039 : ℚ) / 4096)	((12079 : ℚ) / 8192)	4	0	3
segment	3908	((12079 : ℚ) / 8192)	((755 : ℚ) / 512)	4	0	3
segment	3909	((755 : ℚ) / 512)	((12081 : ℚ) / 8192)	4	0	3
segment	3910	((12081 : ℚ) / 8192)	((6041 : ℚ) / 4096)	4	0	3
segment	3911	((6041 : ℚ) / 4096)	((12083 : ℚ) / 8192)	4	0	3
segment	3912	((12083 : ℚ) / 8192)	((3021 : ℚ) / 2048)	4	0	3
segment	3913	((3021 : ℚ) / 2048)	((12085 : ℚ) / 8192)	4	0	3
segment	3914	((12085 : ℚ) / 8192)	((6043 : ℚ) / 4096)	4	0	3
segment	3915	((6043 : ℚ) / 4096)	((12087 : ℚ) / 8192)	4	0	3
segment	3916	((12087 : ℚ) / 8192)	((1511 : ℚ) / 1024)	4	0	3
segment	3917	((1511 : ℚ) / 1024)	((12089 : ℚ) / 8192)	4	0	3
segment	3918	((12089 : ℚ) / 8192)	((6045 : ℚ) / 4096)	4	0	3
segment	3919	((6045 : ℚ) / 4096)	((12091 : ℚ) / 8192)	4	0	3
segment	3920	((12091 : ℚ) / 8192)	((3023 : ℚ) / 2048)	4	0	3
segment	3921	((3023 : ℚ) / 2048)	((12093 : ℚ) / 8192)	4	0	3
segment	3922	((12093 : ℚ) / 8192)	((6047 : ℚ) / 4096)	4	0	3
segment	3923	((6047 : ℚ) / 4096)	((12095 : ℚ) / 8192)	4	0	3
segment	3924	((12095 : ℚ) / 8192)	((189 : ℚ) / 128)	4	0	3
segment	3925	((189 : ℚ) / 128)	((12097 : ℚ) / 8192)	4	0	3
segment	3926	((12097 : ℚ) / 8192)	((6049 : ℚ) / 4096)	4	0	3
segment	3927	((6049 : ℚ) / 4096)	((12099 : ℚ) / 8192)	4	0	3
segment	3928	((12099 : ℚ) / 8192)	((3025 : ℚ) / 2048)	4	0	3
segment	3929	((3025 : ℚ) / 2048)	((12101 : ℚ) / 8192)	4	0	3
segment	3930	((12101 : ℚ) / 8192)	((6051 : ℚ) / 4096)	4	0	3
segment	3931	((6051 : ℚ) / 4096)	((12103 : ℚ) / 8192)	4	0	3
segment	3932	((12103 : ℚ) / 8192)	((1513 : ℚ) / 1024)	4	0	3
segment	3933	((1513 : ℚ) / 1024)	((12105 : ℚ) / 8192)	4	0	3
segment	3934	((12105 : ℚ) / 8192)	((6053 : ℚ) / 4096)	4	0	3
segment	3935	((6053 : ℚ) / 4096)	((12107 : ℚ) / 8192)	4	0	3
segment	3936	((12107 : ℚ) / 8192)	((3027 : ℚ) / 2048)	4	0	3
segment	3937	((3027 : ℚ) / 2048)	((12109 : ℚ) / 8192)	4	0	3
segment	3938	((12109 : ℚ) / 8192)	((6055 : ℚ) / 4096)	4	0	3
segment	3939	((6055 : ℚ) / 4096)	((12111 : ℚ) / 8192)	4	0	3
segment	3940	((12111 : ℚ) / 8192)	((757 : ℚ) / 512)	4	0	3
segment	3941	((757 : ℚ) / 512)	((12113 : ℚ) / 8192)	4	0	3
segment	3942	((12113 : ℚ) / 8192)	((6057 : ℚ) / 4096)	4	0	3
segment	3943	((6057 : ℚ) / 4096)	((12115 : ℚ) / 8192)	4	0	3
segment	3944	((12115 : ℚ) / 8192)	((3029 : ℚ) / 2048)	4	0	3
segment	3945	((3029 : ℚ) / 2048)	((12117 : ℚ) / 8192)	4	0	3
segment	3946	((12117 : ℚ) / 8192)	((6059 : ℚ) / 4096)	4	0	3
segment	3947	((6059 : ℚ) / 4096)	((12119 : ℚ) / 8192)	4	0	3
segment	3948	((12119 : ℚ) / 8192)	((1515 : ℚ) / 1024)	4	0	3
segment	3949	((1515 : ℚ) / 1024)	((12121 : ℚ) / 8192)	4	0	3
segment	3950	((12121 : ℚ) / 8192)	((6061 : ℚ) / 4096)	4	0	3
segment	3951	((6061 : ℚ) / 4096)	((12123 : ℚ) / 8192)	4	0	3
segment	3952	((12123 : ℚ) / 8192)	((3031 : ℚ) / 2048)	4	0	3
segment	3953	((3031 : ℚ) / 2048)	((12125 : ℚ) / 8192)	4	0	3
segment	3954	((12125 : ℚ) / 8192)	((6063 : ℚ) / 4096)	4	0	3
segment	3955	((6063 : ℚ) / 4096)	((12127 : ℚ) / 8192)	4	0	3
segment	3956	((12127 : ℚ) / 8192)	((379 : ℚ) / 256)	4	0	3
segment	3957	((379 : ℚ) / 256)	((12129 : ℚ) / 8192)	4	0	3
segment	3958	((12129 : ℚ) / 8192)	((6065 : ℚ) / 4096)	4	0	3
segment	3959	((6065 : ℚ) / 4096)	((12131 : ℚ) / 8192)	4	0	3
segment	3960	((12131 : ℚ) / 8192)	((3033 : ℚ) / 2048)	4	0	3
segment	3961	((3033 : ℚ) / 2048)	((12133 : ℚ) / 8192)	4	0	3
segment	3962	((12133 : ℚ) / 8192)	((6067 : ℚ) / 4096)	4	0	3
segment	3963	((6067 : ℚ) / 4096)	((12135 : ℚ) / 8192)	4	0	3
segment	3964	((12135 : ℚ) / 8192)	((1517 : ℚ) / 1024)	4	0	3
segment	3965	((1517 : ℚ) / 1024)	((12137 : ℚ) / 8192)	4	0	3
segment	3966	((12137 : ℚ) / 8192)	((6069 : ℚ) / 4096)	4	0	3
segment	3967	((6069 : ℚ) / 4096)	((12139 : ℚ) / 8192)	4	0	3
segment	3968	((12139 : ℚ) / 8192)	((3035 : ℚ) / 2048)	4	0	3
segment	3969	((3035 : ℚ) / 2048)	((12141 : ℚ) / 8192)	4	0	3
segment	3970	((12141 : ℚ) / 8192)	((6071 : ℚ) / 4096)	4	0	3
segment	3971	((6071 : ℚ) / 4096)	((12143 : ℚ) / 8192)	4	0	3
segment	3972	((12143 : ℚ) / 8192)	((759 : ℚ) / 512)	4	0	3
segment	3973	((759 : ℚ) / 512)	((12145 : ℚ) / 8192)	4	0	3
segment	3974	((12145 : ℚ) / 8192)	((6073 : ℚ) / 4096)	4	0	3
segment	3975	((6073 : ℚ) / 4096)	((12147 : ℚ) / 8192)	4	0	3
segment	3976	((12147 : ℚ) / 8192)	((3037 : ℚ) / 2048)	4	0	3
segment	3977	((3037 : ℚ) / 2048)	((12149 : ℚ) / 8192)	4	0	3
segment	3978	((12149 : ℚ) / 8192)	((6075 : ℚ) / 4096)	4	0	3
segment	3979	((6075 : ℚ) / 4096)	((12151 : ℚ) / 8192)	4	0	3
segment	3980	((12151 : ℚ) / 8192)	((1519 : ℚ) / 1024)	4	0	3
segment	3981	((1519 : ℚ) / 1024)	((12153 : ℚ) / 8192)	4	0	3
segment	3982	((12153 : ℚ) / 8192)	((6077 : ℚ) / 4096)	4	0	3
segment	3983	((6077 : ℚ) / 4096)	((12155 : ℚ) / 8192)	4	0	3
segment	3984	((12155 : ℚ) / 8192)	((3039 : ℚ) / 2048)	4	0	3
segment	3985	((3039 : ℚ) / 2048)	((12157 : ℚ) / 8192)	4	0	3
segment	3986	((12157 : ℚ) / 8192)	((6079 : ℚ) / 4096)	4	0	3
segment	3987	((6079 : ℚ) / 4096)	((12159 : ℚ) / 8192)	4	0	3
segment	3988	((12159 : ℚ) / 8192)	((95 : ℚ) / 64)	4	0	3
segment	3989	((95 : ℚ) / 64)	((12161 : ℚ) / 8192)	4	0	3
segment	3990	((12161 : ℚ) / 8192)	((6081 : ℚ) / 4096)	4	0	3
segment	3991	((6081 : ℚ) / 4096)	((12163 : ℚ) / 8192)	4	0	3
segment	3992	((12163 : ℚ) / 8192)	((3041 : ℚ) / 2048)	4	0	3
segment	3993	((3041 : ℚ) / 2048)	((12165 : ℚ) / 8192)	4	0	3
segment	3994	((12165 : ℚ) / 8192)	((6083 : ℚ) / 4096)	4	0	3
segment	3995	((6083 : ℚ) / 4096)	((12167 : ℚ) / 8192)	4	0	3
segment	3996	((12167 : ℚ) / 8192)	((1521 : ℚ) / 1024)	4	0	3
segment	3997	((1521 : ℚ) / 1024)	((12169 : ℚ) / 8192)	4	0	3
segment	3998	((12169 : ℚ) / 8192)	((6085 : ℚ) / 4096)	4	0	3
segment	3999	((6085 : ℚ) / 4096)	((12171 : ℚ) / 8192)	4	0	3
segment	4000	((12171 : ℚ) / 8192)	((3043 : ℚ) / 2048)	4	0	3
segment	4001	((3043 : ℚ) / 2048)	((12173 : ℚ) / 8192)	4	0	3
segment	4002	((12173 : ℚ) / 8192)	((6087 : ℚ) / 4096)	4	0	3
segment	4003	((6087 : ℚ) / 4096)	((12175 : ℚ) / 8192)	4	0	3
segment	4004	((12175 : ℚ) / 8192)	((761 : ℚ) / 512)	4	0	3
segment	4005	((761 : ℚ) / 512)	((12177 : ℚ) / 8192)	4	0	3
segment	4006	((12177 : ℚ) / 8192)	((6089 : ℚ) / 4096)	4	0	3
segment	4007	((6089 : ℚ) / 4096)	((12179 : ℚ) / 8192)	4	0	3
segment	4008	((12179 : ℚ) / 8192)	((3045 : ℚ) / 2048)	4	0	3
segment	4009	((3045 : ℚ) / 2048)	((12181 : ℚ) / 8192)	4	0	3
segment	4010	((12181 : ℚ) / 8192)	((6091 : ℚ) / 4096)	4	0	3
segment	4011	((6091 : ℚ) / 4096)	((12183 : ℚ) / 8192)	4	0	3
segment	4012	((12183 : ℚ) / 8192)	((1523 : ℚ) / 1024)	4	0	3
segment	4013	((1523 : ℚ) / 1024)	((12185 : ℚ) / 8192)	4	0	3
segment	4014	((12185 : ℚ) / 8192)	((6093 : ℚ) / 4096)	4	0	3
segment	4015	((6093 : ℚ) / 4096)	((12187 : ℚ) / 8192)	4	0	3
segment	4016	((12187 : ℚ) / 8192)	((3047 : ℚ) / 2048)	4	0	3
segment	4017	((3047 : ℚ) / 2048)	((12189 : ℚ) / 8192)	4	0	3
segment	4018	((12189 : ℚ) / 8192)	((6095 : ℚ) / 4096)	4	0	3
segment	4019	((6095 : ℚ) / 4096)	((12191 : ℚ) / 8192)	4	0	3
segment	4020	((12191 : ℚ) / 8192)	((381 : ℚ) / 256)	4	0	3
segment	4021	((381 : ℚ) / 256)	((12193 : ℚ) / 8192)	4	0	3
segment	4022	((12193 : ℚ) / 8192)	((6097 : ℚ) / 4096)	4	0	3
segment	4023	((6097 : ℚ) / 4096)	((12195 : ℚ) / 8192)	4	0	3
segment	4024	((12195 : ℚ) / 8192)	((3049 : ℚ) / 2048)	4	0	3
segment	4025	((3049 : ℚ) / 2048)	((12197 : ℚ) / 8192)	4	0	3
segment	4026	((12197 : ℚ) / 8192)	((6099 : ℚ) / 4096)	4	0	3
segment	4027	((6099 : ℚ) / 4096)	((12199 : ℚ) / 8192)	4	0	3
segment	4028	((12199 : ℚ) / 8192)	((1525 : ℚ) / 1024)	4	0	3
segment	4029	((1525 : ℚ) / 1024)	((12201 : ℚ) / 8192)	4	0	3
segment	4030	((12201 : ℚ) / 8192)	((6101 : ℚ) / 4096)	4	0	3
segment	4031	((6101 : ℚ) / 4096)	((12203 : ℚ) / 8192)	4	0	3
segment	4032	((12203 : ℚ) / 8192)	((3051 : ℚ) / 2048)	4	0	3
segment	4033	((3051 : ℚ) / 2048)	((12205 : ℚ) / 8192)	4	0	3
segment	4034	((12205 : ℚ) / 8192)	((6103 : ℚ) / 4096)	4	0	3
segment	4035	((6103 : ℚ) / 4096)	((12207 : ℚ) / 8192)	4	0	3
segment	4036	((12207 : ℚ) / 8192)	((763 : ℚ) / 512)	4	0	3
segment	4037	((763 : ℚ) / 512)	((12209 : ℚ) / 8192)	4	0	3
segment	4038	((12209 : ℚ) / 8192)	((6105 : ℚ) / 4096)	4	0	3
segment	4039	((6105 : ℚ) / 4096)	((12211 : ℚ) / 8192)	4	0	3
segment	4040	((12211 : ℚ) / 8192)	((3053 : ℚ) / 2048)	4	0	3
segment	4041	((3053 : ℚ) / 2048)	((12213 : ℚ) / 8192)	4	0	3
segment	4042	((12213 : ℚ) / 8192)	((6107 : ℚ) / 4096)	4	0	3
segment	4043	((6107 : ℚ) / 4096)	((12215 : ℚ) / 8192)	4	0	3
segment	4044	((12215 : ℚ) / 8192)	((1527 : ℚ) / 1024)	4	0	3
segment	4045	((1527 : ℚ) / 1024)	((12217 : ℚ) / 8192)	4	0	3
segment	4046	((12217 : ℚ) / 8192)	((6109 : ℚ) / 4096)	4	0	3
segment	4047	((6109 : ℚ) / 4096)	((12219 : ℚ) / 8192)	4	0	3
segment	4048	((12219 : ℚ) / 8192)	((3055 : ℚ) / 2048)	4	0	3
segment	4049	((3055 : ℚ) / 2048)	((12221 : ℚ) / 8192)	4	0	3
segment	4050	((12221 : ℚ) / 8192)	((6111 : ℚ) / 4096)	4	0	3
segment	4051	((6111 : ℚ) / 4096)	((12223 : ℚ) / 8192)	4	0	3
segment	4052	((12223 : ℚ) / 8192)	((191 : ℚ) / 128)	4	0	3
segment	4053	((191 : ℚ) / 128)	((12225 : ℚ) / 8192)	4	0	3
segment	4054	((12225 : ℚ) / 8192)	((6113 : ℚ) / 4096)	4	0	3
segment	4055	((6113 : ℚ) / 4096)	((12227 : ℚ) / 8192)	4	0	3
segment	4056	((12227 : ℚ) / 8192)	((3057 : ℚ) / 2048)	4	0	3
segment	4057	((3057 : ℚ) / 2048)	((12229 : ℚ) / 8192)	4	0	3
segment	4058	((12229 : ℚ) / 8192)	((6115 : ℚ) / 4096)	4	0	3
segment	4059	((6115 : ℚ) / 4096)	((12231 : ℚ) / 8192)	4	0	3
segment	4060	((12231 : ℚ) / 8192)	((1529 : ℚ) / 1024)	4	0	3
segment	4061	((1529 : ℚ) / 1024)	((12233 : ℚ) / 8192)	4	0	3
segment	4062	((12233 : ℚ) / 8192)	((6117 : ℚ) / 4096)	4	0	3
segment	4063	((6117 : ℚ) / 4096)	((12235 : ℚ) / 8192)	4	0	3
segment	4064	((12235 : ℚ) / 8192)	((3059 : ℚ) / 2048)	4	0	3
segment	4065	((3059 : ℚ) / 2048)	((12237 : ℚ) / 8192)	4	0	3
segment	4066	((12237 : ℚ) / 8192)	((6119 : ℚ) / 4096)	4	0	3
segment	4067	((6119 : ℚ) / 4096)	((12239 : ℚ) / 8192)	4	0	3
segment	4068	((12239 : ℚ) / 8192)	((765 : ℚ) / 512)	4	0	3
segment	4069	((765 : ℚ) / 512)	((12241 : ℚ) / 8192)	4	0	3
segment	4070	((12241 : ℚ) / 8192)	((6121 : ℚ) / 4096)	4	0	3
segment	4071	((6121 : ℚ) / 4096)	((12243 : ℚ) / 8192)	4	0	3
segment	4072	((12243 : ℚ) / 8192)	((3061 : ℚ) / 2048)	4	0	3
segment	4073	((3061 : ℚ) / 2048)	((12245 : ℚ) / 8192)	4	0	3
segment	4074	((12245 : ℚ) / 8192)	((6123 : ℚ) / 4096)	4	0	3
segment	4075	((6123 : ℚ) / 4096)	((12247 : ℚ) / 8192)	4	0	3
segment	4076	((12247 : ℚ) / 8192)	((1531 : ℚ) / 1024)	4	0	3
segment	4077	((1531 : ℚ) / 1024)	((12249 : ℚ) / 8192)	4	0	3
segment	4078	((12249 : ℚ) / 8192)	((6125 : ℚ) / 4096)	4	0	3
segment	4079	((6125 : ℚ) / 4096)	((12251 : ℚ) / 8192)	4	0	3
segment	4080	((12251 : ℚ) / 8192)	((3063 : ℚ) / 2048)	4	0	3
segment	4081	((3063 : ℚ) / 2048)	((12253 : ℚ) / 8192)	4	0	3
segment	4082	((12253 : ℚ) / 8192)	((6127 : ℚ) / 4096)	4	0	3
segment	4083	((6127 : ℚ) / 4096)	((12255 : ℚ) / 8192)	4	0	3
segment	4084	((12255 : ℚ) / 8192)	((383 : ℚ) / 256)	4	0	3
segment	4085	((383 : ℚ) / 256)	((12257 : ℚ) / 8192)	4	0	3
segment	4086	((12257 : ℚ) / 8192)	((6129 : ℚ) / 4096)	4	0	3
segment	4087	((6129 : ℚ) / 4096)	((12259 : ℚ) / 8192)	4	0	3
segment	4088	((12259 : ℚ) / 8192)	((3065 : ℚ) / 2048)	4	0	3
segment	4089	((3065 : ℚ) / 2048)	((12261 : ℚ) / 8192)	4	0	3
segment	4090	((12261 : ℚ) / 8192)	((6131 : ℚ) / 4096)	4	0	3
segment	4091	((6131 : ℚ) / 4096)	((12263 : ℚ) / 8192)	4	0	3
segment	4092	((12263 : ℚ) / 8192)	((1533 : ℚ) / 1024)	4	0	3
segment	4093	((1533 : ℚ) / 1024)	((12265 : ℚ) / 8192)	4	0	3
segment	4094	((12265 : ℚ) / 8192)	((6133 : ℚ) / 4096)	4	0	3
segment	4095	((6133 : ℚ) / 4096)	((12267 : ℚ) / 8192)	4	0	3
segment	4096	((12267 : ℚ) / 8192)	((3067 : ℚ) / 2048)	4	0	3
segment	4097	((3067 : ℚ) / 2048)	((12269 : ℚ) / 8192)	4	0	3
segment	4098	((12269 : ℚ) / 8192)	((6135 : ℚ) / 4096)	4	0	3
segment	4099	((6135 : ℚ) / 4096)	((12271 : ℚ) / 8192)	4	0	3
segment	4100	((12271 : ℚ) / 8192)	((767 : ℚ) / 512)	4	0	3
segment	4101	((767 : ℚ) / 512)	((12273 : ℚ) / 8192)	4	0	3
segment	4102	((12273 : ℚ) / 8192)	((6137 : ℚ) / 4096)	4	0	3
segment	4103	((6137 : ℚ) / 4096)	((12275 : ℚ) / 8192)	4	0	3
segment	4104	((12275 : ℚ) / 8192)	((3069 : ℚ) / 2048)	4	0	3
segment	4105	((3069 : ℚ) / 2048)	((12277 : ℚ) / 8192)	4	0	3
segment	4106	((12277 : ℚ) / 8192)	((6139 : ℚ) / 4096)	4	0	3
segment	4107	((6139 : ℚ) / 4096)	((12279 : ℚ) / 8192)	4	0	3
segment	4108	((12279 : ℚ) / 8192)	((1535 : ℚ) / 1024)	4	0	3
segment	4109	((1535 : ℚ) / 1024)	((12281 : ℚ) / 8192)	4	0	3
segment	4110	((12281 : ℚ) / 8192)	((6141 : ℚ) / 4096)	4	0	3
segment	4111	((6141 : ℚ) / 4096)	((12283 : ℚ) / 8192)	4	0	3
segment	4112	((12283 : ℚ) / 8192)	((3071 : ℚ) / 2048)	4	0	3
segment	4113	((3071 : ℚ) / 2048)	((12285 : ℚ) / 8192)	4	0	3
segment	4114	((12285 : ℚ) / 8192)	((6143 : ℚ) / 4096)	4	0	3
segment	4115	((6143 : ℚ) / 4096)	((12287 : ℚ) / 8192)	4	0	3
segment	4116	((12287 : ℚ) / 8192)	((3 : ℚ) / 2)	4	0	3
segment	4117	((3 : ℚ) / 2)	((12289 : ℚ) / 8192)	4	0	3
segment	4118	((12289 : ℚ) / 8192)	((6145 : ℚ) / 4096)	4	0	3
segment	4119	((6145 : ℚ) / 4096)	((12291 : ℚ) / 8192)	4	0	3
segment	4120	((12291 : ℚ) / 8192)	((3073 : ℚ) / 2048)	4	0	3
segment	4121	((3073 : ℚ) / 2048)	((12293 : ℚ) / 8192)	4	0	3
segment	4122	((12293 : ℚ) / 8192)	((6147 : ℚ) / 4096)	4	0	3
segment	4123	((6147 : ℚ) / 4096)	((12295 : ℚ) / 8192)	4	0	3
segment	4124	((12295 : ℚ) / 8192)	((1537 : ℚ) / 1024)	4	0	3
segment	4125	((1537 : ℚ) / 1024)	((12297 : ℚ) / 8192)	4	0	3
segment	4126	((12297 : ℚ) / 8192)	((6149 : ℚ) / 4096)	4	0	3
segment	4127	((6149 : ℚ) / 4096)	((12299 : ℚ) / 8192)	4	0	3
segment	4128	((12299 : ℚ) / 8192)	((3075 : ℚ) / 2048)	4	0	3
segment	4129	((3075 : ℚ) / 2048)	((12301 : ℚ) / 8192)	4	0	3
segment	4130	((12301 : ℚ) / 8192)	((6151 : ℚ) / 4096)	4	0	3
segment	4131	((6151 : ℚ) / 4096)	((12303 : ℚ) / 8192)	4	0	3
segment	4132	((12303 : ℚ) / 8192)	((769 : ℚ) / 512)	4	0	3
segment	4133	((769 : ℚ) / 512)	((12305 : ℚ) / 8192)	4	0	3
segment	4134	((12305 : ℚ) / 8192)	((6153 : ℚ) / 4096)	4	0	3
segment	4135	((6153 : ℚ) / 4096)	((12307 : ℚ) / 8192)	4	0	3
segment	4136	((12307 : ℚ) / 8192)	((3077 : ℚ) / 2048)	4	0	3
segment	4137	((3077 : ℚ) / 2048)	((12309 : ℚ) / 8192)	4	0	3
segment	4138	((12309 : ℚ) / 8192)	((6155 : ℚ) / 4096)	4	0	3
segment	4139	((6155 : ℚ) / 4096)	((12311 : ℚ) / 8192)	4	0	3
segment	4140	((12311 : ℚ) / 8192)	((1539 : ℚ) / 1024)	4	0	3
segment	4141	((1539 : ℚ) / 1024)	((12313 : ℚ) / 8192)	4	0	3
segment	4142	((12313 : ℚ) / 8192)	((6157 : ℚ) / 4096)	4	0	3
segment	4143	((6157 : ℚ) / 4096)	((12315 : ℚ) / 8192)	4	0	3
segment	4144	((12315 : ℚ) / 8192)	((3079 : ℚ) / 2048)	4	0	3
segment	4145	((3079 : ℚ) / 2048)	((12317 : ℚ) / 8192)	4	0	3
segment	4146	((12317 : ℚ) / 8192)	((6159 : ℚ) / 4096)	4	0	3
segment	4147	((6159 : ℚ) / 4096)	((12319 : ℚ) / 8192)	4	0	3
segment	4148	((12319 : ℚ) / 8192)	((385 : ℚ) / 256)	4	0	3
segment	4149	((385 : ℚ) / 256)	((12321 : ℚ) / 8192)	4	0	3
segment	4150	((12321 : ℚ) / 8192)	((6161 : ℚ) / 4096)	4	0	3
segment	4151	((6161 : ℚ) / 4096)	((12323 : ℚ) / 8192)	4	0	3
segment	4152	((12323 : ℚ) / 8192)	((3081 : ℚ) / 2048)	4	0	3
segment	4153	((3081 : ℚ) / 2048)	((12325 : ℚ) / 8192)	4	0	3
segment	4154	((12325 : ℚ) / 8192)	((6163 : ℚ) / 4096)	4	0	3
segment	4155	((6163 : ℚ) / 4096)	((12327 : ℚ) / 8192)	4	0	3
segment	4156	((12327 : ℚ) / 8192)	((1541 : ℚ) / 1024)	4	0	3
segment	4157	((1541 : ℚ) / 1024)	((12329 : ℚ) / 8192)	4	0	3
segment	4158	((12329 : ℚ) / 8192)	((6165 : ℚ) / 4096)	4	0	3
segment	4159	((6165 : ℚ) / 4096)	((12331 : ℚ) / 8192)	4	0	3
segment	4160	((12331 : ℚ) / 8192)	((3083 : ℚ) / 2048)	4	0	3
segment	4161	((3083 : ℚ) / 2048)	((12333 : ℚ) / 8192)	4	0	3
segment	4162	((12333 : ℚ) / 8192)	((6167 : ℚ) / 4096)	4	0	3
segment	4163	((6167 : ℚ) / 4096)	((12335 : ℚ) / 8192)	4	0	3
segment	4164	((12335 : ℚ) / 8192)	((771 : ℚ) / 512)	4	0	3
segment	4165	((771 : ℚ) / 512)	((12337 : ℚ) / 8192)	4	0	3
segment	4166	((12337 : ℚ) / 8192)	((6169 : ℚ) / 4096)	4	0	3
segment	4167	((6169 : ℚ) / 4096)	((12339 : ℚ) / 8192)	4	0	3
segment	4168	((12339 : ℚ) / 8192)	((3085 : ℚ) / 2048)	4	0	3
segment	4169	((3085 : ℚ) / 2048)	((12341 : ℚ) / 8192)	4	0	3
segment	4170	((12341 : ℚ) / 8192)	((6171 : ℚ) / 4096)	4	0	3
segment	4171	((6171 : ℚ) / 4096)	((12343 : ℚ) / 8192)	4	0	3
segment	4172	((12343 : ℚ) / 8192)	((1543 : ℚ) / 1024)	4	0	3
segment	4173	((1543 : ℚ) / 1024)	((12345 : ℚ) / 8192)	4	0	3
segment	4174	((12345 : ℚ) / 8192)	((6173 : ℚ) / 4096)	4	0	3
segment	4175	((6173 : ℚ) / 4096)	((12347 : ℚ) / 8192)	4	0	3
segment	4176	((12347 : ℚ) / 8192)	((3087 : ℚ) / 2048)	4	0	3
segment	4177	((3087 : ℚ) / 2048)	((12349 : ℚ) / 8192)	4	0	3
segment	4178	((12349 : ℚ) / 8192)	((6175 : ℚ) / 4096)	4	0	3
segment	4179	((6175 : ℚ) / 4096)	((12351 : ℚ) / 8192)	4	0	3
segment	4180	((12351 : ℚ) / 8192)	((193 : ℚ) / 128)	4	0	3
segment	4181	((193 : ℚ) / 128)	((12353 : ℚ) / 8192)	4	0	3
segment	4182	((12353 : ℚ) / 8192)	((6177 : ℚ) / 4096)	4	0	3
segment	4183	((6177 : ℚ) / 4096)	((12355 : ℚ) / 8192)	4	0	3
segment	4184	((12355 : ℚ) / 8192)	((3089 : ℚ) / 2048)	4	0	3
segment	4185	((3089 : ℚ) / 2048)	((12357 : ℚ) / 8192)	4	0	3
segment	4186	((12357 : ℚ) / 8192)	((6179 : ℚ) / 4096)	4	0	3
segment	4187	((6179 : ℚ) / 4096)	((12359 : ℚ) / 8192)	4	0	3
segment	4188	((12359 : ℚ) / 8192)	((1545 : ℚ) / 1024)	4	0	3
segment	4189	((1545 : ℚ) / 1024)	((12361 : ℚ) / 8192)	4	0	3
segment	4190	((12361 : ℚ) / 8192)	((6181 : ℚ) / 4096)	4	0	3
segment	4191	((6181 : ℚ) / 4096)	((12363 : ℚ) / 8192)	4	0	3
segment	4192	((12363 : ℚ) / 8192)	((3091 : ℚ) / 2048)	4	0	3
segment	4193	((3091 : ℚ) / 2048)	((12365 : ℚ) / 8192)	4	0	3
segment	4194	((12365 : ℚ) / 8192)	((6183 : ℚ) / 4096)	4	0	3
segment	4195	((6183 : ℚ) / 4096)	((12367 : ℚ) / 8192)	4	0	3
segment	4196	((12367 : ℚ) / 8192)	((773 : ℚ) / 512)	4	0	3
segment	4197	((773 : ℚ) / 512)	((12369 : ℚ) / 8192)	4	0	3
segment	4198	((12369 : ℚ) / 8192)	((6185 : ℚ) / 4096)	4	0	3
segment	4199	((6185 : ℚ) / 4096)	((12371 : ℚ) / 8192)	4	0	3
segment	4200	((12371 : ℚ) / 8192)	((3093 : ℚ) / 2048)	4	0	3
segment	4201	((3093 : ℚ) / 2048)	((12373 : ℚ) / 8192)	4	0	3
segment	4202	((12373 : ℚ) / 8192)	((6187 : ℚ) / 4096)	4	0	3
segment	4203	((6187 : ℚ) / 4096)	((12375 : ℚ) / 8192)	4	0	3
segment	4204	((12375 : ℚ) / 8192)	((1547 : ℚ) / 1024)	4	0	3
segment	4205	((1547 : ℚ) / 1024)	((12377 : ℚ) / 8192)	4	0	3
segment	4206	((12377 : ℚ) / 8192)	((6189 : ℚ) / 4096)	4	0	3
segment	4207	((6189 : ℚ) / 4096)	((12379 : ℚ) / 8192)	4	0	3
segment	4208	((12379 : ℚ) / 8192)	((3095 : ℚ) / 2048)	4	0	3
segment	4209	((3095 : ℚ) / 2048)	((12381 : ℚ) / 8192)	4	0	3
segment	4210	((12381 : ℚ) / 8192)	((6191 : ℚ) / 4096)	4	0	3
segment	4211	((6191 : ℚ) / 4096)	((12383 : ℚ) / 8192)	4	0	3
segment	4212	((12383 : ℚ) / 8192)	((387 : ℚ) / 256)	4	0	3
segment	4213	((387 : ℚ) / 256)	((12385 : ℚ) / 8192)	4	0	3
segment	4214	((12385 : ℚ) / 8192)	((6193 : ℚ) / 4096)	4	0	3
segment	4215	((6193 : ℚ) / 4096)	((12387 : ℚ) / 8192)	4	0	3
segment	4216	((12387 : ℚ) / 8192)	((3097 : ℚ) / 2048)	4	0	3
segment	4217	((3097 : ℚ) / 2048)	((12389 : ℚ) / 8192)	4	0	3
segment	4218	((12389 : ℚ) / 8192)	((6195 : ℚ) / 4096)	4	0	3
segment	4219	((6195 : ℚ) / 4096)	((12391 : ℚ) / 8192)	4	0	3
segment	4220	((12391 : ℚ) / 8192)	((1549 : ℚ) / 1024)	4	0	3
segment	4221	((1549 : ℚ) / 1024)	((12393 : ℚ) / 8192)	4	0	3
segment	4222	((12393 : ℚ) / 8192)	((6197 : ℚ) / 4096)	4	0	3
segment	4223	((6197 : ℚ) / 4096)	((12395 : ℚ) / 8192)	4	0	3
segment	4224	((12395 : ℚ) / 8192)	((3099 : ℚ) / 2048)	4	0	3
segment	4225	((3099 : ℚ) / 2048)	((12397 : ℚ) / 8192)	4	0	3
segment	4226	((12397 : ℚ) / 8192)	((6199 : ℚ) / 4096)	4	0	3
segment	4227	((6199 : ℚ) / 4096)	((12399 : ℚ) / 8192)	4	0	3
segment	4228	((12399 : ℚ) / 8192)	((775 : ℚ) / 512)	4	0	3
segment	4229	((775 : ℚ) / 512)	((12401 : ℚ) / 8192)	4	0	3
segment	4230	((12401 : ℚ) / 8192)	((6201 : ℚ) / 4096)	4	0	3
segment	4231	((6201 : ℚ) / 4096)	((12403 : ℚ) / 8192)	4	0	3
segment	4232	((12403 : ℚ) / 8192)	((3101 : ℚ) / 2048)	4	0	3
segment	4233	((3101 : ℚ) / 2048)	((12405 : ℚ) / 8192)	4	0	3
segment	4234	((12405 : ℚ) / 8192)	((6203 : ℚ) / 4096)	4	0	3
segment	4235	((6203 : ℚ) / 4096)	((12407 : ℚ) / 8192)	4	0	3
segment	4236	((12407 : ℚ) / 8192)	((1551 : ℚ) / 1024)	4	0	3
segment	4237	((1551 : ℚ) / 1024)	((12409 : ℚ) / 8192)	4	0	3
segment	4238	((12409 : ℚ) / 8192)	((6205 : ℚ) / 4096)	4	0	3
segment	4239	((6205 : ℚ) / 4096)	((12411 : ℚ) / 8192)	4	0	3
segment	4240	((12411 : ℚ) / 8192)	((3103 : ℚ) / 2048)	4	0	3
segment	4241	((3103 : ℚ) / 2048)	((12413 : ℚ) / 8192)	4	0	3
segment	4242	((12413 : ℚ) / 8192)	((6207 : ℚ) / 4096)	4	0	3
segment	4243	((6207 : ℚ) / 4096)	((12415 : ℚ) / 8192)	4	0	3
segment	4244	((12415 : ℚ) / 8192)	((97 : ℚ) / 64)	4	0	3
segment	4245	((97 : ℚ) / 64)	((12417 : ℚ) / 8192)	4	0	3
segment	4246	((12417 : ℚ) / 8192)	((6209 : ℚ) / 4096)	4	0	3
segment	4247	((6209 : ℚ) / 4096)	((12419 : ℚ) / 8192)	4	0	3
segment	4248	((12419 : ℚ) / 8192)	((3105 : ℚ) / 2048)	4	0	3
segment	4249	((3105 : ℚ) / 2048)	((12421 : ℚ) / 8192)	4	0	3
segment	4250	((12421 : ℚ) / 8192)	((6211 : ℚ) / 4096)	4	0	3
segment	4251	((6211 : ℚ) / 4096)	((12423 : ℚ) / 8192)	4	0	3
segment	4252	((12423 : ℚ) / 8192)	((1553 : ℚ) / 1024)	4	0	3
segment	4253	((1553 : ℚ) / 1024)	((12425 : ℚ) / 8192)	4	0	3
segment	4254	((12425 : ℚ) / 8192)	((6213 : ℚ) / 4096)	4	0	3
segment	4255	((6213 : ℚ) / 4096)	((12427 : ℚ) / 8192)	4	0	3
segment	4256	((12427 : ℚ) / 8192)	((3107 : ℚ) / 2048)	4	0	3
segment	4257	((3107 : ℚ) / 2048)	((12429 : ℚ) / 8192)	4	0	3
segment	4258	((12429 : ℚ) / 8192)	((6215 : ℚ) / 4096)	4	0	3
segment	4259	((6215 : ℚ) / 4096)	((12431 : ℚ) / 8192)	4	0	3
segment	4260	((12431 : ℚ) / 8192)	((777 : ℚ) / 512)	4	0	3
segment	4261	((777 : ℚ) / 512)	((12433 : ℚ) / 8192)	4	0	3
segment	4262	((12433 : ℚ) / 8192)	((6217 : ℚ) / 4096)	4	0	3
segment	4263	((6217 : ℚ) / 4096)	((12435 : ℚ) / 8192)	4	0	3
segment	4264	((12435 : ℚ) / 8192)	((3109 : ℚ) / 2048)	4	0	3
segment	4265	((3109 : ℚ) / 2048)	((12437 : ℚ) / 8192)	4	0	3
segment	4266	((12437 : ℚ) / 8192)	((6219 : ℚ) / 4096)	4	0	3
segment	4267	((6219 : ℚ) / 4096)	((12439 : ℚ) / 8192)	4	0	3
segment	4268	((12439 : ℚ) / 8192)	((1555 : ℚ) / 1024)	4	0	3
segment	4269	((1555 : ℚ) / 1024)	((12441 : ℚ) / 8192)	4	0	3
segment	4270	((12441 : ℚ) / 8192)	((6221 : ℚ) / 4096)	4	0	3
segment	4271	((6221 : ℚ) / 4096)	((12443 : ℚ) / 8192)	4	0	3
segment	4272	((12443 : ℚ) / 8192)	((3111 : ℚ) / 2048)	4	0	3
segment	4273	((3111 : ℚ) / 2048)	((12445 : ℚ) / 8192)	4	0	3
segment	4274	((12445 : ℚ) / 8192)	((6223 : ℚ) / 4096)	4	0	3
segment	4275	((6223 : ℚ) / 4096)	((12447 : ℚ) / 8192)	4	0	3
segment	4276	((12447 : ℚ) / 8192)	((389 : ℚ) / 256)	4	0	3
segment	4277	((389 : ℚ) / 256)	((12449 : ℚ) / 8192)	4	0	3
segment	4278	((12449 : ℚ) / 8192)	((6225 : ℚ) / 4096)	4	0	3
segment	4279	((6225 : ℚ) / 4096)	((12451 : ℚ) / 8192)	4	0	3
segment	4280	((12451 : ℚ) / 8192)	((3113 : ℚ) / 2048)	4	0	3
segment	4281	((3113 : ℚ) / 2048)	((12453 : ℚ) / 8192)	4	0	3
segment	4282	((12453 : ℚ) / 8192)	((6227 : ℚ) / 4096)	4	0	3
segment	4283	((6227 : ℚ) / 4096)	((12455 : ℚ) / 8192)	4	0	3
segment	4284	((12455 : ℚ) / 8192)	((1557 : ℚ) / 1024)	4	0	3
segment	4285	((1557 : ℚ) / 1024)	((12457 : ℚ) / 8192)	4	0	3
segment	4286	((12457 : ℚ) / 8192)	((6229 : ℚ) / 4096)	4	0	3
segment	4287	((6229 : ℚ) / 4096)	((12459 : ℚ) / 8192)	4	0	3
segment	4288	((12459 : ℚ) / 8192)	((3115 : ℚ) / 2048)	4	0	3
segment	4289	((3115 : ℚ) / 2048)	((12461 : ℚ) / 8192)	4	0	3
segment	4290	((12461 : ℚ) / 8192)	((6231 : ℚ) / 4096)	4	0	3
segment	4291	((6231 : ℚ) / 4096)	((12463 : ℚ) / 8192)	4	0	3
segment	4292	((12463 : ℚ) / 8192)	((779 : ℚ) / 512)	4	0	3
segment	4293	((779 : ℚ) / 512)	((12465 : ℚ) / 8192)	4	0	3
segment	4294	((12465 : ℚ) / 8192)	((6233 : ℚ) / 4096)	4	0	3
segment	4295	((6233 : ℚ) / 4096)	((12467 : ℚ) / 8192)	4	0	3
segment	4296	((12467 : ℚ) / 8192)	((3117 : ℚ) / 2048)	4	0	3
segment	4297	((3117 : ℚ) / 2048)	((12469 : ℚ) / 8192)	4	0	3
segment	4298	((12469 : ℚ) / 8192)	((6235 : ℚ) / 4096)	4	0	3
segment	4299	((6235 : ℚ) / 4096)	((12471 : ℚ) / 8192)	4	0	3
segment	4300	((12471 : ℚ) / 8192)	((1559 : ℚ) / 1024)	4	0	3
segment	4301	((1559 : ℚ) / 1024)	((12473 : ℚ) / 8192)	4	0	3
segment	4302	((12473 : ℚ) / 8192)	((6237 : ℚ) / 4096)	4	0	3
segment	4303	((6237 : ℚ) / 4096)	((12475 : ℚ) / 8192)	4	0	3
segment	4304	((12475 : ℚ) / 8192)	((3119 : ℚ) / 2048)	4	0	3
segment	4305	((3119 : ℚ) / 2048)	((12477 : ℚ) / 8192)	4	0	3
segment	4306	((12477 : ℚ) / 8192)	((6239 : ℚ) / 4096)	4	0	3
segment	4307	((6239 : ℚ) / 4096)	((12479 : ℚ) / 8192)	4	0	3
segment	4308	((12479 : ℚ) / 8192)	((195 : ℚ) / 128)	4	0	3
segment	4309	((195 : ℚ) / 128)	((12481 : ℚ) / 8192)	4	0	3
segment	4310	((12481 : ℚ) / 8192)	((6241 : ℚ) / 4096)	4	0	3
segment	4311	((6241 : ℚ) / 4096)	((12483 : ℚ) / 8192)	4	0	3
segment	4312	((12483 : ℚ) / 8192)	((3121 : ℚ) / 2048)	4	0	3
segment	4313	((3121 : ℚ) / 2048)	((12485 : ℚ) / 8192)	4	0	3
segment	4314	((12485 : ℚ) / 8192)	((6243 : ℚ) / 4096)	4	0	3
segment	4315	((6243 : ℚ) / 4096)	((12487 : ℚ) / 8192)	4	0	3
segment	4316	((12487 : ℚ) / 8192)	((1561 : ℚ) / 1024)	4	0	3
segment	4317	((1561 : ℚ) / 1024)	((12489 : ℚ) / 8192)	4	0	3
segment	4318	((12489 : ℚ) / 8192)	((6245 : ℚ) / 4096)	4	0	3
segment	4319	((6245 : ℚ) / 4096)	((12491 : ℚ) / 8192)	4	0	3
segment	4320	((12491 : ℚ) / 8192)	((3123 : ℚ) / 2048)	4	0	3
segment	4321	((3123 : ℚ) / 2048)	((12493 : ℚ) / 8192)	4	0	3
segment	4322	((12493 : ℚ) / 8192)	((6247 : ℚ) / 4096)	4	0	3
segment	4323	((6247 : ℚ) / 4096)	((12495 : ℚ) / 8192)	4	0	3
segment	4324	((12495 : ℚ) / 8192)	((781 : ℚ) / 512)	4	0	3
segment	4325	((781 : ℚ) / 512)	((12497 : ℚ) / 8192)	4	0	3
segment	4326	((12497 : ℚ) / 8192)	((6249 : ℚ) / 4096)	4	0	3
segment	4327	((6249 : ℚ) / 4096)	((12499 : ℚ) / 8192)	4	0	3
segment	4328	((12499 : ℚ) / 8192)	((3125 : ℚ) / 2048)	4	0	3
segment	4329	((3125 : ℚ) / 2048)	((12501 : ℚ) / 8192)	4	0	3
segment	4330	((12501 : ℚ) / 8192)	((6251 : ℚ) / 4096)	4	0	3
segment	4331	((6251 : ℚ) / 4096)	((12503 : ℚ) / 8192)	4	0	3
segment	4332	((12503 : ℚ) / 8192)	((1563 : ℚ) / 1024)	4	0	3
segment	4333	((1563 : ℚ) / 1024)	((12505 : ℚ) / 8192)	4	0	3
segment	4334	((12505 : ℚ) / 8192)	((6253 : ℚ) / 4096)	4	0	3
segment	4335	((6253 : ℚ) / 4096)	((12507 : ℚ) / 8192)	4	0	3
segment	4336	((12507 : ℚ) / 8192)	((3127 : ℚ) / 2048)	4	0	3
segment	4337	((3127 : ℚ) / 2048)	((12509 : ℚ) / 8192)	4	0	3
segment	4338	((12509 : ℚ) / 8192)	((6255 : ℚ) / 4096)	4	0	3
segment	4339	((6255 : ℚ) / 4096)	((12511 : ℚ) / 8192)	4	0	3
segment	4340	((12511 : ℚ) / 8192)	((391 : ℚ) / 256)	4	0	3
segment	4341	((391 : ℚ) / 256)	((12513 : ℚ) / 8192)	4	0	3
segment	4342	((12513 : ℚ) / 8192)	((6257 : ℚ) / 4096)	4	0	3
segment	4343	((6257 : ℚ) / 4096)	((12515 : ℚ) / 8192)	4	0	3
segment	4344	((12515 : ℚ) / 8192)	((3129 : ℚ) / 2048)	4	0	3
segment	4345	((3129 : ℚ) / 2048)	((12517 : ℚ) / 8192)	4	0	3
segment	4346	((12517 : ℚ) / 8192)	((6259 : ℚ) / 4096)	4	0	3
segment	4347	((6259 : ℚ) / 4096)	((12519 : ℚ) / 8192)	4	0	3
segment	4348	((12519 : ℚ) / 8192)	((1565 : ℚ) / 1024)	4	0	3
segment	4349	((1565 : ℚ) / 1024)	((12521 : ℚ) / 8192)	4	0	3
segment	4350	((12521 : ℚ) / 8192)	((6261 : ℚ) / 4096)	4	0	3
segment	4351	((6261 : ℚ) / 4096)	((12523 : ℚ) / 8192)	4	0	3
segment	4352	((12523 : ℚ) / 8192)	((3131 : ℚ) / 2048)	4	0	3
segment	4353	((3131 : ℚ) / 2048)	((12525 : ℚ) / 8192)	4	0	3
segment	4354	((12525 : ℚ) / 8192)	((6263 : ℚ) / 4096)	4	0	3
segment	4355	((6263 : ℚ) / 4096)	((12527 : ℚ) / 8192)	4	0	3
segment	4356	((12527 : ℚ) / 8192)	((783 : ℚ) / 512)	4	0	3
segment	4357	((783 : ℚ) / 512)	((12529 : ℚ) / 8192)	4	0	3
segment	4358	((12529 : ℚ) / 8192)	((6265 : ℚ) / 4096)	4	0	3
segment	4359	((6265 : ℚ) / 4096)	((12531 : ℚ) / 8192)	4	0	3
segment	4360	((12531 : ℚ) / 8192)	((3133 : ℚ) / 2048)	4	0	3
segment	4361	((3133 : ℚ) / 2048)	((12533 : ℚ) / 8192)	4	0	3
segment	4362	((12533 : ℚ) / 8192)	((6267 : ℚ) / 4096)	4	0	3
segment	4363	((6267 : ℚ) / 4096)	((12535 : ℚ) / 8192)	4	0	3
segment	4364	((12535 : ℚ) / 8192)	((1567 : ℚ) / 1024)	4	0	3
segment	4365	((1567 : ℚ) / 1024)	((12537 : ℚ) / 8192)	4	0	3
segment	4366	((12537 : ℚ) / 8192)	((6269 : ℚ) / 4096)	4	0	3
segment	4367	((6269 : ℚ) / 4096)	((12539 : ℚ) / 8192)	4	0	3
segment	4368	((12539 : ℚ) / 8192)	((3135 : ℚ) / 2048)	4	0	3
segment	4369	((3135 : ℚ) / 2048)	((12541 : ℚ) / 8192)	4	0	3
segment	4370	((12541 : ℚ) / 8192)	((6271 : ℚ) / 4096)	4	0	3
segment	4371	((6271 : ℚ) / 4096)	((12543 : ℚ) / 8192)	4	0	3
segment	4372	((12543 : ℚ) / 8192)	((49 : ℚ) / 32)	4	0	3
segment	4373	((49 : ℚ) / 32)	((12545 : ℚ) / 8192)	4	0	3
segment	4374	((12545 : ℚ) / 8192)	((6273 : ℚ) / 4096)	4	0	3
segment	4375	((6273 : ℚ) / 4096)	((12547 : ℚ) / 8192)	4	0	3
segment	4376	((12547 : ℚ) / 8192)	((3137 : ℚ) / 2048)	4	0	3
segment	4377	((3137 : ℚ) / 2048)	((12549 : ℚ) / 8192)	4	0	3
segment	4378	((12549 : ℚ) / 8192)	((6275 : ℚ) / 4096)	4	0	3
segment	4379	((6275 : ℚ) / 4096)	((12551 : ℚ) / 8192)	4	0	3
segment	4380	((12551 : ℚ) / 8192)	((1569 : ℚ) / 1024)	4	0	3
segment	4381	((1569 : ℚ) / 1024)	((12553 : ℚ) / 8192)	4	0	3
segment	4382	((12553 : ℚ) / 8192)	((6277 : ℚ) / 4096)	4	0	3
segment	4383	((6277 : ℚ) / 4096)	((12555 : ℚ) / 8192)	4	0	3
segment	4384	((12555 : ℚ) / 8192)	((3139 : ℚ) / 2048)	4	0	3
segment	4385	((3139 : ℚ) / 2048)	((12557 : ℚ) / 8192)	4	0	3
segment	4386	((12557 : ℚ) / 8192)	((6279 : ℚ) / 4096)	4	0	3
segment	4387	((6279 : ℚ) / 4096)	((12559 : ℚ) / 8192)	4	0	3
segment	4388	((12559 : ℚ) / 8192)	((785 : ℚ) / 512)	4	0	3
segment	4389	((785 : ℚ) / 512)	((12561 : ℚ) / 8192)	4	0	3
segment	4390	((12561 : ℚ) / 8192)	((6281 : ℚ) / 4096)	4	0	3
segment	4391	((6281 : ℚ) / 4096)	((12563 : ℚ) / 8192)	4	0	3
segment	4392	((12563 : ℚ) / 8192)	((3141 : ℚ) / 2048)	4	0	3
segment	4393	((3141 : ℚ) / 2048)	((12565 : ℚ) / 8192)	4	0	3
segment	4394	((12565 : ℚ) / 8192)	((6283 : ℚ) / 4096)	4	0	3
segment	4395	((6283 : ℚ) / 4096)	((12567 : ℚ) / 8192)	4	0	3
segment	4396	((12567 : ℚ) / 8192)	((1571 : ℚ) / 1024)	4	0	3
segment	4397	((1571 : ℚ) / 1024)	((12569 : ℚ) / 8192)	4	0	3
segment	4398	((12569 : ℚ) / 8192)	((6285 : ℚ) / 4096)	4	0	3
segment	4399	((6285 : ℚ) / 4096)	((12571 : ℚ) / 8192)	4	0	3
segment	4400	((12571 : ℚ) / 8192)	((3143 : ℚ) / 2048)	4	0	3
segment	4401	((3143 : ℚ) / 2048)	((12573 : ℚ) / 8192)	4	0	3
segment	4402	((12573 : ℚ) / 8192)	((6287 : ℚ) / 4096)	4	0	3
segment	4403	((6287 : ℚ) / 4096)	((12575 : ℚ) / 8192)	4	0	3
segment	4404	((12575 : ℚ) / 8192)	((393 : ℚ) / 256)	4	0	3
segment	4405	((393 : ℚ) / 256)	((12577 : ℚ) / 8192)	4	0	3
segment	4406	((12577 : ℚ) / 8192)	((6289 : ℚ) / 4096)	4	0	3
segment	4407	((6289 : ℚ) / 4096)	((12579 : ℚ) / 8192)	4	0	3
segment	4408	((12579 : ℚ) / 8192)	((3145 : ℚ) / 2048)	4	0	3
segment	4409	((3145 : ℚ) / 2048)	((12581 : ℚ) / 8192)	4	0	3
segment	4410	((12581 : ℚ) / 8192)	((6291 : ℚ) / 4096)	4	0	3
segment	4411	((6291 : ℚ) / 4096)	((12583 : ℚ) / 8192)	4	0	3
segment	4412	((12583 : ℚ) / 8192)	((1573 : ℚ) / 1024)	4	0	3
segment	4413	((1573 : ℚ) / 1024)	((12585 : ℚ) / 8192)	4	0	3
segment	4414	((12585 : ℚ) / 8192)	((6293 : ℚ) / 4096)	4	0	3
segment	4415	((6293 : ℚ) / 4096)	((12587 : ℚ) / 8192)	4	0	3
segment	4416	((12587 : ℚ) / 8192)	((3147 : ℚ) / 2048)	4	0	3
segment	4417	((3147 : ℚ) / 2048)	((12589 : ℚ) / 8192)	4	0	3
segment	4418	((12589 : ℚ) / 8192)	((6295 : ℚ) / 4096)	4	0	3
segment	4419	((6295 : ℚ) / 4096)	((12591 : ℚ) / 8192)	4	0	3
segment	4420	((12591 : ℚ) / 8192)	((787 : ℚ) / 512)	4	0	3
segment	4421	((787 : ℚ) / 512)	((12593 : ℚ) / 8192)	4	0	3
segment	4422	((12593 : ℚ) / 8192)	((6297 : ℚ) / 4096)	4	0	3
segment	4423	((6297 : ℚ) / 4096)	((12595 : ℚ) / 8192)	4	0	3
segment	4424	((12595 : ℚ) / 8192)	((3149 : ℚ) / 2048)	4	0	3
segment	4425	((3149 : ℚ) / 2048)	((12597 : ℚ) / 8192)	4	0	3
segment	4426	((12597 : ℚ) / 8192)	((6299 : ℚ) / 4096)	4	0	3
segment	4427	((6299 : ℚ) / 4096)	((12599 : ℚ) / 8192)	4	0	3
segment	4428	((12599 : ℚ) / 8192)	((1575 : ℚ) / 1024)	4	0	3
segment	4429	((1575 : ℚ) / 1024)	((12601 : ℚ) / 8192)	4	0	3
segment	4430	((12601 : ℚ) / 8192)	((6301 : ℚ) / 4096)	4	0	3
segment	4431	((6301 : ℚ) / 4096)	((12603 : ℚ) / 8192)	4	0	3
segment	4432	((12603 : ℚ) / 8192)	((3151 : ℚ) / 2048)	4	0	3
segment	4433	((3151 : ℚ) / 2048)	((12605 : ℚ) / 8192)	4	0	3
segment	4434	((12605 : ℚ) / 8192)	((6303 : ℚ) / 4096)	4	0	3
segment	4435	((6303 : ℚ) / 4096)	((12607 : ℚ) / 8192)	4	0	3
segment	4436	((12607 : ℚ) / 8192)	((197 : ℚ) / 128)	4	0	3
segment	4437	((197 : ℚ) / 128)	((12609 : ℚ) / 8192)	4	0	3
segment	4438	((12609 : ℚ) / 8192)	((6305 : ℚ) / 4096)	4	0	3
segment	4439	((6305 : ℚ) / 4096)	((12611 : ℚ) / 8192)	4	0	3
segment	4440	((12611 : ℚ) / 8192)	((3153 : ℚ) / 2048)	4	0	3
segment	4441	((3153 : ℚ) / 2048)	((12613 : ℚ) / 8192)	4	0	3
segment	4442	((12613 : ℚ) / 8192)	((6307 : ℚ) / 4096)	4	0	3
segment	4443	((6307 : ℚ) / 4096)	((12615 : ℚ) / 8192)	4	0	3
segment	4444	((12615 : ℚ) / 8192)	((1577 : ℚ) / 1024)	4	0	3
segment	4445	((1577 : ℚ) / 1024)	((12617 : ℚ) / 8192)	4	0	3
segment	4446	((12617 : ℚ) / 8192)	((6309 : ℚ) / 4096)	4	0	3
segment	4447	((6309 : ℚ) / 4096)	((12619 : ℚ) / 8192)	4	0	3
segment	4448	((12619 : ℚ) / 8192)	((3155 : ℚ) / 2048)	4	0	3
segment	4449	((3155 : ℚ) / 2048)	((12621 : ℚ) / 8192)	4	0	3
segment	4450	((12621 : ℚ) / 8192)	((6311 : ℚ) / 4096)	4	0	3
segment	4451	((6311 : ℚ) / 4096)	((12623 : ℚ) / 8192)	4	0	3
segment	4452	((12623 : ℚ) / 8192)	((789 : ℚ) / 512)	4	0	3
segment	4453	((789 : ℚ) / 512)	((12625 : ℚ) / 8192)	4	0	3
segment	4454	((12625 : ℚ) / 8192)	((6313 : ℚ) / 4096)	4	0	3
segment	4455	((6313 : ℚ) / 4096)	((12627 : ℚ) / 8192)	4	0	3
segment	4456	((12627 : ℚ) / 8192)	((3157 : ℚ) / 2048)	4	0	3
segment	4457	((3157 : ℚ) / 2048)	((12629 : ℚ) / 8192)	4	0	3
segment	4458	((12629 : ℚ) / 8192)	((6315 : ℚ) / 4096)	4	0	3
segment	4459	((6315 : ℚ) / 4096)	((12631 : ℚ) / 8192)	4	0	3
segment	4460	((12631 : ℚ) / 8192)	((1579 : ℚ) / 1024)	4	0	3
segment	4461	((1579 : ℚ) / 1024)	((12633 : ℚ) / 8192)	4	0	3
segment	4462	((12633 : ℚ) / 8192)	((6317 : ℚ) / 4096)	4	0	3
segment	4463	((6317 : ℚ) / 4096)	((12635 : ℚ) / 8192)	4	0	3
segment	4464	((12635 : ℚ) / 8192)	((3159 : ℚ) / 2048)	4	0	3
segment	4465	((3159 : ℚ) / 2048)	((12637 : ℚ) / 8192)	4	0	3
segment	4466	((12637 : ℚ) / 8192)	((6319 : ℚ) / 4096)	4	0	3
segment	4467	((6319 : ℚ) / 4096)	((12639 : ℚ) / 8192)	4	0	3
segment	4468	((12639 : ℚ) / 8192)	((395 : ℚ) / 256)	4	0	3
segment	4469	((395 : ℚ) / 256)	((12641 : ℚ) / 8192)	4	0	3
segment	4470	((12641 : ℚ) / 8192)	((6321 : ℚ) / 4096)	4	0	3
segment	4471	((6321 : ℚ) / 4096)	((12643 : ℚ) / 8192)	4	0	3
segment	4472	((12643 : ℚ) / 8192)	((3161 : ℚ) / 2048)	4	0	3
segment	4473	((3161 : ℚ) / 2048)	((12645 : ℚ) / 8192)	4	0	3
segment	4474	((12645 : ℚ) / 8192)	((6323 : ℚ) / 4096)	4	0	3
segment	4475	((6323 : ℚ) / 4096)	((12647 : ℚ) / 8192)	4	0	3
segment	4476	((12647 : ℚ) / 8192)	((1581 : ℚ) / 1024)	4	0	3
segment	4477	((1581 : ℚ) / 1024)	((12649 : ℚ) / 8192)	4	0	3
segment	4478	((12649 : ℚ) / 8192)	((6325 : ℚ) / 4096)	4	0	3
segment	4479	((6325 : ℚ) / 4096)	((12651 : ℚ) / 8192)	4	0	3
segment	4480	((12651 : ℚ) / 8192)	((3163 : ℚ) / 2048)	4	0	3
segment	4481	((3163 : ℚ) / 2048)	((12653 : ℚ) / 8192)	4	0	3
segment	4482	((12653 : ℚ) / 8192)	((6327 : ℚ) / 4096)	4	0	3
segment	4483	((6327 : ℚ) / 4096)	((12655 : ℚ) / 8192)	4	0	3
segment	4484	((12655 : ℚ) / 8192)	((791 : ℚ) / 512)	4	0	3
segment	4485	((791 : ℚ) / 512)	((12657 : ℚ) / 8192)	4	0	3
segment	4486	((12657 : ℚ) / 8192)	((6329 : ℚ) / 4096)	4	0	3
segment	4487	((6329 : ℚ) / 4096)	((12659 : ℚ) / 8192)	4	0	3
segment	4488	((12659 : ℚ) / 8192)	((3165 : ℚ) / 2048)	4	0	3
segment	4489	((3165 : ℚ) / 2048)	((12661 : ℚ) / 8192)	4	0	3
segment	4490	((12661 : ℚ) / 8192)	((6331 : ℚ) / 4096)	4	0	3
segment	4491	((6331 : ℚ) / 4096)	((12663 : ℚ) / 8192)	4	0	3
segment	4492	((12663 : ℚ) / 8192)	((1583 : ℚ) / 1024)	4	0	3
segment	4493	((1583 : ℚ) / 1024)	((12665 : ℚ) / 8192)	4	0	3
segment	4494	((12665 : ℚ) / 8192)	((6333 : ℚ) / 4096)	4	0	3
segment	4495	((6333 : ℚ) / 4096)	((12667 : ℚ) / 8192)	4	0	3
segment	4496	((12667 : ℚ) / 8192)	((3167 : ℚ) / 2048)	4	0	3
segment	4497	((3167 : ℚ) / 2048)	((12669 : ℚ) / 8192)	4	0	3
segment	4498	((12669 : ℚ) / 8192)	((6335 : ℚ) / 4096)	4	0	3
segment	4499	((6335 : ℚ) / 4096)	((12671 : ℚ) / 8192)	4	0	3
segment	4500	((12671 : ℚ) / 8192)	((99 : ℚ) / 64)	4	0	3
segment	4501	((99 : ℚ) / 64)	((12673 : ℚ) / 8192)	4	0	3
segment	4502	((12673 : ℚ) / 8192)	((6337 : ℚ) / 4096)	4	0	3
segment	4503	((6337 : ℚ) / 4096)	((12675 : ℚ) / 8192)	4	0	3
segment	4504	((12675 : ℚ) / 8192)	((3169 : ℚ) / 2048)	4	0	3
segment	4505	((3169 : ℚ) / 2048)	((12677 : ℚ) / 8192)	4	0	3
segment	4506	((12677 : ℚ) / 8192)	((6339 : ℚ) / 4096)	4	0	3
segment	4507	((6339 : ℚ) / 4096)	((12679 : ℚ) / 8192)	4	0	3
segment	4508	((12679 : ℚ) / 8192)	((1585 : ℚ) / 1024)	4	0	3
segment	4509	((1585 : ℚ) / 1024)	((12681 : ℚ) / 8192)	4	0	3
segment	4510	((12681 : ℚ) / 8192)	((6341 : ℚ) / 4096)	4	0	3
segment	4511	((6341 : ℚ) / 4096)	((12683 : ℚ) / 8192)	4	0	3
segment	4512	((12683 : ℚ) / 8192)	((3171 : ℚ) / 2048)	4	0	3
segment	4513	((3171 : ℚ) / 2048)	((12685 : ℚ) / 8192)	4	0	3
segment	4514	((12685 : ℚ) / 8192)	((6343 : ℚ) / 4096)	4	0	3
segment	4515	((6343 : ℚ) / 4096)	((12687 : ℚ) / 8192)	4	0	3
segment	4516	((12687 : ℚ) / 8192)	((793 : ℚ) / 512)	4	0	3
segment	4517	((793 : ℚ) / 512)	((12689 : ℚ) / 8192)	4	0	3
segment	4518	((12689 : ℚ) / 8192)	((6345 : ℚ) / 4096)	4	0	3
segment	4519	((6345 : ℚ) / 4096)	((12691 : ℚ) / 8192)	4	0	3
segment	4520	((12691 : ℚ) / 8192)	((3173 : ℚ) / 2048)	4	0	3
segment	4521	((3173 : ℚ) / 2048)	((12693 : ℚ) / 8192)	4	0	3
segment	4522	((12693 : ℚ) / 8192)	((6347 : ℚ) / 4096)	4	0	3
segment	4523	((6347 : ℚ) / 4096)	((12695 : ℚ) / 8192)	4	0	3
segment	4524	((12695 : ℚ) / 8192)	((1587 : ℚ) / 1024)	4	0	3
segment	4525	((1587 : ℚ) / 1024)	((12697 : ℚ) / 8192)	4	0	3
segment	4526	((12697 : ℚ) / 8192)	((6349 : ℚ) / 4096)	4	0	3
segment	4527	((6349 : ℚ) / 4096)	((12699 : ℚ) / 8192)	4	0	3
segment	4528	((12699 : ℚ) / 8192)	((3175 : ℚ) / 2048)	4	0	3
segment	4529	((3175 : ℚ) / 2048)	((12701 : ℚ) / 8192)	4	0	3
segment	4530	((12701 : ℚ) / 8192)	((6351 : ℚ) / 4096)	4	0	3
segment	4531	((6351 : ℚ) / 4096)	((12703 : ℚ) / 8192)	4	0	3
segment	4532	((12703 : ℚ) / 8192)	((397 : ℚ) / 256)	4	0	3
segment	4533	((397 : ℚ) / 256)	((12705 : ℚ) / 8192)	4	0	3
segment	4534	((12705 : ℚ) / 8192)	((6353 : ℚ) / 4096)	4	0	3
segment	4535	((6353 : ℚ) / 4096)	((12707 : ℚ) / 8192)	4	0	3
segment	4536	((12707 : ℚ) / 8192)	((3177 : ℚ) / 2048)	4	0	3
segment	4537	((3177 : ℚ) / 2048)	((12709 : ℚ) / 8192)	4	0	3
segment	4538	((12709 : ℚ) / 8192)	((6355 : ℚ) / 4096)	4	0	3
segment	4539	((6355 : ℚ) / 4096)	((12711 : ℚ) / 8192)	4	0	3
segment	4540	((12711 : ℚ) / 8192)	((1589 : ℚ) / 1024)	4	0	3
segment	4541	((1589 : ℚ) / 1024)	((12713 : ℚ) / 8192)	4	0	3
segment	4542	((12713 : ℚ) / 8192)	((6357 : ℚ) / 4096)	4	0	3
segment	4543	((6357 : ℚ) / 4096)	((12715 : ℚ) / 8192)	4	0	3
segment	4544	((12715 : ℚ) / 8192)	((3179 : ℚ) / 2048)	4	0	3
segment	4545	((3179 : ℚ) / 2048)	((12717 : ℚ) / 8192)	4	0	3
segment	4546	((12717 : ℚ) / 8192)	((6359 : ℚ) / 4096)	4	0	3
segment	4547	((6359 : ℚ) / 4096)	((12719 : ℚ) / 8192)	4	0	3
segment	4548	((12719 : ℚ) / 8192)	((795 : ℚ) / 512)	4	0	3
segment	4549	((795 : ℚ) / 512)	((12721 : ℚ) / 8192)	4	0	3
segment	4550	((12721 : ℚ) / 8192)	((6361 : ℚ) / 4096)	4	0	3
segment	4551	((6361 : ℚ) / 4096)	((12723 : ℚ) / 8192)	4	0	3
segment	4552	((12723 : ℚ) / 8192)	((3181 : ℚ) / 2048)	4	0	3
segment	4553	((3181 : ℚ) / 2048)	((12725 : ℚ) / 8192)	4	0	3
segment	4554	((12725 : ℚ) / 8192)	((6363 : ℚ) / 4096)	4	0	3
segment	4555	((6363 : ℚ) / 4096)	((12727 : ℚ) / 8192)	4	0	3
segment	4556	((12727 : ℚ) / 8192)	((1591 : ℚ) / 1024)	4	0	3
segment	4557	((1591 : ℚ) / 1024)	((12729 : ℚ) / 8192)	4	0	3
segment	4558	((12729 : ℚ) / 8192)	((6365 : ℚ) / 4096)	4	0	3
segment	4559	((6365 : ℚ) / 4096)	((12731 : ℚ) / 8192)	4	0	3
segment	4560	((12731 : ℚ) / 8192)	((3183 : ℚ) / 2048)	4	0	3
segment	4561	((3183 : ℚ) / 2048)	((12733 : ℚ) / 8192)	4	0	3
segment	4562	((12733 : ℚ) / 8192)	((6367 : ℚ) / 4096)	4	0	3
segment	4563	((6367 : ℚ) / 4096)	((12735 : ℚ) / 8192)	4	0	3
segment	4564	((12735 : ℚ) / 8192)	((199 : ℚ) / 128)	4	0	3
segment	4565	((199 : ℚ) / 128)	((12737 : ℚ) / 8192)	4	0	3
segment	4566	((12737 : ℚ) / 8192)	((6369 : ℚ) / 4096)	4	0	3
segment	4567	((6369 : ℚ) / 4096)	((12739 : ℚ) / 8192)	4	0	3
segment	4568	((12739 : ℚ) / 8192)	((3185 : ℚ) / 2048)	4	0	3
segment	4569	((3185 : ℚ) / 2048)	((12741 : ℚ) / 8192)	4	0	3
segment	4570	((12741 : ℚ) / 8192)	((6371 : ℚ) / 4096)	4	0	3
segment	4571	((6371 : ℚ) / 4096)	((12743 : ℚ) / 8192)	4	0	3
segment	4572	((12743 : ℚ) / 8192)	((1593 : ℚ) / 1024)	4	0	3
segment	4573	((1593 : ℚ) / 1024)	((12745 : ℚ) / 8192)	4	0	3
segment	4574	((12745 : ℚ) / 8192)	((6373 : ℚ) / 4096)	4	0	3
segment	4575	((6373 : ℚ) / 4096)	((12747 : ℚ) / 8192)	4	0	3
segment	4576	((12747 : ℚ) / 8192)	((3187 : ℚ) / 2048)	4	0	3
segment	4577	((3187 : ℚ) / 2048)	((12749 : ℚ) / 8192)	4	0	3
segment	4578	((12749 : ℚ) / 8192)	((6375 : ℚ) / 4096)	4	0	3
segment	4579	((6375 : ℚ) / 4096)	((12751 : ℚ) / 8192)	4	0	3
segment	4580	((12751 : ℚ) / 8192)	((797 : ℚ) / 512)	4	0	3
segment	4581	((797 : ℚ) / 512)	((12753 : ℚ) / 8192)	4	0	3
segment	4582	((12753 : ℚ) / 8192)	((6377 : ℚ) / 4096)	4	0	3
segment	4583	((6377 : ℚ) / 4096)	((12755 : ℚ) / 8192)	4	0	3
segment	4584	((12755 : ℚ) / 8192)	((3189 : ℚ) / 2048)	4	0	3
segment	4585	((3189 : ℚ) / 2048)	((12757 : ℚ) / 8192)	4	0	3
segment	4586	((12757 : ℚ) / 8192)	((6379 : ℚ) / 4096)	4	0	3
segment	4587	((6379 : ℚ) / 4096)	((12759 : ℚ) / 8192)	4	0	3
segment	4588	((12759 : ℚ) / 8192)	((1595 : ℚ) / 1024)	4	0	3
segment	4589	((1595 : ℚ) / 1024)	((12761 : ℚ) / 8192)	4	0	3
segment	4590	((12761 : ℚ) / 8192)	((6381 : ℚ) / 4096)	4	0	3
segment	4591	((6381 : ℚ) / 4096)	((12763 : ℚ) / 8192)	4	0	3
segment	4592	((12763 : ℚ) / 8192)	((3191 : ℚ) / 2048)	4	0	3
segment	4593	((3191 : ℚ) / 2048)	((12765 : ℚ) / 8192)	4	0	3
segment	4594	((12765 : ℚ) / 8192)	((6383 : ℚ) / 4096)	4	0	3
segment	4595	((6383 : ℚ) / 4096)	((12767 : ℚ) / 8192)	4	0	3
segment	4596	((12767 : ℚ) / 8192)	((399 : ℚ) / 256)	4	0	3
segment	4597	((399 : ℚ) / 256)	((12769 : ℚ) / 8192)	4	0	3
segment	4598	((12769 : ℚ) / 8192)	((6385 : ℚ) / 4096)	4	0	3
segment	4599	((6385 : ℚ) / 4096)	((12771 : ℚ) / 8192)	4	0	3
segment	4600	((12771 : ℚ) / 8192)	((3193 : ℚ) / 2048)	4	0	3
segment	4601	((3193 : ℚ) / 2048)	((12773 : ℚ) / 8192)	4	0	3
segment	4602	((12773 : ℚ) / 8192)	((6387 : ℚ) / 4096)	4	0	3
segment	4603	((6387 : ℚ) / 4096)	((12775 : ℚ) / 8192)	4	0	3
segment	4604	((12775 : ℚ) / 8192)	((1597 : ℚ) / 1024)	4	0	3
segment	4605	((1597 : ℚ) / 1024)	((12777 : ℚ) / 8192)	4	0	3
segment	4606	((12777 : ℚ) / 8192)	((6389 : ℚ) / 4096)	4	0	3
segment	4607	((6389 : ℚ) / 4096)	((12779 : ℚ) / 8192)	4	0	3
segment	4608	((12779 : ℚ) / 8192)	((3195 : ℚ) / 2048)	4	0	3
segment	4609	((3195 : ℚ) / 2048)	((12781 : ℚ) / 8192)	4	0	3
segment	4610	((12781 : ℚ) / 8192)	((6391 : ℚ) / 4096)	4	0	3
segment	4611	((6391 : ℚ) / 4096)	((12783 : ℚ) / 8192)	4	0	3
segment	4612	((12783 : ℚ) / 8192)	((799 : ℚ) / 512)	4	0	3
segment	4613	((799 : ℚ) / 512)	((12785 : ℚ) / 8192)	4	0	3
segment	4614	((12785 : ℚ) / 8192)	((6393 : ℚ) / 4096)	4	0	3
segment	4615	((6393 : ℚ) / 4096)	((12787 : ℚ) / 8192)	4	0	3
segment	4616	((12787 : ℚ) / 8192)	((3197 : ℚ) / 2048)	4	0	3
segment	4617	((3197 : ℚ) / 2048)	((12789 : ℚ) / 8192)	4	0	3
segment	4618	((12789 : ℚ) / 8192)	((6395 : ℚ) / 4096)	4	0	3
segment	4619	((6395 : ℚ) / 4096)	((12791 : ℚ) / 8192)	4	0	3
segment	4620	((12791 : ℚ) / 8192)	((1599 : ℚ) / 1024)	4	0	3
segment	4621	((1599 : ℚ) / 1024)	((12793 : ℚ) / 8192)	4	0	3
segment	4622	((12793 : ℚ) / 8192)	((6397 : ℚ) / 4096)	4	0	3
segment	4623	((6397 : ℚ) / 4096)	((12795 : ℚ) / 8192)	4	0	3
segment	4624	((12795 : ℚ) / 8192)	((3199 : ℚ) / 2048)	4	0	3
segment	4625	((3199 : ℚ) / 2048)	((12797 : ℚ) / 8192)	4	0	3
segment	4626	((12797 : ℚ) / 8192)	((6399 : ℚ) / 4096)	4	0	3
segment	4627	((6399 : ℚ) / 4096)	((12799 : ℚ) / 8192)	4	0	3
segment	4628	((12799 : ℚ) / 8192)	((25 : ℚ) / 16)	4	0	3
segment	4629	((25 : ℚ) / 16)	((12801 : ℚ) / 8192)	4	0	3
segment	4630	((12801 : ℚ) / 8192)	((6401 : ℚ) / 4096)	4	0	3
segment	4631	((6401 : ℚ) / 4096)	((12803 : ℚ) / 8192)	4	0	3
segment	4632	((12803 : ℚ) / 8192)	((3201 : ℚ) / 2048)	4	0	3
segment	4633	((3201 : ℚ) / 2048)	((12805 : ℚ) / 8192)	4	0	3
segment	4634	((12805 : ℚ) / 8192)	((6403 : ℚ) / 4096)	4	0	3
segment	4635	((6403 : ℚ) / 4096)	((12807 : ℚ) / 8192)	4	0	3
segment	4636	((12807 : ℚ) / 8192)	((1601 : ℚ) / 1024)	4	0	3
segment	4637	((1601 : ℚ) / 1024)	((12809 : ℚ) / 8192)	4	0	3
segment	4638	((12809 : ℚ) / 8192)	((6405 : ℚ) / 4096)	4	0	3
segment	4639	((6405 : ℚ) / 4096)	((12811 : ℚ) / 8192)	4	0	3
segment	4640	((12811 : ℚ) / 8192)	((3203 : ℚ) / 2048)	4	0	3
segment	4641	((3203 : ℚ) / 2048)	((12813 : ℚ) / 8192)	4	0	3
segment	4642	((12813 : ℚ) / 8192)	((6407 : ℚ) / 4096)	4	0	3
segment	4643	((6407 : ℚ) / 4096)	((12815 : ℚ) / 8192)	4	0	3
segment	4644	((12815 : ℚ) / 8192)	((801 : ℚ) / 512)	4	0	3
segment	4645	((801 : ℚ) / 512)	((12817 : ℚ) / 8192)	4	0	3
segment	4646	((12817 : ℚ) / 8192)	((6409 : ℚ) / 4096)	4	0	3
segment	4647	((6409 : ℚ) / 4096)	((12819 : ℚ) / 8192)	4	0	3
segment	4648	((12819 : ℚ) / 8192)	((3205 : ℚ) / 2048)	4	0	3
segment	4649	((3205 : ℚ) / 2048)	((12821 : ℚ) / 8192)	4	0	3
segment	4650	((12821 : ℚ) / 8192)	((6411 : ℚ) / 4096)	4	0	3
segment	4651	((6411 : ℚ) / 4096)	((12823 : ℚ) / 8192)	4	0	3
segment	4652	((12823 : ℚ) / 8192)	((1603 : ℚ) / 1024)	4	0	3
segment	4653	((1603 : ℚ) / 1024)	((12825 : ℚ) / 8192)	4	0	3
segment	4654	((12825 : ℚ) / 8192)	((6413 : ℚ) / 4096)	4	0	3
segment	4655	((6413 : ℚ) / 4096)	((12827 : ℚ) / 8192)	4	0	3
segment	4656	((12827 : ℚ) / 8192)	((3207 : ℚ) / 2048)	4	0	3
segment	4657	((3207 : ℚ) / 2048)	((12829 : ℚ) / 8192)	4	0	3
segment	4658	((12829 : ℚ) / 8192)	((6415 : ℚ) / 4096)	4	0	3
segment	4659	((6415 : ℚ) / 4096)	((12831 : ℚ) / 8192)	4	0	3
segment	4660	((12831 : ℚ) / 8192)	((401 : ℚ) / 256)	4	0	3
segment	4661	((401 : ℚ) / 256)	((12833 : ℚ) / 8192)	4	0	3
segment	4662	((12833 : ℚ) / 8192)	((6417 : ℚ) / 4096)	4	0	3
segment	4663	((6417 : ℚ) / 4096)	((12835 : ℚ) / 8192)	4	0	3
segment	4664	((12835 : ℚ) / 8192)	((3209 : ℚ) / 2048)	4	0	3
segment	4665	((3209 : ℚ) / 2048)	((12837 : ℚ) / 8192)	4	0	3
segment	4666	((12837 : ℚ) / 8192)	((6419 : ℚ) / 4096)	4	0	3
segment	4667	((6419 : ℚ) / 4096)	((12839 : ℚ) / 8192)	4	0	3
segment	4668	((12839 : ℚ) / 8192)	((1605 : ℚ) / 1024)	4	0	3
segment	4669	((1605 : ℚ) / 1024)	((12841 : ℚ) / 8192)	4	0	3
segment	4670	((12841 : ℚ) / 8192)	((6421 : ℚ) / 4096)	4	0	3
segment	4671	((6421 : ℚ) / 4096)	((12843 : ℚ) / 8192)	4	0	3
segment	4672	((12843 : ℚ) / 8192)	((3211 : ℚ) / 2048)	4	0	3
segment	4673	((3211 : ℚ) / 2048)	((12845 : ℚ) / 8192)	4	0	3
segment	4674	((12845 : ℚ) / 8192)	((6423 : ℚ) / 4096)	4	0	3
segment	4675	((6423 : ℚ) / 4096)	((12847 : ℚ) / 8192)	4	0	3
segment	4676	((12847 : ℚ) / 8192)	((803 : ℚ) / 512)	4	0	3
segment	4677	((803 : ℚ) / 512)	((12849 : ℚ) / 8192)	4	0	3
segment	4678	((12849 : ℚ) / 8192)	((6425 : ℚ) / 4096)	4	0	3
segment	4679	((6425 : ℚ) / 4096)	((12851 : ℚ) / 8192)	4	0	3
segment	4680	((12851 : ℚ) / 8192)	((3213 : ℚ) / 2048)	4	0	3
segment	4681	((3213 : ℚ) / 2048)	((12853 : ℚ) / 8192)	4	0	3
segment	4682	((12853 : ℚ) / 8192)	((6427 : ℚ) / 4096)	4	0	3
segment	4683	((6427 : ℚ) / 4096)	((12855 : ℚ) / 8192)	4	0	3
segment	4684	((12855 : ℚ) / 8192)	((1607 : ℚ) / 1024)	4	0	3
segment	4685	((1607 : ℚ) / 1024)	((12857 : ℚ) / 8192)	4	0	3
segment	4686	((12857 : ℚ) / 8192)	((6429 : ℚ) / 4096)	4	0	3
segment	4687	((6429 : ℚ) / 4096)	((12859 : ℚ) / 8192)	4	0	3
segment	4688	((12859 : ℚ) / 8192)	((3215 : ℚ) / 2048)	4	0	3
segment	4689	((3215 : ℚ) / 2048)	((12861 : ℚ) / 8192)	4	0	3
segment	4690	((12861 : ℚ) / 8192)	((6431 : ℚ) / 4096)	4	0	3
segment	4691	((6431 : ℚ) / 4096)	((12863 : ℚ) / 8192)	4	0	3
segment	4692	((12863 : ℚ) / 8192)	((201 : ℚ) / 128)	4	0	3
segment	4693	((201 : ℚ) / 128)	((12865 : ℚ) / 8192)	4	0	3
segment	4694	((12865 : ℚ) / 8192)	((6433 : ℚ) / 4096)	4	0	3
segment	4695	((6433 : ℚ) / 4096)	((12867 : ℚ) / 8192)	4	0	3
segment	4696	((12867 : ℚ) / 8192)	((3217 : ℚ) / 2048)	4	0	3
segment	4697	((3217 : ℚ) / 2048)	((12869 : ℚ) / 8192)	4	0	3
segment	4698	((12869 : ℚ) / 8192)	((6435 : ℚ) / 4096)	4	0	3
segment	4699	((6435 : ℚ) / 4096)	((12871 : ℚ) / 8192)	4	0	3
segment	4700	((12871 : ℚ) / 8192)	((1609 : ℚ) / 1024)	4	0	3
segment	4701	((1609 : ℚ) / 1024)	((12873 : ℚ) / 8192)	4	0	3
segment	4702	((12873 : ℚ) / 8192)	((6437 : ℚ) / 4096)	4	0	3
segment	4703	((6437 : ℚ) / 4096)	((12875 : ℚ) / 8192)	4	0	3
segment	4704	((12875 : ℚ) / 8192)	((3219 : ℚ) / 2048)	4	0	3
segment	4705	((3219 : ℚ) / 2048)	((12877 : ℚ) / 8192)	4	0	3
segment	4706	((12877 : ℚ) / 8192)	((6439 : ℚ) / 4096)	4	0	3
segment	4707	((6439 : ℚ) / 4096)	((12879 : ℚ) / 8192)	4	0	3
segment	4708	((12879 : ℚ) / 8192)	((805 : ℚ) / 512)	4	0	3
segment	4709	((805 : ℚ) / 512)	((12881 : ℚ) / 8192)	4	0	3
segment	4710	((12881 : ℚ) / 8192)	((6441 : ℚ) / 4096)	4	0	3
segment	4711	((6441 : ℚ) / 4096)	((12883 : ℚ) / 8192)	4	0	3
segment	4712	((12883 : ℚ) / 8192)	((3221 : ℚ) / 2048)	4	0	3
segment	4713	((3221 : ℚ) / 2048)	((12885 : ℚ) / 8192)	4	0	3
segment	4714	((12885 : ℚ) / 8192)	((6443 : ℚ) / 4096)	4	0	3
segment	4715	((6443 : ℚ) / 4096)	((12887 : ℚ) / 8192)	4	0	3
segment	4716	((12887 : ℚ) / 8192)	((1611 : ℚ) / 1024)	4	0	3
segment	4717	((1611 : ℚ) / 1024)	((12889 : ℚ) / 8192)	4	0	3
segment	4718	((12889 : ℚ) / 8192)	((6445 : ℚ) / 4096)	4	0	3
segment	4719	((6445 : ℚ) / 4096)	((12891 : ℚ) / 8192)	4	0	3
segment	4720	((12891 : ℚ) / 8192)	((3223 : ℚ) / 2048)	4	0	3
segment	4721	((3223 : ℚ) / 2048)	((12893 : ℚ) / 8192)	4	0	3
segment	4722	((12893 : ℚ) / 8192)	((6447 : ℚ) / 4096)	4	0	3
segment	4723	((6447 : ℚ) / 4096)	((12895 : ℚ) / 8192)	4	0	3
segment	4724	((12895 : ℚ) / 8192)	((403 : ℚ) / 256)	4	0	3
segment	4725	((403 : ℚ) / 256)	((12897 : ℚ) / 8192)	4	0	3
segment	4726	((12897 : ℚ) / 8192)	((6449 : ℚ) / 4096)	4	0	3
segment	4727	((6449 : ℚ) / 4096)	((12899 : ℚ) / 8192)	4	0	3
segment	4728	((12899 : ℚ) / 8192)	((3225 : ℚ) / 2048)	4	0	3
segment	4729	((3225 : ℚ) / 2048)	((12901 : ℚ) / 8192)	4	0	3
segment	4730	((12901 : ℚ) / 8192)	((6451 : ℚ) / 4096)	4	0	3
segment	4731	((6451 : ℚ) / 4096)	((12903 : ℚ) / 8192)	4	0	3
segment	4732	((12903 : ℚ) / 8192)	((1613 : ℚ) / 1024)	4	0	3
segment	4733	((1613 : ℚ) / 1024)	((12905 : ℚ) / 8192)	4	0	3
segment	4734	((12905 : ℚ) / 8192)	((6453 : ℚ) / 4096)	4	0	3
segment	4735	((6453 : ℚ) / 4096)	((12907 : ℚ) / 8192)	4	0	3
segment	4736	((12907 : ℚ) / 8192)	((3227 : ℚ) / 2048)	4	0	3
segment	4737	((3227 : ℚ) / 2048)	((12909 : ℚ) / 8192)	4	0	3
segment	4738	((12909 : ℚ) / 8192)	((6455 : ℚ) / 4096)	4	0	3
segment	4739	((6455 : ℚ) / 4096)	((12911 : ℚ) / 8192)	4	0	3
segment	4740	((12911 : ℚ) / 8192)	((807 : ℚ) / 512)	4	0	3
segment	4741	((807 : ℚ) / 512)	((12913 : ℚ) / 8192)	4	0	3
segment	4742	((12913 : ℚ) / 8192)	((6457 : ℚ) / 4096)	4	0	3
segment	4743	((6457 : ℚ) / 4096)	((12915 : ℚ) / 8192)	4	0	3
segment	4744	((12915 : ℚ) / 8192)	((3229 : ℚ) / 2048)	4	0	3
segment	4745	((3229 : ℚ) / 2048)	((12917 : ℚ) / 8192)	4	0	3
segment	4746	((12917 : ℚ) / 8192)	((6459 : ℚ) / 4096)	4	0	3
segment	4747	((6459 : ℚ) / 4096)	((12919 : ℚ) / 8192)	4	0	3
segment	4748	((12919 : ℚ) / 8192)	((1615 : ℚ) / 1024)	4	0	3
segment	4749	((1615 : ℚ) / 1024)	((12921 : ℚ) / 8192)	4	0	3
segment	4750	((12921 : ℚ) / 8192)	((6461 : ℚ) / 4096)	4	0	3
segment	4751	((6461 : ℚ) / 4096)	((12923 : ℚ) / 8192)	4	0	3
segment	4752	((12923 : ℚ) / 8192)	((3231 : ℚ) / 2048)	4	0	3
segment	4753	((3231 : ℚ) / 2048)	((12925 : ℚ) / 8192)	4	0	3
segment	4754	((12925 : ℚ) / 8192)	((6463 : ℚ) / 4096)	4	0	3
segment	4755	((6463 : ℚ) / 4096)	((12927 : ℚ) / 8192)	4	0	3
segment	4756	((12927 : ℚ) / 8192)	((101 : ℚ) / 64)	4	0	3
segment	4757	((101 : ℚ) / 64)	((12929 : ℚ) / 8192)	4	0	3
segment	4758	((12929 : ℚ) / 8192)	((6465 : ℚ) / 4096)	4	0	3
segment	4759	((6465 : ℚ) / 4096)	((12931 : ℚ) / 8192)	4	0	3
segment	4760	((12931 : ℚ) / 8192)	((3233 : ℚ) / 2048)	4	0	3
segment	4761	((3233 : ℚ) / 2048)	((12933 : ℚ) / 8192)	4	0	3
segment	4762	((12933 : ℚ) / 8192)	((6467 : ℚ) / 4096)	4	0	3
segment	4763	((6467 : ℚ) / 4096)	((12935 : ℚ) / 8192)	4	0	3
segment	4764	((12935 : ℚ) / 8192)	((1617 : ℚ) / 1024)	4	0	3
segment	4765	((1617 : ℚ) / 1024)	((12937 : ℚ) / 8192)	4	0	3
segment	4766	((12937 : ℚ) / 8192)	((6469 : ℚ) / 4096)	4	0	3
segment	4767	((6469 : ℚ) / 4096)	((12939 : ℚ) / 8192)	4	0	3
segment	4768	((12939 : ℚ) / 8192)	((3235 : ℚ) / 2048)	4	0	3
segment	4769	((3235 : ℚ) / 2048)	((12941 : ℚ) / 8192)	4	0	3
segment	4770	((12941 : ℚ) / 8192)	((6471 : ℚ) / 4096)	4	0	3
segment	4771	((6471 : ℚ) / 4096)	((12943 : ℚ) / 8192)	4	0	3
segment	4772	((12943 : ℚ) / 8192)	((809 : ℚ) / 512)	4	0	3
segment	4773	((809 : ℚ) / 512)	((12945 : ℚ) / 8192)	4	0	3
segment	4774	((12945 : ℚ) / 8192)	((6473 : ℚ) / 4096)	4	0	3
segment	4775	((6473 : ℚ) / 4096)	((12947 : ℚ) / 8192)	4	0	3
segment	4776	((12947 : ℚ) / 8192)	((3237 : ℚ) / 2048)	4	0	3
segment	4777	((3237 : ℚ) / 2048)	((12949 : ℚ) / 8192)	4	0	3
segment	4778	((12949 : ℚ) / 8192)	((6475 : ℚ) / 4096)	4	0	3
segment	4779	((6475 : ℚ) / 4096)	((12951 : ℚ) / 8192)	4	0	3
segment	4780	((12951 : ℚ) / 8192)	((1619 : ℚ) / 1024)	4	0	3
segment	4781	((1619 : ℚ) / 1024)	((12953 : ℚ) / 8192)	4	0	3
segment	4782	((12953 : ℚ) / 8192)	((6477 : ℚ) / 4096)	4	0	3
segment	4783	((6477 : ℚ) / 4096)	((12955 : ℚ) / 8192)	4	0	3
segment	4784	((12955 : ℚ) / 8192)	((3239 : ℚ) / 2048)	4	0	3
segment	4785	((3239 : ℚ) / 2048)	((12957 : ℚ) / 8192)	4	0	3
segment	4786	((12957 : ℚ) / 8192)	((6479 : ℚ) / 4096)	4	0	3
segment	4787	((6479 : ℚ) / 4096)	((12959 : ℚ) / 8192)	4	0	3
segment	4788	((12959 : ℚ) / 8192)	((405 : ℚ) / 256)	4	0	3
segment	4789	((405 : ℚ) / 256)	((12961 : ℚ) / 8192)	4	0	3
segment	4790	((12961 : ℚ) / 8192)	((6481 : ℚ) / 4096)	4	0	3
segment	4791	((6481 : ℚ) / 4096)	((12963 : ℚ) / 8192)	4	0	3
segment	4792	((12963 : ℚ) / 8192)	((3241 : ℚ) / 2048)	4	0	3
segment	4793	((3241 : ℚ) / 2048)	((12965 : ℚ) / 8192)	4	0	3
segment	4794	((12965 : ℚ) / 8192)	((6483 : ℚ) / 4096)	4	0	3
segment	4795	((6483 : ℚ) / 4096)	((12967 : ℚ) / 8192)	4	0	3
segment	4796	((12967 : ℚ) / 8192)	((1621 : ℚ) / 1024)	4	0	3
segment	4797	((1621 : ℚ) / 1024)	((12969 : ℚ) / 8192)	4	0	3
segment	4798	((12969 : ℚ) / 8192)	((6485 : ℚ) / 4096)	4	0	3
segment	4799	((6485 : ℚ) / 4096)	((12971 : ℚ) / 8192)	4	0	3
segment	4800	((12971 : ℚ) / 8192)	((3243 : ℚ) / 2048)	4	0	3
segment	4801	((3243 : ℚ) / 2048)	((12973 : ℚ) / 8192)	4	0	3
segment	4802	((12973 : ℚ) / 8192)	((6487 : ℚ) / 4096)	4	0	3
segment	4803	((6487 : ℚ) / 4096)	((12975 : ℚ) / 8192)	4	0	3
segment	4804	((12975 : ℚ) / 8192)	((811 : ℚ) / 512)	4	0	3
segment	4805	((811 : ℚ) / 512)	((12977 : ℚ) / 8192)	4	0	3
segment	4806	((12977 : ℚ) / 8192)	((6489 : ℚ) / 4096)	4	0	3
segment	4807	((6489 : ℚ) / 4096)	((12979 : ℚ) / 8192)	4	0	3
segment	4808	((12979 : ℚ) / 8192)	((3245 : ℚ) / 2048)	4	0	3
segment	4809	((3245 : ℚ) / 2048)	((12981 : ℚ) / 8192)	4	0	3
segment	4810	((12981 : ℚ) / 8192)	((6491 : ℚ) / 4096)	4	0	3
segment	4811	((6491 : ℚ) / 4096)	((12983 : ℚ) / 8192)	4	0	3
segment	4812	((12983 : ℚ) / 8192)	((1623 : ℚ) / 1024)	4	0	3
segment	4813	((1623 : ℚ) / 1024)	((12985 : ℚ) / 8192)	4	0	3
segment	4814	((12985 : ℚ) / 8192)	((6493 : ℚ) / 4096)	4	0	3
segment	4815	((6493 : ℚ) / 4096)	((12987 : ℚ) / 8192)	4	0	3
segment	4816	((12987 : ℚ) / 8192)	((3247 : ℚ) / 2048)	4	0	3
segment	4817	((3247 : ℚ) / 2048)	((12989 : ℚ) / 8192)	4	0	3
segment	4818	((12989 : ℚ) / 8192)	((6495 : ℚ) / 4096)	4	0	3
segment	4819	((6495 : ℚ) / 4096)	((12991 : ℚ) / 8192)	4	0	3
segment	4820	((12991 : ℚ) / 8192)	((203 : ℚ) / 128)	4	0	3
segment	4821	((203 : ℚ) / 128)	((12993 : ℚ) / 8192)	4	0	3
segment	4822	((12993 : ℚ) / 8192)	((6497 : ℚ) / 4096)	4	0	3
segment	4823	((6497 : ℚ) / 4096)	((12995 : ℚ) / 8192)	4	0	3
segment	4824	((12995 : ℚ) / 8192)	((3249 : ℚ) / 2048)	4	0	3
segment	4825	((3249 : ℚ) / 2048)	((12997 : ℚ) / 8192)	4	0	3
segment	4826	((12997 : ℚ) / 8192)	((6499 : ℚ) / 4096)	4	0	3
segment	4827	((6499 : ℚ) / 4096)	((12999 : ℚ) / 8192)	4	0	3
segment	4828	((12999 : ℚ) / 8192)	((1625 : ℚ) / 1024)	4	0	3
segment	4829	((1625 : ℚ) / 1024)	((13001 : ℚ) / 8192)	4	0	3
segment	4830	((13001 : ℚ) / 8192)	((6501 : ℚ) / 4096)	4	0	3
segment	4831	((6501 : ℚ) / 4096)	((13003 : ℚ) / 8192)	4	0	3
segment	4832	((13003 : ℚ) / 8192)	((3251 : ℚ) / 2048)	4	0	3
segment	4833	((3251 : ℚ) / 2048)	((13005 : ℚ) / 8192)	4	0	3
segment	4834	((13005 : ℚ) / 8192)	((6503 : ℚ) / 4096)	4	0	3
segment	4835	((6503 : ℚ) / 4096)	((13007 : ℚ) / 8192)	4	0	3
segment	4836	((13007 : ℚ) / 8192)	((813 : ℚ) / 512)	4	0	3
segment	4837	((813 : ℚ) / 512)	((13009 : ℚ) / 8192)	4	0	3
segment	4838	((13009 : ℚ) / 8192)	((6505 : ℚ) / 4096)	4	0	3
segment	4839	((6505 : ℚ) / 4096)	((13011 : ℚ) / 8192)	4	0	3
segment	4840	((13011 : ℚ) / 8192)	((3253 : ℚ) / 2048)	4	0	3
segment	4841	((3253 : ℚ) / 2048)	((13013 : ℚ) / 8192)	4	0	3
segment	4842	((13013 : ℚ) / 8192)	((6507 : ℚ) / 4096)	4	0	3
segment	4843	((6507 : ℚ) / 4096)	((13015 : ℚ) / 8192)	4	0	3
segment	4844	((13015 : ℚ) / 8192)	((1627 : ℚ) / 1024)	4	0	3
segment	4845	((1627 : ℚ) / 1024)	((13017 : ℚ) / 8192)	4	0	3
segment	4846	((13017 : ℚ) / 8192)	((6509 : ℚ) / 4096)	4	0	3
segment	4847	((6509 : ℚ) / 4096)	((13019 : ℚ) / 8192)	4	0	3
segment	4848	((13019 : ℚ) / 8192)	((3255 : ℚ) / 2048)	4	0	3
segment	4849	((3255 : ℚ) / 2048)	((13021 : ℚ) / 8192)	4	0	3
segment	4850	((13021 : ℚ) / 8192)	((6511 : ℚ) / 4096)	4	0	3
segment	4851	((6511 : ℚ) / 4096)	((13023 : ℚ) / 8192)	4	0	3
segment	4852	((13023 : ℚ) / 8192)	((407 : ℚ) / 256)	4	0	3
segment	4853	((407 : ℚ) / 256)	((13025 : ℚ) / 8192)	4	0	3
segment	4854	((13025 : ℚ) / 8192)	((6513 : ℚ) / 4096)	4	0	3
segment	4855	((6513 : ℚ) / 4096)	((13027 : ℚ) / 8192)	4	0	3
segment	4856	((13027 : ℚ) / 8192)	((3257 : ℚ) / 2048)	4	0	3
segment	4857	((3257 : ℚ) / 2048)	((13029 : ℚ) / 8192)	4	0	3
segment	4858	((13029 : ℚ) / 8192)	((6515 : ℚ) / 4096)	4	0	3
segment	4859	((6515 : ℚ) / 4096)	((13031 : ℚ) / 8192)	4	0	3
segment	4860	((13031 : ℚ) / 8192)	((1629 : ℚ) / 1024)	4	0	3
segment	4861	((1629 : ℚ) / 1024)	((13033 : ℚ) / 8192)	4	0	3
segment	4862	((13033 : ℚ) / 8192)	((6517 : ℚ) / 4096)	4	0	3
segment	4863	((6517 : ℚ) / 4096)	((13035 : ℚ) / 8192)	4	0	3
segment	4864	((13035 : ℚ) / 8192)	((3259 : ℚ) / 2048)	4	0	3
segment	4865	((3259 : ℚ) / 2048)	((13037 : ℚ) / 8192)	4	0	3
segment	4866	((13037 : ℚ) / 8192)	((6519 : ℚ) / 4096)	4	0	3
segment	4867	((6519 : ℚ) / 4096)	((13039 : ℚ) / 8192)	4	0	3
segment	4868	((13039 : ℚ) / 8192)	((815 : ℚ) / 512)	4	0	3
segment	4869	((815 : ℚ) / 512)	((13041 : ℚ) / 8192)	4	0	3
segment	4870	((13041 : ℚ) / 8192)	((6521 : ℚ) / 4096)	4	0	3
segment	4871	((6521 : ℚ) / 4096)	((13043 : ℚ) / 8192)	4	0	3
segment	4872	((13043 : ℚ) / 8192)	((3261 : ℚ) / 2048)	4	0	3
segment	4873	((3261 : ℚ) / 2048)	((13045 : ℚ) / 8192)	4	0	3
segment	4874	((13045 : ℚ) / 8192)	((6523 : ℚ) / 4096)	4	0	3
segment	4875	((6523 : ℚ) / 4096)	((13047 : ℚ) / 8192)	4	0	3
segment	4876	((13047 : ℚ) / 8192)	((1631 : ℚ) / 1024)	4	0	3
segment	4877	((1631 : ℚ) / 1024)	((13049 : ℚ) / 8192)	4	0	3
segment	4878	((13049 : ℚ) / 8192)	((6525 : ℚ) / 4096)	4	0	3
segment	4879	((6525 : ℚ) / 4096)	((13051 : ℚ) / 8192)	4	0	3
segment	4880	((13051 : ℚ) / 8192)	((3263 : ℚ) / 2048)	4	0	3
segment	4881	((3263 : ℚ) / 2048)	((13053 : ℚ) / 8192)	4	0	3
segment	4882	((13053 : ℚ) / 8192)	((6527 : ℚ) / 4096)	4	0	3
segment	4883	((6527 : ℚ) / 4096)	((13055 : ℚ) / 8192)	4	0	3
segment	4884	((13055 : ℚ) / 8192)	((51 : ℚ) / 32)	4	0	3
segment	4885	((51 : ℚ) / 32)	((13057 : ℚ) / 8192)	4	0	3
segment	4886	((13057 : ℚ) / 8192)	((6529 : ℚ) / 4096)	4	0	3
segment	4887	((6529 : ℚ) / 4096)	((13059 : ℚ) / 8192)	4	0	3
segment	4888	((13059 : ℚ) / 8192)	((3265 : ℚ) / 2048)	4	0	3
segment	4889	((3265 : ℚ) / 2048)	((13061 : ℚ) / 8192)	4	0	3
segment	4890	((13061 : ℚ) / 8192)	((6531 : ℚ) / 4096)	4	0	3
segment	4891	((6531 : ℚ) / 4096)	((13063 : ℚ) / 8192)	4	0	3
segment	4892	((13063 : ℚ) / 8192)	((1633 : ℚ) / 1024)	4	0	3
segment	4893	((1633 : ℚ) / 1024)	((13065 : ℚ) / 8192)	4	0	3
segment	4894	((13065 : ℚ) / 8192)	((6533 : ℚ) / 4096)	4	0	3
segment	4895	((6533 : ℚ) / 4096)	((13067 : ℚ) / 8192)	4	0	3
segment	4896	((13067 : ℚ) / 8192)	((3267 : ℚ) / 2048)	4	0	3
segment	4897	((3267 : ℚ) / 2048)	((13069 : ℚ) / 8192)	4	0	3
segment	4898	((13069 : ℚ) / 8192)	((6535 : ℚ) / 4096)	4	0	3
segment	4899	((6535 : ℚ) / 4096)	((13071 : ℚ) / 8192)	4	0	3
segment	4900	((13071 : ℚ) / 8192)	((817 : ℚ) / 512)	4	0	3
segment	4901	((817 : ℚ) / 512)	((13073 : ℚ) / 8192)	4	0	3
segment	4902	((13073 : ℚ) / 8192)	((6537 : ℚ) / 4096)	4	0	3
segment	4903	((6537 : ℚ) / 4096)	((13075 : ℚ) / 8192)	4	0	3
segment	4904	((13075 : ℚ) / 8192)	((3269 : ℚ) / 2048)	4	0	3
segment	4905	((3269 : ℚ) / 2048)	((13077 : ℚ) / 8192)	4	0	3
segment	4906	((13077 : ℚ) / 8192)	((6539 : ℚ) / 4096)	4	0	3
segment	4907	((6539 : ℚ) / 4096)	((13079 : ℚ) / 8192)	4	0	3
segment	4908	((13079 : ℚ) / 8192)	((1635 : ℚ) / 1024)	4	0	3
segment	4909	((1635 : ℚ) / 1024)	((13081 : ℚ) / 8192)	4	0	3
segment	4910	((13081 : ℚ) / 8192)	((6541 : ℚ) / 4096)	4	0	3
segment	4911	((6541 : ℚ) / 4096)	((13083 : ℚ) / 8192)	4	0	3
segment	4912	((13083 : ℚ) / 8192)	((3271 : ℚ) / 2048)	4	0	3
segment	4913	((3271 : ℚ) / 2048)	((13085 : ℚ) / 8192)	4	0	3
segment	4914	((13085 : ℚ) / 8192)	((6543 : ℚ) / 4096)	4	0	3
segment	4915	((6543 : ℚ) / 4096)	((13087 : ℚ) / 8192)	4	0	3
segment	4916	((13087 : ℚ) / 8192)	((409 : ℚ) / 256)	4	0	3
segment	4917	((409 : ℚ) / 256)	((13089 : ℚ) / 8192)	4	0	3
segment	4918	((13089 : ℚ) / 8192)	((6545 : ℚ) / 4096)	4	0	3
segment	4919	((6545 : ℚ) / 4096)	((13091 : ℚ) / 8192)	4	0	3
segment	4920	((13091 : ℚ) / 8192)	((3273 : ℚ) / 2048)	4	0	3
segment	4921	((3273 : ℚ) / 2048)	((13093 : ℚ) / 8192)	4	0	3
segment	4922	((13093 : ℚ) / 8192)	((6547 : ℚ) / 4096)	4	0	3
segment	4923	((6547 : ℚ) / 4096)	((13095 : ℚ) / 8192)	4	0	3
segment	4924	((13095 : ℚ) / 8192)	((1637 : ℚ) / 1024)	4	0	3
segment	4925	((1637 : ℚ) / 1024)	((13097 : ℚ) / 8192)	4	0	3
segment	4926	((13097 : ℚ) / 8192)	((6549 : ℚ) / 4096)	4	0	3
segment	4927	((6549 : ℚ) / 4096)	((13099 : ℚ) / 8192)	4	0	3
segment	4928	((13099 : ℚ) / 8192)	((3275 : ℚ) / 2048)	4	0	3
segment	4929	((3275 : ℚ) / 2048)	((13101 : ℚ) / 8192)	4	0	3
segment	4930	((13101 : ℚ) / 8192)	((6551 : ℚ) / 4096)	4	0	3
segment	4931	((6551 : ℚ) / 4096)	((13103 : ℚ) / 8192)	4	0	3
segment	4932	((13103 : ℚ) / 8192)	((819 : ℚ) / 512)	4	0	3
segment	4933	((819 : ℚ) / 512)	((13105 : ℚ) / 8192)	4	0	3
segment	4934	((13105 : ℚ) / 8192)	((6553 : ℚ) / 4096)	4	0	3
segment	4935	((6553 : ℚ) / 4096)	((13107 : ℚ) / 8192)	4	0	3
segment	4936	((13107 : ℚ) / 8192)	((3277 : ℚ) / 2048)	4	0	3
segment	4937	((3277 : ℚ) / 2048)	((13109 : ℚ) / 8192)	4	0	3
segment	4938	((13109 : ℚ) / 8192)	((6555 : ℚ) / 4096)	4	0	3
segment	4939	((6555 : ℚ) / 4096)	((13111 : ℚ) / 8192)	4	0	3
segment	4940	((13111 : ℚ) / 8192)	((1639 : ℚ) / 1024)	4	0	1
segment	4941	((1639 : ℚ) / 1024)	((6557 : ℚ) / 4096)	5	0	3
segment	4942	((6557 : ℚ) / 4096)	((3279 : ℚ) / 2048)	5	0	3
segment	4943	((3279 : ℚ) / 2048)	((6559 : ℚ) / 4096)	5	0	3
segment	4944	((6559 : ℚ) / 4096)	((205 : ℚ) / 128)	5	0	3
segment	4945	((205 : ℚ) / 128)	((6561 : ℚ) / 4096)	5	0	3
segment	4946	((6561 : ℚ) / 4096)	((3281 : ℚ) / 2048)	5	0	1
segment	4947	((3281 : ℚ) / 2048)	((1641 : ℚ) / 1024)	6	0	3
segment	4948	((1641 : ℚ) / 1024)	((3283 : ℚ) / 2048)	6	0	3
segment	4949	((3283 : ℚ) / 2048)	((821 : ℚ) / 512)	6	0	3
segment	4950	((821 : ℚ) / 512)	((3285 : ℚ) / 2048)	6	0	3
segment	4951	((3285 : ℚ) / 2048)	((1643 : ℚ) / 1024)	6	0	1
segment	4952	((1643 : ℚ) / 1024)	((411 : ℚ) / 256)	7	0	3
segment	4953	((411 : ℚ) / 256)	((1645 : ℚ) / 1024)	7	0	3
segment	4954	((1645 : ℚ) / 1024)	((823 : ℚ) / 512)	7	0	3
segment	4955	((823 : ℚ) / 512)	((103 : ℚ) / 64)	8	0	3
segment	4956	((103 : ℚ) / 64)	((825 : ℚ) / 512)	8	0	3
segment	4957	((825 : ℚ) / 512)	((413 : ℚ) / 256)	8	0	3
segment	4958	((413 : ℚ) / 256)	((827 : ℚ) / 512)	8	0	3
segment	4959	((827 : ℚ) / 512)	((207 : ℚ) / 128)	8	0	3
segment	4960	((207 : ℚ) / 128)	((829 : ℚ) / 512)	8	0	3
segment	4961	((829 : ℚ) / 512)	((1659 : ℚ) / 1024)	7	0	3
segment	4962	((1659 : ℚ) / 1024)	((415 : ℚ) / 256)	7	0	3
segment	4963	((415 : ℚ) / 256)	((3321 : ℚ) / 2048)	6	0	1
segment	4964	((3321 : ℚ) / 2048)	((1661 : ℚ) / 1024)	6	0	3
segment	4965	((1661 : ℚ) / 1024)	((3323 : ℚ) / 2048)	6	0	3
segment	4966	((3323 : ℚ) / 2048)	((831 : ℚ) / 512)	6	0	3
segment	4967	((831 : ℚ) / 512)	((6649 : ℚ) / 4096)	5	0	3
segment	4968	((6649 : ℚ) / 4096)	((3325 : ℚ) / 2048)	5	0	3
segment	4969	((3325 : ℚ) / 2048)	((6651 : ℚ) / 4096)	5	0	3
segment	4970	((6651 : ℚ) / 4096)	((13303 : ℚ) / 8192)	4	0	3
segment	4971	((13303 : ℚ) / 8192)	((1663 : ℚ) / 1024)	4	0	3
segment	4972	((1663 : ℚ) / 1024)	((26609 : ℚ) / 16384)	3	0	1
segment	4973	((26609 : ℚ) / 16384)	((13305 : ℚ) / 8192)	3	0	3
segment	4974	((13305 : ℚ) / 8192)	((26611 : ℚ) / 16384)	3	0	3
segment	4975	((26611 : ℚ) / 16384)	((106445 : ℚ) / 65536)	1	0	1
segment	4976	((106445 : ℚ) / 65536)	((53223 : ℚ) / 32768)	1	42685265222	3
segment	4977	((53223 : ℚ) / 32768)	((106447 : ℚ) / 65536)	1	1017959764194	3
segment	4978	((106447 : ℚ) / 65536)	((6653 : ℚ) / 4096)	1	2342704819385	1
segment	4979	((6653 : ℚ) / 4096)	((53225 : ℚ) / 32768)	2	9454049905914	3
segment	4980	((53225 : ℚ) / 32768)	((26613 : ℚ) / 16384)	2	15610116394999	1
segment	4981	((26613 : ℚ) / 16384)	((13307 : ℚ) / 8192)	3	48735744452084	3
segment	4982	((13307 : ℚ) / 8192)	((3327 : ℚ) / 2048)	4	161081370655435	3
segment	4983	((3327 : ℚ) / 2048)	((13309 : ℚ) / 8192)	4	234167936471544	3
segment	4984	((13309 : ℚ) / 8192)	((6655 : ℚ) / 4096)	4	294033513182206	3
segment	4985	((6655 : ℚ) / 4096)	((13311 : ℚ) / 8192)	4	341635966924750	3
segment	4986	((13311 : ℚ) / 8192)	((13 : ℚ) / 8)	4	377914517431746	3
segment	4987	((13 : ℚ) / 8)	((13313 : ℚ) / 8192)	4	403787296698295	3
segment	4988	((13313 : ℚ) / 8192)	((6657 : ℚ) / 4096)	4	420149078315950	1
segment	4989	((6657 : ℚ) / 4096)	((3329 : ℚ) / 2048)	5	855658741488312	3
segment	4990	((3329 : ℚ) / 2048)	((13317 : ℚ) / 8192)	4	420723049104546	1
segment	4991	((13317 : ℚ) / 8192)	((6659 : ℚ) / 4096)	4	407451835166295	3
segment	4992	((6659 : ℚ) / 4096)	((13319 : ℚ) / 8192)	4	388726066960477	3
segment	4993	((13319 : ℚ) / 8192)	((1665 : ℚ) / 1024)	4	365262676312504	3
segment	4994	((1665 : ℚ) / 1024)	((13321 : ℚ) / 8192)	4	337744371202048	3
segment	4995	((13321 : ℚ) / 8192)	((6661 : ℚ) / 4096)	4	306818811433251	3
segment	4996	((6661 : ℚ) / 4096)	((13323 : ℚ) / 8192)	4	273097962274003	3
segment	4997	((13323 : ℚ) / 8192)	((3331 : ℚ) / 2048)	4	237157623031373	3
segment	4998	((3331 : ℚ) / 2048)	((13325 : ℚ) / 8192)	4	199537126659187	3
segment	4999	((13325 : ℚ) / 8192)	((6663 : ℚ) / 4096)	4	160739205821129	3
segment	5000	((6663 : ℚ) / 4096)	((13327 : ℚ) / 8192)	4	121230020193964	3
segment	5001	((13327 : ℚ) / 8192)	((26655 : ℚ) / 16384)	3	45695299356137	3
segment	5002	((26655 : ℚ) / 16384)	((833 : ℚ) / 512)	3	35744040172053	3
segment	5003	((833 : ℚ) / 512)	((26657 : ℚ) / 16384)	3	25818829291969	3
segment	5004	((26657 : ℚ) / 16384)	((53315 : ℚ) / 32768)	2	9201749797789	1
segment	5005	((53315 : ℚ) / 32768)	((13329 : ℚ) / 8192)	2	6740295222065	3
segment	5006	((13329 : ℚ) / 8192)	((53317 : ℚ) / 32768)	2	4288210106311	3
segment	5007	((53317 : ℚ) / 32768)	((106635 : ℚ) / 65536)	1	1227847105105	1
segment	5008	((106635 : ℚ) / 65536)	((26659 : ℚ) / 16384)	1	618909528835	3
segment	5009	((26659 : ℚ) / 16384)	((106637 : ℚ) / 65536)	1	360871416875	3
segment	5010	((106637 : ℚ) / 65536)	((53319 : ℚ) / 32768)	1	0	3
segment	5011	((53319 : ℚ) / 32768)	((6665 : ℚ) / 4096)	2	0	3
segment	5012	((6665 : ℚ) / 4096)	((53321 : ℚ) / 32768)	2	0	3
segment	5013	((53321 : ℚ) / 32768)	((26661 : ℚ) / 16384)	2	0	1
segment	5014	((26661 : ℚ) / 16384)	((13331 : ℚ) / 8192)	3	0	3
segment	5015	((13331 : ℚ) / 8192)	((26663 : ℚ) / 16384)	3	0	3
segment	5016	((26663 : ℚ) / 16384)	((3333 : ℚ) / 2048)	3	0	3
segment	5017	((3333 : ℚ) / 2048)	((26665 : ℚ) / 16384)	3	0	3
segment	5018	((26665 : ℚ) / 16384)	((13333 : ℚ) / 8192)	3	0	1
segment	5019	((13333 : ℚ) / 8192)	((6667 : ℚ) / 4096)	4	0	3
segment	5020	((6667 : ℚ) / 4096)	((13335 : ℚ) / 8192)	4	0	3
segment	5021	((13335 : ℚ) / 8192)	((1667 : ℚ) / 1024)	4	0	3
segment	5022	((1667 : ℚ) / 1024)	((13337 : ℚ) / 8192)	4	0	3
segment	5023	((13337 : ℚ) / 8192)	((6669 : ℚ) / 4096)	4	0	3
segment	5024	((6669 : ℚ) / 4096)	((13339 : ℚ) / 8192)	4	0	3
segment	5025	((13339 : ℚ) / 8192)	((3335 : ℚ) / 2048)	4	0	3
segment	5026	((3335 : ℚ) / 2048)	((13341 : ℚ) / 8192)	4	0	3
segment	5027	((13341 : ℚ) / 8192)	((6671 : ℚ) / 4096)	4	0	3
segment	5028	((6671 : ℚ) / 4096)	((13343 : ℚ) / 8192)	4	0	3
segment	5029	((13343 : ℚ) / 8192)	((417 : ℚ) / 256)	4	0	3
segment	5030	((417 : ℚ) / 256)	((13345 : ℚ) / 8192)	4	0	3
segment	5031	((13345 : ℚ) / 8192)	((6673 : ℚ) / 4096)	4	0	3
segment	5032	((6673 : ℚ) / 4096)	((13347 : ℚ) / 8192)	4	0	3
segment	5033	((13347 : ℚ) / 8192)	((3337 : ℚ) / 2048)	4	0	3
segment	5034	((3337 : ℚ) / 2048)	((6675 : ℚ) / 4096)	5	0	3
segment	5035	((6675 : ℚ) / 4096)	((13351 : ℚ) / 8192)	4	0	3
segment	5036	((13351 : ℚ) / 8192)	((1669 : ℚ) / 1024)	4	0	3
segment	5037	((1669 : ℚ) / 1024)	((13353 : ℚ) / 8192)	4	0	3
segment	5038	((13353 : ℚ) / 8192)	((6677 : ℚ) / 4096)	4	0	3
segment	5039	((6677 : ℚ) / 4096)	((13355 : ℚ) / 8192)	4	0	3
segment	5040	((13355 : ℚ) / 8192)	((3339 : ℚ) / 2048)	4	0	3
segment	5041	((3339 : ℚ) / 2048)	((13357 : ℚ) / 8192)	4	0	3
segment	5042	((13357 : ℚ) / 8192)	((6679 : ℚ) / 4096)	4	0	3
segment	5043	((6679 : ℚ) / 4096)	((13359 : ℚ) / 8192)	4	0	3
segment	5044	((13359 : ℚ) / 8192)	((835 : ℚ) / 512)	4	0	3
segment	5045	((835 : ℚ) / 512)	((13361 : ℚ) / 8192)	4	0	3
segment	5046	((13361 : ℚ) / 8192)	((6681 : ℚ) / 4096)	4	0	3
segment	5047	((6681 : ℚ) / 4096)	((13363 : ℚ) / 8192)	4	0	3
segment	5048	((13363 : ℚ) / 8192)	((3341 : ℚ) / 2048)	4	0	3
segment	5049	((3341 : ℚ) / 2048)	((13365 : ℚ) / 8192)	4	0	3
segment	5050	((13365 : ℚ) / 8192)	((6683 : ℚ) / 4096)	4	0	3
segment	5051	((6683 : ℚ) / 4096)	((13367 : ℚ) / 8192)	4	0	3
segment	5052	((13367 : ℚ) / 8192)	((1671 : ℚ) / 1024)	4	0	3
segment	5053	((1671 : ℚ) / 1024)	((13369 : ℚ) / 8192)	4	0	3
segment	5054	((13369 : ℚ) / 8192)	((6685 : ℚ) / 4096)	4	0	3
segment	5055	((6685 : ℚ) / 4096)	((13371 : ℚ) / 8192)	4	0	3
segment	5056	((13371 : ℚ) / 8192)	((3343 : ℚ) / 2048)	4	0	3
segment	5057	((3343 : ℚ) / 2048)	((13373 : ℚ) / 8192)	4	0	3
segment	5058	((13373 : ℚ) / 8192)	((6687 : ℚ) / 4096)	4	0	3
segment	5059	((6687 : ℚ) / 4096)	((13375 : ℚ) / 8192)	4	0	3
segment	5060	((13375 : ℚ) / 8192)	((209 : ℚ) / 128)	4	0	3
segment	5061	((209 : ℚ) / 128)	((13377 : ℚ) / 8192)	4	0	3
segment	5062	((13377 : ℚ) / 8192)	((6689 : ℚ) / 4096)	4	0	3
segment	5063	((6689 : ℚ) / 4096)	((13379 : ℚ) / 8192)	4	0	3
segment	5064	((13379 : ℚ) / 8192)	((3345 : ℚ) / 2048)	4	0	3
segment	5065	((3345 : ℚ) / 2048)	((13381 : ℚ) / 8192)	4	0	3
segment	5066	((13381 : ℚ) / 8192)	((6691 : ℚ) / 4096)	4	0	3
segment	5067	((6691 : ℚ) / 4096)	((13383 : ℚ) / 8192)	4	0	3
segment	5068	((13383 : ℚ) / 8192)	((1673 : ℚ) / 1024)	4	0	3
segment	5069	((1673 : ℚ) / 1024)	((13385 : ℚ) / 8192)	4	0	3
segment	5070	((13385 : ℚ) / 8192)	((6693 : ℚ) / 4096)	4	0	3
segment	5071	((6693 : ℚ) / 4096)	((13387 : ℚ) / 8192)	4	0	3
segment	5072	((13387 : ℚ) / 8192)	((3347 : ℚ) / 2048)	4	0	3
segment	5073	((3347 : ℚ) / 2048)	((13389 : ℚ) / 8192)	4	0	3
segment	5074	((13389 : ℚ) / 8192)	((6695 : ℚ) / 4096)	4	0	3
segment	5075	((6695 : ℚ) / 4096)	((13391 : ℚ) / 8192)	4	0	3
segment	5076	((13391 : ℚ) / 8192)	((837 : ℚ) / 512)	4	0	3
segment	5077	((837 : ℚ) / 512)	((13393 : ℚ) / 8192)	4	0	3
segment	5078	((13393 : ℚ) / 8192)	((6697 : ℚ) / 4096)	4	0	3
segment	5079	((6697 : ℚ) / 4096)	((13395 : ℚ) / 8192)	4	0	3
segment	5080	((13395 : ℚ) / 8192)	((3349 : ℚ) / 2048)	4	0	3
segment	5081	((3349 : ℚ) / 2048)	((13397 : ℚ) / 8192)	4	0	3
segment	5082	((13397 : ℚ) / 8192)	((6699 : ℚ) / 4096)	4	0	3
segment	5083	((6699 : ℚ) / 4096)	((13399 : ℚ) / 8192)	4	0	3
segment	5084	((13399 : ℚ) / 8192)	((1675 : ℚ) / 1024)	4	0	3
segment	5085	((1675 : ℚ) / 1024)	((13401 : ℚ) / 8192)	4	0	3
segment	5086	((13401 : ℚ) / 8192)	((6701 : ℚ) / 4096)	4	0	3
segment	5087	((6701 : ℚ) / 4096)	((13403 : ℚ) / 8192)	4	0	3
segment	5088	((13403 : ℚ) / 8192)	((3351 : ℚ) / 2048)	4	0	3
segment	5089	((3351 : ℚ) / 2048)	((13405 : ℚ) / 8192)	4	0	3
segment	5090	((13405 : ℚ) / 8192)	((6703 : ℚ) / 4096)	4	0	3
segment	5091	((6703 : ℚ) / 4096)	((13407 : ℚ) / 8192)	4	0	3
segment	5092	((13407 : ℚ) / 8192)	((419 : ℚ) / 256)	4	0	3
segment	5093	((419 : ℚ) / 256)	((13409 : ℚ) / 8192)	4	0	3
segment	5094	((13409 : ℚ) / 8192)	((6705 : ℚ) / 4096)	4	0	3
segment	5095	((6705 : ℚ) / 4096)	((13411 : ℚ) / 8192)	4	0	3
segment	5096	((13411 : ℚ) / 8192)	((3353 : ℚ) / 2048)	4	0	3
segment	5097	((3353 : ℚ) / 2048)	((13413 : ℚ) / 8192)	4	0	3
segment	5098	((13413 : ℚ) / 8192)	((6707 : ℚ) / 4096)	4	0	3
segment	5099	((6707 : ℚ) / 4096)	((13415 : ℚ) / 8192)	4	0	3
segment	5100	((13415 : ℚ) / 8192)	((1677 : ℚ) / 1024)	4	0	3
segment	5101	((1677 : ℚ) / 1024)	((13417 : ℚ) / 8192)	4	0	3
segment	5102	((13417 : ℚ) / 8192)	((6709 : ℚ) / 4096)	4	0	3
segment	5103	((6709 : ℚ) / 4096)	((13419 : ℚ) / 8192)	4	0	3
segment	5104	((13419 : ℚ) / 8192)	((3355 : ℚ) / 2048)	4	0	3
segment	5105	((3355 : ℚ) / 2048)	((13421 : ℚ) / 8192)	4	0	3
segment	5106	((13421 : ℚ) / 8192)	((6711 : ℚ) / 4096)	4	0	3
segment	5107	((6711 : ℚ) / 4096)	((13423 : ℚ) / 8192)	4	0	3
segment	5108	((13423 : ℚ) / 8192)	((839 : ℚ) / 512)	4	0	3
segment	5109	((839 : ℚ) / 512)	((13425 : ℚ) / 8192)	4	0	3
segment	5110	((13425 : ℚ) / 8192)	((6713 : ℚ) / 4096)	4	0	3
segment	5111	((6713 : ℚ) / 4096)	((13427 : ℚ) / 8192)	4	0	3
segment	5112	((13427 : ℚ) / 8192)	((3357 : ℚ) / 2048)	4	0	3
segment	5113	((3357 : ℚ) / 2048)	((13429 : ℚ) / 8192)	4	0	3
segment	5114	((13429 : ℚ) / 8192)	((6715 : ℚ) / 4096)	4	0	3
segment	5115	((6715 : ℚ) / 4096)	((13431 : ℚ) / 8192)	4	0	3
segment	5116	((13431 : ℚ) / 8192)	((1679 : ℚ) / 1024)	4	0	3
segment	5117	((1679 : ℚ) / 1024)	((13433 : ℚ) / 8192)	4	0	3
segment	5118	((13433 : ℚ) / 8192)	((6717 : ℚ) / 4096)	4	0	3
segment	5119	((6717 : ℚ) / 4096)	((13435 : ℚ) / 8192)	4	0	3
segment	5120	((13435 : ℚ) / 8192)	((3359 : ℚ) / 2048)	4	0	3
segment	5121	((3359 : ℚ) / 2048)	((13437 : ℚ) / 8192)	4	0	3
segment	5122	((13437 : ℚ) / 8192)	((6719 : ℚ) / 4096)	4	0	3
segment	5123	((6719 : ℚ) / 4096)	((13439 : ℚ) / 8192)	4	0	3
segment	5124	((13439 : ℚ) / 8192)	((105 : ℚ) / 64)	4	0	3
segment	5125	((105 : ℚ) / 64)	((13441 : ℚ) / 8192)	4	0	3
segment	5126	((13441 : ℚ) / 8192)	((6721 : ℚ) / 4096)	4	0	3
segment	5127	((6721 : ℚ) / 4096)	((13443 : ℚ) / 8192)	4	0	3
segment	5128	((13443 : ℚ) / 8192)	((3361 : ℚ) / 2048)	4	0	3
segment	5129	((3361 : ℚ) / 2048)	((13445 : ℚ) / 8192)	4	0	3
segment	5130	((13445 : ℚ) / 8192)	((6723 : ℚ) / 4096)	4	0	3
segment	5131	((6723 : ℚ) / 4096)	((13447 : ℚ) / 8192)	4	0	3
segment	5132	((13447 : ℚ) / 8192)	((1681 : ℚ) / 1024)	4	0	3
segment	5133	((1681 : ℚ) / 1024)	((13449 : ℚ) / 8192)	4	0	3
segment	5134	((13449 : ℚ) / 8192)	((6725 : ℚ) / 4096)	4	0	3
segment	5135	((6725 : ℚ) / 4096)	((13451 : ℚ) / 8192)	4	0	3
segment	5136	((13451 : ℚ) / 8192)	((3363 : ℚ) / 2048)	4	0	3
segment	5137	((3363 : ℚ) / 2048)	((13453 : ℚ) / 8192)	4	0	3
segment	5138	((13453 : ℚ) / 8192)	((6727 : ℚ) / 4096)	4	0	3
segment	5139	((6727 : ℚ) / 4096)	((13455 : ℚ) / 8192)	4	0	3
segment	5140	((13455 : ℚ) / 8192)	((841 : ℚ) / 512)	4	0	3
segment	5141	((841 : ℚ) / 512)	((13457 : ℚ) / 8192)	4	0	3
segment	5142	((13457 : ℚ) / 8192)	((6729 : ℚ) / 4096)	4	0	3
segment	5143	((6729 : ℚ) / 4096)	((13459 : ℚ) / 8192)	4	0	3
segment	5144	((13459 : ℚ) / 8192)	((3365 : ℚ) / 2048)	4	0	3
segment	5145	((3365 : ℚ) / 2048)	((13461 : ℚ) / 8192)	4	0	3
segment	5146	((13461 : ℚ) / 8192)	((6731 : ℚ) / 4096)	4	0	3
segment	5147	((6731 : ℚ) / 4096)	((13463 : ℚ) / 8192)	4	0	3
segment	5148	((13463 : ℚ) / 8192)	((1683 : ℚ) / 1024)	4	0	3
segment	5149	((1683 : ℚ) / 1024)	((13465 : ℚ) / 8192)	4	0	3
segment	5150	((13465 : ℚ) / 8192)	((6733 : ℚ) / 4096)	4	0	3
segment	5151	((6733 : ℚ) / 4096)	((13467 : ℚ) / 8192)	4	0	3
segment	5152	((13467 : ℚ) / 8192)	((3367 : ℚ) / 2048)	4	0	3
segment	5153	((3367 : ℚ) / 2048)	((13469 : ℚ) / 8192)	4	0	3
segment	5154	((13469 : ℚ) / 8192)	((6735 : ℚ) / 4096)	4	0	3
segment	5155	((6735 : ℚ) / 4096)	((13471 : ℚ) / 8192)	4	0	3
segment	5156	((13471 : ℚ) / 8192)	((421 : ℚ) / 256)	4	0	3
segment	5157	((421 : ℚ) / 256)	((13473 : ℚ) / 8192)	4	0	3
segment	5158	((13473 : ℚ) / 8192)	((6737 : ℚ) / 4096)	4	0	3
segment	5159	((6737 : ℚ) / 4096)	((13475 : ℚ) / 8192)	4	0	3
segment	5160	((13475 : ℚ) / 8192)	((3369 : ℚ) / 2048)	4	0	3
segment	5161	((3369 : ℚ) / 2048)	((13477 : ℚ) / 8192)	4	0	3
segment	5162	((13477 : ℚ) / 8192)	((6739 : ℚ) / 4096)	4	0	3
segment	5163	((6739 : ℚ) / 4096)	((13479 : ℚ) / 8192)	4	0	3
segment	5164	((13479 : ℚ) / 8192)	((1685 : ℚ) / 1024)	4	0	3
segment	5165	((1685 : ℚ) / 1024)	((13481 : ℚ) / 8192)	4	0	3
segment	5166	((13481 : ℚ) / 8192)	((6741 : ℚ) / 4096)	4	0	3
segment	5167	((6741 : ℚ) / 4096)	((13483 : ℚ) / 8192)	4	0	3
segment	5168	((13483 : ℚ) / 8192)	((3371 : ℚ) / 2048)	4	0	3
segment	5169	((3371 : ℚ) / 2048)	((13485 : ℚ) / 8192)	4	0	3
segment	5170	((13485 : ℚ) / 8192)	((6743 : ℚ) / 4096)	4	0	3
segment	5171	((6743 : ℚ) / 4096)	((13487 : ℚ) / 8192)	4	0	3
segment	5172	((13487 : ℚ) / 8192)	((843 : ℚ) / 512)	4	0	3
segment	5173	((843 : ℚ) / 512)	((13489 : ℚ) / 8192)	4	0	3
segment	5174	((13489 : ℚ) / 8192)	((6745 : ℚ) / 4096)	4	0	3
segment	5175	((6745 : ℚ) / 4096)	((13491 : ℚ) / 8192)	4	0	3
segment	5176	((13491 : ℚ) / 8192)	((3373 : ℚ) / 2048)	4	0	3
segment	5177	((3373 : ℚ) / 2048)	((13493 : ℚ) / 8192)	4	0	3
segment	5178	((13493 : ℚ) / 8192)	((6747 : ℚ) / 4096)	4	0	3
segment	5179	((6747 : ℚ) / 4096)	((13495 : ℚ) / 8192)	4	0	3
segment	5180	((13495 : ℚ) / 8192)	((1687 : ℚ) / 1024)	4	0	3
segment	5181	((1687 : ℚ) / 1024)	((13497 : ℚ) / 8192)	4	0	3
segment	5182	((13497 : ℚ) / 8192)	((6749 : ℚ) / 4096)	4	0	3
segment	5183	((6749 : ℚ) / 4096)	((13499 : ℚ) / 8192)	4	0	3
segment	5184	((13499 : ℚ) / 8192)	((3375 : ℚ) / 2048)	4	0	3
segment	5185	((3375 : ℚ) / 2048)	((13501 : ℚ) / 8192)	4	0	3
segment	5186	((13501 : ℚ) / 8192)	((6751 : ℚ) / 4096)	4	0	3
segment	5187	((6751 : ℚ) / 4096)	((13503 : ℚ) / 8192)	4	0	3
segment	5188	((13503 : ℚ) / 8192)	((211 : ℚ) / 128)	4	0	3
segment	5189	((211 : ℚ) / 128)	((13505 : ℚ) / 8192)	4	0	3
segment	5190	((13505 : ℚ) / 8192)	((6753 : ℚ) / 4096)	4	0	3
segment	5191	((6753 : ℚ) / 4096)	((13507 : ℚ) / 8192)	4	0	3
segment	5192	((13507 : ℚ) / 8192)	((3377 : ℚ) / 2048)	4	0	3
segment	5193	((3377 : ℚ) / 2048)	((13509 : ℚ) / 8192)	4	0	3
segment	5194	((13509 : ℚ) / 8192)	((6755 : ℚ) / 4096)	4	0	3
segment	5195	((6755 : ℚ) / 4096)	((13511 : ℚ) / 8192)	4	0	3
segment	5196	((13511 : ℚ) / 8192)	((1689 : ℚ) / 1024)	4	0	3
segment	5197	((1689 : ℚ) / 1024)	((13513 : ℚ) / 8192)	4	0	3
segment	5198	((13513 : ℚ) / 8192)	((6757 : ℚ) / 4096)	4	0	3
segment	5199	((6757 : ℚ) / 4096)	((13515 : ℚ) / 8192)	4	0	3
segment	5200	((13515 : ℚ) / 8192)	((3379 : ℚ) / 2048)	4	0	3
segment	5201	((3379 : ℚ) / 2048)	((13517 : ℚ) / 8192)	4	0	3
segment	5202	((13517 : ℚ) / 8192)	((6759 : ℚ) / 4096)	4	0	3
segment	5203	((6759 : ℚ) / 4096)	((13519 : ℚ) / 8192)	4	0	3
segment	5204	((13519 : ℚ) / 8192)	((845 : ℚ) / 512)	4	0	3
segment	5205	((845 : ℚ) / 512)	((13521 : ℚ) / 8192)	4	0	3
segment	5206	((13521 : ℚ) / 8192)	((6761 : ℚ) / 4096)	4	0	3
segment	5207	((6761 : ℚ) / 4096)	((13523 : ℚ) / 8192)	4	0	3
segment	5208	((13523 : ℚ) / 8192)	((3381 : ℚ) / 2048)	4	0	3
segment	5209	((3381 : ℚ) / 2048)	((13525 : ℚ) / 8192)	4	0	3
segment	5210	((13525 : ℚ) / 8192)	((6763 : ℚ) / 4096)	4	0	3
segment	5211	((6763 : ℚ) / 4096)	((13527 : ℚ) / 8192)	4	0	3
segment	5212	((13527 : ℚ) / 8192)	((1691 : ℚ) / 1024)	4	0	3
segment	5213	((1691 : ℚ) / 1024)	((13529 : ℚ) / 8192)	4	0	3
segment	5214	((13529 : ℚ) / 8192)	((6765 : ℚ) / 4096)	4	0	3
segment	5215	((6765 : ℚ) / 4096)	((13531 : ℚ) / 8192)	4	0	3
segment	5216	((13531 : ℚ) / 8192)	((3383 : ℚ) / 2048)	4	0	3
segment	5217	((3383 : ℚ) / 2048)	((13533 : ℚ) / 8192)	4	0	3
segment	5218	((13533 : ℚ) / 8192)	((6767 : ℚ) / 4096)	4	0	3
segment	5219	((6767 : ℚ) / 4096)	((13535 : ℚ) / 8192)	4	0	3
segment	5220	((13535 : ℚ) / 8192)	((423 : ℚ) / 256)	4	0	3
segment	5221	((423 : ℚ) / 256)	((13537 : ℚ) / 8192)	4	0	3
segment	5222	((13537 : ℚ) / 8192)	((6769 : ℚ) / 4096)	4	0	3
segment	5223	((6769 : ℚ) / 4096)	((13539 : ℚ) / 8192)	4	0	3
segment	5224	((13539 : ℚ) / 8192)	((3385 : ℚ) / 2048)	4	0	3
segment	5225	((3385 : ℚ) / 2048)	((13541 : ℚ) / 8192)	4	0	3
segment	5226	((13541 : ℚ) / 8192)	((6771 : ℚ) / 4096)	4	0	3
segment	5227	((6771 : ℚ) / 4096)	((13543 : ℚ) / 8192)	4	0	3
segment	5228	((13543 : ℚ) / 8192)	((1693 : ℚ) / 1024)	4	0	3
segment	5229	((1693 : ℚ) / 1024)	((13545 : ℚ) / 8192)	4	0	3
segment	5230	((13545 : ℚ) / 8192)	((6773 : ℚ) / 4096)	4	0	3
segment	5231	((6773 : ℚ) / 4096)	((13547 : ℚ) / 8192)	4	0	3
segment	5232	((13547 : ℚ) / 8192)	((3387 : ℚ) / 2048)	4	0	3
segment	5233	((3387 : ℚ) / 2048)	((13549 : ℚ) / 8192)	4	0	3
segment	5234	((13549 : ℚ) / 8192)	((6775 : ℚ) / 4096)	4	0	3
segment	5235	((6775 : ℚ) / 4096)	((13551 : ℚ) / 8192)	4	0	3
segment	5236	((13551 : ℚ) / 8192)	((847 : ℚ) / 512)	4	0	3
segment	5237	((847 : ℚ) / 512)	((13553 : ℚ) / 8192)	4	0	3
segment	5238	((13553 : ℚ) / 8192)	((6777 : ℚ) / 4096)	4	0	3
segment	5239	((6777 : ℚ) / 4096)	((13555 : ℚ) / 8192)	4	0	3
segment	5240	((13555 : ℚ) / 8192)	((3389 : ℚ) / 2048)	4	0	3
segment	5241	((3389 : ℚ) / 2048)	((13557 : ℚ) / 8192)	4	0	3
segment	5242	((13557 : ℚ) / 8192)	((6779 : ℚ) / 4096)	4	0	3
segment	5243	((6779 : ℚ) / 4096)	((13559 : ℚ) / 8192)	4	0	3
segment	5244	((13559 : ℚ) / 8192)	((1695 : ℚ) / 1024)	4	0	3
segment	5245	((1695 : ℚ) / 1024)	((13561 : ℚ) / 8192)	4	0	3
segment	5246	((13561 : ℚ) / 8192)	((6781 : ℚ) / 4096)	4	0	3
segment	5247	((6781 : ℚ) / 4096)	((13563 : ℚ) / 8192)	4	0	3
segment	5248	((13563 : ℚ) / 8192)	((3391 : ℚ) / 2048)	4	0	3
segment	5249	((3391 : ℚ) / 2048)	((13565 : ℚ) / 8192)	4	0	3
segment	5250	((13565 : ℚ) / 8192)	((6783 : ℚ) / 4096)	4	0	3
segment	5251	((6783 : ℚ) / 4096)	((13567 : ℚ) / 8192)	4	0	3
segment	5252	((13567 : ℚ) / 8192)	((53 : ℚ) / 32)	4	0	3
segment	5253	((53 : ℚ) / 32)	((13569 : ℚ) / 8192)	4	0	3
segment	5254	((13569 : ℚ) / 8192)	((6785 : ℚ) / 4096)	4	0	3
segment	5255	((6785 : ℚ) / 4096)	((13571 : ℚ) / 8192)	4	0	3
segment	5256	((13571 : ℚ) / 8192)	((3393 : ℚ) / 2048)	4	0	3
segment	5257	((3393 : ℚ) / 2048)	((13573 : ℚ) / 8192)	4	0	3
segment	5258	((13573 : ℚ) / 8192)	((6787 : ℚ) / 4096)	4	0	3
segment	5259	((6787 : ℚ) / 4096)	((13575 : ℚ) / 8192)	4	0	3
segment	5260	((13575 : ℚ) / 8192)	((1697 : ℚ) / 1024)	4	0	3
segment	5261	((1697 : ℚ) / 1024)	((13577 : ℚ) / 8192)	4	0	3
segment	5262	((13577 : ℚ) / 8192)	((6789 : ℚ) / 4096)	4	0	3
segment	5263	((6789 : ℚ) / 4096)	((13579 : ℚ) / 8192)	4	0	3
segment	5264	((13579 : ℚ) / 8192)	((3395 : ℚ) / 2048)	4	0	3
segment	5265	((3395 : ℚ) / 2048)	((13581 : ℚ) / 8192)	4	0	3
segment	5266	((13581 : ℚ) / 8192)	((6791 : ℚ) / 4096)	4	0	3
segment	5267	((6791 : ℚ) / 4096)	((13583 : ℚ) / 8192)	4	0	3
segment	5268	((13583 : ℚ) / 8192)	((849 : ℚ) / 512)	4	0	3
segment	5269	((849 : ℚ) / 512)	((13585 : ℚ) / 8192)	4	0	3
segment	5270	((13585 : ℚ) / 8192)	((6793 : ℚ) / 4096)	4	0	3
segment	5271	((6793 : ℚ) / 4096)	((13587 : ℚ) / 8192)	4	0	3
segment	5272	((13587 : ℚ) / 8192)	((3397 : ℚ) / 2048)	4	0	3
segment	5273	((3397 : ℚ) / 2048)	((13589 : ℚ) / 8192)	4	0	3
segment	5274	((13589 : ℚ) / 8192)	((6795 : ℚ) / 4096)	4	0	3
segment	5275	((6795 : ℚ) / 4096)	((13591 : ℚ) / 8192)	4	0	3
segment	5276	((13591 : ℚ) / 8192)	((1699 : ℚ) / 1024)	4	0	3
segment	5277	((1699 : ℚ) / 1024)	((13593 : ℚ) / 8192)	4	0	3
segment	5278	((13593 : ℚ) / 8192)	((6797 : ℚ) / 4096)	4	0	3
segment	5279	((6797 : ℚ) / 4096)	((13595 : ℚ) / 8192)	4	0	3
segment	5280	((13595 : ℚ) / 8192)	((3399 : ℚ) / 2048)	4	0	3
segment	5281	((3399 : ℚ) / 2048)	((13597 : ℚ) / 8192)	4	0	3
segment	5282	((13597 : ℚ) / 8192)	((6799 : ℚ) / 4096)	4	0	3
segment	5283	((6799 : ℚ) / 4096)	((13599 : ℚ) / 8192)	4	0	3
segment	5284	((13599 : ℚ) / 8192)	((425 : ℚ) / 256)	4	0	3
segment	5285	((425 : ℚ) / 256)	((13601 : ℚ) / 8192)	4	0	3
segment	5286	((13601 : ℚ) / 8192)	((6801 : ℚ) / 4096)	4	0	3
segment	5287	((6801 : ℚ) / 4096)	((13603 : ℚ) / 8192)	4	0	3
segment	5288	((13603 : ℚ) / 8192)	((3401 : ℚ) / 2048)	4	0	3
segment	5289	((3401 : ℚ) / 2048)	((13605 : ℚ) / 8192)	4	0	3
segment	5290	((13605 : ℚ) / 8192)	((6803 : ℚ) / 4096)	4	0	3
segment	5291	((6803 : ℚ) / 4096)	((13607 : ℚ) / 8192)	4	0	3
segment	5292	((13607 : ℚ) / 8192)	((1701 : ℚ) / 1024)	4	0	3
segment	5293	((1701 : ℚ) / 1024)	((13609 : ℚ) / 8192)	4	0	3
segment	5294	((13609 : ℚ) / 8192)	((6805 : ℚ) / 4096)	4	0	3
segment	5295	((6805 : ℚ) / 4096)	((13611 : ℚ) / 8192)	4	0	3
segment	5296	((13611 : ℚ) / 8192)	((3403 : ℚ) / 2048)	4	0	3
segment	5297	((3403 : ℚ) / 2048)	((13613 : ℚ) / 8192)	4	0	3
segment	5298	((13613 : ℚ) / 8192)	((6807 : ℚ) / 4096)	4	0	3
segment	5299	((6807 : ℚ) / 4096)	((13615 : ℚ) / 8192)	4	0	3
segment	5300	((13615 : ℚ) / 8192)	((851 : ℚ) / 512)	4	0	3
segment	5301	((851 : ℚ) / 512)	((27233 : ℚ) / 16384)	3	0	1
segment	5302	((27233 : ℚ) / 16384)	((13617 : ℚ) / 8192)	3	0	3
segment	5303	((13617 : ℚ) / 8192)	((27235 : ℚ) / 16384)	3	0	3
segment	5304	((27235 : ℚ) / 16384)	((6809 : ℚ) / 4096)	3	0	3
segment	5305	((6809 : ℚ) / 4096)	((27237 : ℚ) / 16384)	3	0	3
segment	5306	((27237 : ℚ) / 16384)	((13619 : ℚ) / 8192)	3	0	3
segment	5307	((13619 : ℚ) / 8192)	((27239 : ℚ) / 16384)	3	0	3
segment	5308	((27239 : ℚ) / 16384)	((3405 : ℚ) / 2048)	3	0	1
segment	5309	((3405 : ℚ) / 2048)	((13621 : ℚ) / 8192)	4	0	3
segment	5310	((13621 : ℚ) / 8192)	((6811 : ℚ) / 4096)	4	0	3
segment	5311	((6811 : ℚ) / 4096)	((13623 : ℚ) / 8192)	4	0	3
segment	5312	((13623 : ℚ) / 8192)	((1703 : ℚ) / 1024)	4	0	3
segment	5313	((1703 : ℚ) / 1024)	((13625 : ℚ) / 8192)	4	0	3
segment	5314	((13625 : ℚ) / 8192)	((6813 : ℚ) / 4096)	4	0	3
segment	5315	((6813 : ℚ) / 4096)	((13627 : ℚ) / 8192)	4	0	3
segment	5316	((13627 : ℚ) / 8192)	((3407 : ℚ) / 2048)	4	0	3
segment	5317	((3407 : ℚ) / 2048)	((13629 : ℚ) / 8192)	4	0	3
segment	5318	((13629 : ℚ) / 8192)	((6815 : ℚ) / 4096)	4	0	3
segment	5319	((6815 : ℚ) / 4096)	((13631 : ℚ) / 8192)	4	0	3
segment	5320	((13631 : ℚ) / 8192)	((213 : ℚ) / 128)	4	0	3
segment	5321	((213 : ℚ) / 128)	((13633 : ℚ) / 8192)	4	0	3
segment	5322	((13633 : ℚ) / 8192)	((6817 : ℚ) / 4096)	4	0	3
segment	5323	((6817 : ℚ) / 4096)	((13635 : ℚ) / 8192)	4	0	3
segment	5324	((13635 : ℚ) / 8192)	((3409 : ℚ) / 2048)	4	0	3
segment	5325	((3409 : ℚ) / 2048)	((13637 : ℚ) / 8192)	4	0	3
segment	5326	((13637 : ℚ) / 8192)	((6819 : ℚ) / 4096)	4	0	3
segment	5327	((6819 : ℚ) / 4096)	((13639 : ℚ) / 8192)	4	0	3
segment	5328	((13639 : ℚ) / 8192)	((1705 : ℚ) / 1024)	4	0	1
segment	5329	((1705 : ℚ) / 1024)	((6821 : ℚ) / 4096)	5	0	3
segment	5330	((6821 : ℚ) / 4096)	((3411 : ℚ) / 2048)	5	0	3
segment	5331	((3411 : ℚ) / 2048)	((6823 : ℚ) / 4096)	5	0	3
segment	5332	((6823 : ℚ) / 4096)	((853 : ℚ) / 512)	5	0	3
segment	5333	((853 : ℚ) / 512)	((6825 : ℚ) / 4096)	5	0	3
segment	5334	((6825 : ℚ) / 4096)	((3413 : ℚ) / 2048)	5	0	3
segment	5335	((3413 : ℚ) / 2048)	((6827 : ℚ) / 4096)	5	0	3
segment	5336	((6827 : ℚ) / 4096)	((1707 : ℚ) / 1024)	5	0	3
segment	5337	((1707 : ℚ) / 1024)	((6829 : ℚ) / 4096)	5	0	3
segment	5338	((6829 : ℚ) / 4096)	((3415 : ℚ) / 2048)	5	0	3
segment	5339	((3415 : ℚ) / 2048)	((13661 : ℚ) / 8192)	4	0	1
segment	5340	((13661 : ℚ) / 8192)	((6831 : ℚ) / 4096)	4	0	3
segment	5341	((6831 : ℚ) / 4096)	((13663 : ℚ) / 8192)	4	0	3
segment	5342	((13663 : ℚ) / 8192)	((427 : ℚ) / 256)	4	0	3
segment	5343	((427 : ℚ) / 256)	((13665 : ℚ) / 8192)	4	0	3
segment	5344	((13665 : ℚ) / 8192)	((6833 : ℚ) / 4096)	4	0	3
segment	5345	((6833 : ℚ) / 4096)	((27333 : ℚ) / 16384)	3	0	3
segment	5346	((27333 : ℚ) / 16384)	((13667 : ℚ) / 8192)	3	0	3
segment	5347	((13667 : ℚ) / 8192)	((54669 : ℚ) / 32768)	2	0	3
segment	5348	((54669 : ℚ) / 32768)	((109339 : ℚ) / 65536)	1	0	1
segment	5349	((109339 : ℚ) / 65536)	((27335 : ℚ) / 16384)	1	261470691657	3
segment	5350	((27335 : ℚ) / 16384)	((109341 : ℚ) / 65536)	1	967083783880	3
segment	5351	((109341 : ℚ) / 65536)	((54671 : ℚ) / 32768)	1	2256078124639	1
segment	5352	((54671 : ℚ) / 32768)	((3417 : ℚ) / 2048)	2	8414092262269	3
segment	5353	((3417 : ℚ) / 2048)	((27337 : ℚ) / 16384)	3	32674777443494	3
segment	5354	((27337 : ℚ) / 16384)	((13669 : ℚ) / 8192)	3	54242435793975	3
segment	5355	((13669 : ℚ) / 8192)	((6835 : ℚ) / 4096)	4	175157337102040	3
segment	5356	((6835 : ℚ) / 4096)	((13671 : ℚ) / 8192)	4	266998325369543	3
segment	5357	((13671 : ℚ) / 8192)	((1709 : ℚ) / 1024)	4	361839660807795	3
segment	5358	((1709 : ℚ) / 1024)	((6837 : ℚ) / 4096)	5	1016673045111186	3
segment	5359	((6837 : ℚ) / 4096)	((3419 : ℚ) / 2048)	5	1413090024289781	3
segment	5360	((3419 : ℚ) / 2048)	((6839 : ℚ) / 4096)	5	1802550557702069	3
segment	5361	((6839 : ℚ) / 4096)	((855 : ℚ) / 512)	5	2166305796119137	3
segment	5362	((855 : ℚ) / 512)	((6841 : ℚ) / 4096)	5	2482273668479098	3
segment	5363	((6841 : ℚ) / 4096)	((3421 : ℚ) / 2048)	5	2724960611995760	3
segment	5364	((3421 : ℚ) / 2048)	((6843 : ℚ) / 4096)	5	2865432676227640	3
segment	5365	((6843 : ℚ) / 4096)	((1711 : ℚ) / 1024)	5	2871340303270032	3
segment	5366	((1711 : ℚ) / 1024)	((6845 : ℚ) / 4096)	5	2707000365117957	3
segment	5367	((6845 : ℚ) / 4096)	((3423 : ℚ) / 2048)	5	2333538209238576	3
segment	5368	((3423 : ℚ) / 2048)	((6847 : ℚ) / 4096)	5	1709091535857752	3
segment	5369	((6847 : ℚ) / 4096)	((13695 : ℚ) / 8192)	4	529822754887281	1
segment	5370	((13695 : ℚ) / 8192)	((107 : ℚ) / 64)	4	259254164561041	3
segment	5371	((107 : ℚ) / 64)	((54785 : ℚ) / 32768)	2	17412138531018	1
segment	5372	((54785 : ℚ) / 32768)	((109571 : ℚ) / 65536)	1	1850184574581	3
segment	5373	((109571 : ℚ) / 65536)	((27393 : ℚ) / 16384)	1	0	1
segment	5374	((27393 : ℚ) / 16384)	((13697 : ℚ) / 8192)	3	0	3
segment	5375	((13697 : ℚ) / 8192)	((6849 : ℚ) / 4096)	4	0	3
segment	5376	((6849 : ℚ) / 4096)	((3425 : ℚ) / 2048)	5	0	3
segment	5377	((3425 : ℚ) / 2048)	((6851 : ℚ) / 4096)	5	0	3
segment	5378	((6851 : ℚ) / 4096)	((1713 : ℚ) / 1024)	5	0	1
segment	5379	((1713 : ℚ) / 1024)	((3427 : ℚ) / 2048)	6	0	3
segment	5380	((3427 : ℚ) / 2048)	((857 : ℚ) / 512)	6	0	1
segment	5381	((857 : ℚ) / 512)	((1715 : ℚ) / 1024)	7	0	3
segment	5382	((1715 : ℚ) / 1024)	((429 : ℚ) / 256)	7	0	1
segment	5383	((429 : ℚ) / 256)	((859 : ℚ) / 512)	8	0	3
segment	5384	((859 : ℚ) / 512)	((215 : ℚ) / 128)	8	0	1
segment	5385	((215 : ℚ) / 128)	((431 : ℚ) / 256)	9	0	3
segment	5386	((431 : ℚ) / 256)	((27 : ℚ) / 16)	9	0	3
segment	5387	((27 : ℚ) / 16)	((217 : ℚ) / 128)	10	0	3
segment	5388	((217 : ℚ) / 128)	((109 : ℚ) / 64)	10	0	3
segment	5389	((109 : ℚ) / 64)	((219 : ℚ) / 128)	10	0	3
segment	5390	((219 : ℚ) / 128)	((55 : ℚ) / 32)	10	0	1
segment	5391	((55 : ℚ) / 32)	((111 : ℚ) / 64)	11	0	3
segment	5392	((111 : ℚ) / 64)	((7 : ℚ) / 4)	11	0	3
segment	5393	((7 : ℚ) / 4)	((113 : ℚ) / 64)	11	0	1
segment	5394	((113 : ℚ) / 64)	((57 : ℚ) / 32)	11	0	1
segment	5395	((57 : ℚ) / 32)	((115 : ℚ) / 64)	11	0	1
segment	5396	((115 : ℚ) / 64)	((29 : ℚ) / 16)	11	0	1
segment	5397	((29 : ℚ) / 16)	((117 : ℚ) / 64)	11	0	1
segment	5398	((117 : ℚ) / 64)	((59 : ℚ) / 32)	11	0	1
segment	5399	((59 : ℚ) / 32)	((119 : ℚ) / 64)	11	0	1
segment	5400	((119 : ℚ) / 64)	((15 : ℚ) / 8)	11	0	1
segment	5401	((15 : ℚ) / 8)	((121 : ℚ) / 64)	11	0	1
segment	5402	((121 : ℚ) / 64)	((61 : ℚ) / 32)	11	0	1
segment	5403	((61 : ℚ) / 32)	((123 : ℚ) / 64)	11	0	1
segment	5404	((123 : ℚ) / 64)	((31 : ℚ) / 16)	11	0	1
segment	5405	((31 : ℚ) / 16)	((125 : ℚ) / 64)	11	0	1
segment	5406	((125 : ℚ) / 64)	((63 : ℚ) / 32)	11	0	1
segment	5407	((63 : ℚ) / 32)	((127 : ℚ) / 64)	11	0	1
segment	5408	((127 : ℚ) / 64)	((2 : ℚ) / 1)	11	0	1
frontier	5409	maxnodes	3
total	604462909705633452388191	canonical	604462909705633452388191
row0s half_cells=128 depth=11 even_budget=604462909705633452388191/604462909807314587353088
